[02:17:43] [main/INFO]: Loading Minecraft 1.20.1 with Fabric Loader 0.18.2
[02:17:43] [ForkJoinPool-1-worker-1/WARN]: Mod create_pillagers_arise uses the version 118.28.GL which isn't compatible with Loader's extended semantic version format (Could not parse version number component 'GL'!), SemVer is recommended for reliably evaluating dependencies and prioritizing newer version
[02:17:44] [main/INFO]: Loading 175 mods:
	- archers 1.3.0+1.20.1
	   \-- com_github_zsoltmolnarrr_tinyconfig 2.3.2
	- architectury 9.2.14
	- azurelibarmor 2.0.14
	- bellsandwhistles 0.4.5
	- betterchunkloading 1.20.1-5.5
	- bettercombat 1.9.0+1.20.1
	- bountiful 6.0.4+1.20.1
	- cardinal-components 5.2.3
	   |-- cardinal-components-base 5.2.3
	   |-- cardinal-components-block 5.2.3
	   |-- cardinal-components-chunk 5.2.3
	   |-- cardinal-components-entity 5.2.3
	   |-- cardinal-components-item 5.2.3
	   |-- cardinal-components-level 5.2.3
	   |-- cardinal-components-scoreboard 5.2.3
	   \-- cardinal-components-world 5.2.3
	- cloth-config 11.1.136
	   \-- cloth-basic-math 0.6.1
	- combatroll 1.3.3+1.20.1
	- create 6.0.8.1+build.1744-mc1.20.1
	   |-- com_google_code_findbugs_jsr305 3.0.2
	   |-- flywheel 1.0.5+1.20.1.build.264
	   |-- milk 1.2.60
	   |    \-- dripstone_fluid_lib 3.0.2
	   |-- ponder 1.0.91
	   |    |-- com_google_code_findbugs_jsr305 3.0.2
	   |    |-- flywheel 1.0.0
	   |    \-- javax_annotation_javax_annotation-api 1.3.2
	   |-- porting_lib_accessors 2.3.13+1.20.1
	   |    \-- porting_lib_core 2.3.13+1.20.1
	   |-- porting_lib_base 2.3.13+1.20.1
	   |    |-- com_electronwill_night-config_core 3.6.6
	   |    |-- com_electronwill_night-config_toml 3.6.6
	   |    |-- porting_lib_attributes 2.3.13+1.20.1
	   |    |-- porting_lib_common 2.3.13+1.20.1
	   |    |-- porting_lib_config 2.3.13+1.20.1
	   |    |-- porting_lib_core 2.3.13+1.20.1
	   |    |-- porting_lib_fluids 2.3.13+1.20.1
	   |    |-- porting_lib_gui_utils 2.3.13+1.20.1
	   |    |-- porting_lib_lazy_registration 2.3.13+1.20.1
	   |    |-- porting_lib_mixin_extensions 2.3.13+1.20.1
	   |    \-- reach-entity-attributes 2.4.0
	   |-- porting_lib_brewing 2.3.13+1.20.1
	   |    \-- porting_lib_core 2.3.13+1.20.1
	   |-- porting_lib_client_events 2.3.13+1.20.1
	   |    \-- porting_lib_core 2.3.13+1.20.1
	   |-- porting_lib_entity 2.3.13+1.20.1
	   |    |-- porting_lib_core 2.3.13+1.20.1
	   |    \-- porting_lib_mixin_extensions 2.3.13+1.20.1
	   |-- porting_lib_extensions 2.3.13+1.20.1
	   |    |-- porting_lib_attributes 2.3.13+1.20.1
	   |    |-- porting_lib_common 2.3.13+1.20.1
	   |    |-- porting_lib_core 2.3.13+1.20.1
	   |    \-- reach-entity-attributes 2.4.0
	   |-- porting_lib_model_generators 2.3.13+1.20.1
	   |    |-- porting_lib_core 2.3.13+1.20.1
	   |    |-- porting_lib_data 2.3.13+1.20.1
	   |    \-- porting_lib_model_materials 2.3.13+1.20.1
	   |-- porting_lib_models 2.3.13+1.20.1
	   |    |-- porting_lib_core 2.3.13+1.20.1
	   |    |-- porting_lib_fluids 2.3.13+1.20.1
	   |    \-- porting_lib_model_loader 2.3.13+1.20.1
	   |-- porting_lib_networking 2.3.13+1.20.1
	   |    \-- porting_lib_core 2.3.13+1.20.1
	   |-- porting_lib_obj_loader 2.3.13+1.20.1
	   |    |-- porting_lib_core 2.3.13+1.20.1
	   |    \-- porting_lib_model_loader 2.3.13+1.20.1
	   |-- porting_lib_tags 3.0
	   |    \-- porting_lib_core 2.3.13+1.20.1
	   |-- porting_lib_tool_actions 2.3.13+1.20.1
	   |    \-- porting_lib_core 2.3.13+1.20.1
	   |-- porting_lib_transfer 2.3.13+1.20.1
	   |    |-- porting_lib_core 2.3.13+1.20.1
	   |    \-- porting_lib_fluids 2.3.13+1.20.1
	   |-- reach-entity-attributes 2.4.0
	   \-- registrate-fabric 1.3.79-MC1.20.1
	        \-- com_google_code_findbugs_jsr305 3.0.2
	- create-better-villagers 1.2.9-Fabric-1.20.1
	- create_pillagers_arise 118.28.GL
	- create_structures_arise 156.29.28
	- createbigcannons 5.11.2
	- createdeco 2.1.1-1.20.1-fabric
	- createnuclear 1.20.1
	   |-- dev_engine-room_flywheel_flywheel-fabric-api-1_20_1 1.0.5-264
	   |-- flywheel 1.0.5+1.20.1.build.264
	   |-- milk 1.2.60
	   |    \-- dripstone_fluid_lib 3.0.2
	   |-- porting_lib_accessors 2.3.13+1.20.1
	   |    \-- porting_lib_core 2.3.13+1.20.1
	   |-- porting_lib_base 2.3.13+1.20.1
	   |    |-- com_electronwill_night-config_core 3.6.6
	   |    |-- com_electronwill_night-config_toml 3.6.6
	   |    |-- porting_lib_attributes 2.3.13+1.20.1
	   |    |-- porting_lib_common 2.3.13+1.20.1
	   |    |-- porting_lib_config 2.3.13+1.20.1
	   |    |-- porting_lib_core 2.3.13+1.20.1
	   |    |-- porting_lib_fluids 2.3.13+1.20.1
	   |    |-- porting_lib_gui_utils 2.3.13+1.20.1
	   |    |-- porting_lib_lazy_registration 2.3.13+1.20.1
	   |    |-- porting_lib_mixin_extensions 2.3.13+1.20.1
	   |    \-- reach-entity-attributes 2.4.0
	   |-- porting_lib_brewing 2.3.13+1.20.1
	   |    \-- porting_lib_core 2.3.13+1.20.1
	   |-- porting_lib_client_events 2.3.13+1.20.1
	   |    \-- porting_lib_core 2.3.13+1.20.1
	   |-- porting_lib_entity 2.3.13+1.20.1
	   |    |-- porting_lib_core 2.3.13+1.20.1
	   |    \-- porting_lib_mixin_extensions 2.3.13+1.20.1
	   |-- porting_lib_extensions 2.3.13+1.20.1
	   |    |-- porting_lib_attributes 2.3.13+1.20.1
	   |    |-- porting_lib_common 2.3.13+1.20.1
	   |    |-- porting_lib_core 2.3.13+1.20.1
	   |    \-- reach-entity-attributes 2.4.0
	   |-- porting_lib_model_generators 2.3.13+1.20.1
	   |    |-- porting_lib_core 2.3.13+1.20.1
	   |    |-- porting_lib_data 2.3.13+1.20.1
	   |    \-- porting_lib_model_materials 2.3.13+1.20.1
	   |-- porting_lib_models 2.3.13+1.20.1
	   |    |-- porting_lib_core 2.3.13+1.20.1
	   |    |-- porting_lib_fluids 2.3.13+1.20.1
	   |    \-- porting_lib_model_loader 2.3.13+1.20.1
	   |-- porting_lib_networking 2.3.13+1.20.1
	   |    \-- porting_lib_core 2.3.13+1.20.1
	   |-- porting_lib_obj_loader 2.3.13+1.20.1
	   |    |-- porting_lib_core 2.3.13+1.20.1
	   |    \-- porting_lib_model_loader 2.3.13+1.20.1
	   |-- porting_lib_tags 3.0
	   |    \-- porting_lib_core 2.3.13+1.20.1
	   |-- porting_lib_tool_actions 2.3.13+1.20.1
	   |    \-- porting_lib_core 2.3.13+1.20.1
	   |-- porting_lib_transfer 2.3.13+1.20.1
	   |    |-- porting_lib_core 2.3.13+1.20.1
	   |    \-- porting_lib_fluids 2.3.13+1.20.1
	   |-- reach-entity-attributes 2.4.0
	   \-- registrate-fabric 1.3.79-MC1.20.1
	        \-- com_google_code_findbugs_jsr305 3.0.2
	- createoptimizer 1.0.1+1.20.1
	- createrailwaysnavigator 1.20.1-beta-0.8.5-C6
	   \-- dragonlib 1.20.1-2.2.24
	- createthreadedtrains 1.20.1-1.0.0
	- createtransmission 1.1.0+fabric-create6-1.20.1
	- cupboard 1.20.1-3.7
	- death_knights 1.0.0
	- delightfulcreators 1.3-1.20.x-FDR-support
	- dungeon_difficulty 2.2.1+1.20.1
	   \-- com_github_zsoltmolnarrr_tinyconfig 2.3.2
	- escalated 1.2.1
	- eternal_attributes 1.0.0
	- exposure 1.9.20
	- extrabounties 1.3.7
	- fabric-api 0.92.8+1.20.1
	   |-- fabric-api-base 0.4.32+1802ada577
	   |-- fabric-api-lookup-api-v1 1.6.37+1802ada577
	   |-- fabric-biome-api-v1 13.0.15+93aa238b77
	   |-- fabric-block-api-v1 1.0.12+1802ada577
	   |-- fabric-block-view-api-v2 1.0.3+924f046a77
	   |-- fabric-blockrenderlayer-v1 1.1.42+1802ada577
	   |-- fabric-client-tags-api-v1 1.1.3+1802ada577
	   |-- fabric-command-api-v1 1.2.35+f71b366f77
	   |-- fabric-command-api-v2 2.2.14+1802ada577
	   |-- fabric-commands-v0 0.2.52+df3654b377
	   |-- fabric-containers-v0 0.1.67+df3654b377
	   |-- fabric-content-registries-v0 4.0.13+1802ada577
	   |-- fabric-convention-tags-v1 1.5.6+1802ada577
	   |-- fabric-crash-report-info-v1 0.2.20+1802ada577
	   |-- fabric-data-attachment-api-v1 1.0.2+de0fd6d177
	   |-- fabric-data-generation-api-v1 12.3.8+1802ada577
	   |-- fabric-dimensions-v1 2.1.55+1802ada577
	   |-- fabric-entity-events-v1 1.6.1+1c78457f77
	   |-- fabric-events-interaction-v0 0.6.5+13a40c6677
	   |-- fabric-events-lifecycle-v0 0.2.64+df3654b377
	   |-- fabric-game-rule-api-v1 1.0.41+1802ada577
	   |-- fabric-item-api-v1 2.1.29+1802ada577
	   |-- fabric-item-group-api-v1 4.0.14+1802ada577
	   |-- fabric-key-binding-api-v1 1.0.38+1802ada577
	   |-- fabric-keybindings-v0 0.2.36+df3654b377
	   |-- fabric-lifecycle-events-v1 2.2.23+1802ada577
	   |-- fabric-loot-api-v2 1.2.3+1802ada577
	   |-- fabric-loot-tables-v1 1.1.47+9e7660c677
	   |-- fabric-message-api-v1 5.1.10+1802ada577
	   |-- fabric-mining-level-api-v1 2.1.52+1802ada577
	   |-- fabric-model-loading-api-v1 1.0.4+1802ada577
	   |-- fabric-models-v0 0.4.3+9386d8a777
	   |-- fabric-networking-api-v1 1.3.14+a158aa0477
	   |-- fabric-networking-v0 0.3.54+df3654b377
	   |-- fabric-object-builder-api-v1 11.1.5+e35120df77
	   |-- fabric-particles-v1 1.1.3+1802ada577
	   |-- fabric-recipe-api-v1 1.0.24+1802ada577
	   |-- fabric-registry-sync-v0 2.4.0+4c0a70e677
	   |-- fabric-renderer-api-v1 3.2.2+1802ada577
	   |-- fabric-renderer-indigo 1.5.3+85287f9f77
	   |-- fabric-renderer-registries-v1 3.2.47+df3654b377
	   |-- fabric-rendering-data-attachment-v1 0.3.39+92a0d36777
	   |-- fabric-rendering-fluids-v1 3.0.29+1802ada577
	   |-- fabric-rendering-v0 1.1.50+df3654b377
	   |-- fabric-rendering-v1 3.0.9+1802ada577
	   |-- fabric-resource-conditions-api-v1 2.3.9+1802ada577
	   |-- fabric-resource-loader-v0 0.11.12+fb82e9d777
	   |-- fabric-screen-api-v1 2.0.9+1802ada577
	   |-- fabric-screen-handler-api-v1 1.3.33+1802ada577
	   |-- fabric-sound-api-v1 1.0.14+1802ada577
	   |-- fabric-transfer-api-v1 3.3.6+8dd72ea377
	   \-- fabric-transitive-access-wideners-v1 4.3.2+1802ada577
	- fabricloader 0.18.2
	   \-- mixinextras 0.5.0
	- farmersdelight 1.20.1-1.4.3
	- ferritecore 6.0.1
	- forgeconfigapiport 8.0.3
	- gazebo 1.1.1+1.20.1
	   \-- com_github_zsoltmolnarrr_tinyconfig 2.3.2
	- java 17
	- jewelry 1.3.7+1.20.1
	   \-- com_github_zsoltmolnarrr_tinyconfig 2.3.2
	- kambrik 6.1.1+1.20.1
	- krypton 0.2.3
	   \-- com_velocitypowered_velocity-native 3.2.0-SNAPSHOT
	- lithium 0.11.4
	- minecraft 1.20.1
	- necronomicon 1.6.0
	- paladins 1.4.0+1.20.1
	   |-- com_github_zsoltmolnarrr_tinyconfig 2.3.2
	   \-- shield_api 1.0.0+1.20.1
	- player-animator 1.0.2-rc1+1.20
	- powergrid 0.5.4.1
	   |-- org_ejml_ejml-core 0.44.0
	   |-- org_ejml_ejml-ddense 0.44.0
	   |-- org_ejml_ejml-dsparse 0.44.0
	   |-- org_ejml_ejml-simple 0.44.0
	   \-- team_reborn_energy 3.0.0
	- projectile_damage 3.2.3+1.20.1
	- puffish_skills 0.17.3
	- ranged_weapon_api 1.1.4+1.20.1
	- ritchiesprojectilelib 2.1.1
	   \-- porting_lib_utility 2.1.1127+1.20
	        \-- porting_lib_gametest 2.1.1127+1.20
	- rogues 1.2.0+1.20.1
	   \-- com_github_zsoltmolnarrr_tinyconfig 2.3.2
	- roughlyenoughitems 12.1.785
	   \-- error_notifier 1.0.9
	- runes 0.9.13+1.20.1
	- spell_engine 0.15.12+1.20.1
	   \-- com_github_zsoltmolnarrr_tinyconfig 2.3.2
	- spell_power 0.12.0+1.20.1
	   \-- com_github_zsoltmolnarrr_tinyconfig 2.3.2
	- structure_pool_api 1.0+1.20.1
	- travelersbackpack 9.1.51
	   \-- reach-entity-attributes 2.4.0
	- trinkets 3.7.2
	- underground_village 1.5.2
	- valkyrienskies 2.4.11
	   |-- com_fasterxml_classmate 1.5.1
	   |-- fabric-language-kotlin 1.11.0+kotlin.2.0.0
	   |    |-- org_jetbrains_kotlin_kotlin-reflect 2.0.0
	   |    |-- org_jetbrains_kotlin_kotlin-stdlib 2.0.0
	   |    |-- org_jetbrains_kotlin_kotlin-stdlib-jdk7 2.0.0
	   |    |-- org_jetbrains_kotlin_kotlin-stdlib-jdk8 2.0.0
	   |    |-- org_jetbrains_kotlinx_atomicfu-jvm 0.24.0
	   |    |-- org_jetbrains_kotlinx_kotlinx-coroutines-core-jvm 1.8.1
	   |    |-- org_jetbrains_kotlinx_kotlinx-coroutines-jdk8 1.8.1
	   |    |-- org_jetbrains_kotlinx_kotlinx-datetime-jvm 0.6.0
	   |    |-- org_jetbrains_kotlinx_kotlinx-serialization-cbor-jvm 1.6.3
	   |    |-- org_jetbrains_kotlinx_kotlinx-serialization-core-jvm 1.6.3
	   |    \-- org_jetbrains_kotlinx_kotlinx-serialization-json-jvm 1.6.3
	   \-- mixinextras 0.5.0
	- vs_clockwork 0.5.5.2
	   |-- kelvin 1.20.1-0.5.0+b79a61b0b5
	   \-- mixinsquared 0.3.7-beta.1
	- vscarmor 1.0.1
	- wizards 1.4.1+1.20.1
	   \-- com_github_zsoltmolnarrr_tinyconfig 2.3.2
	- xaerominimap 25.3.10
	   \-- xaerolib 1.1.0
	- xaeroworldmap 1.40.11
	   \-- xaerolib 1.1.0
[02:17:45] [main/INFO]: SpongePowered MIXIN Subsystem Version=0.8.7 Source=file:/workspaces/Mins/servidor_minecraft/libraries/net/fabricmc/sponge-mixin/0.16.5+mixin.0.8.7/sponge-mixin-0.16.5+mixin.0.8.7.jar Service=Knot/Fabric Env=SERVER
[02:17:45] [main/INFO]: Compatibility level set to JAVA_17
[02:17:45] [main/WARN]: Reference map 'escalated-1.20.1-refmap.json' for escalated-common.mixins.json could not be read. If this is a development environment you can ignore this message
[02:17:45] [main/WARN]: Reference map 'gazebo-refmap.json' for gazebo.mixins.json could not be read. If this is a development environment you can ignore this message
[02:17:45] [main/WARN]: Reference map 'kelvin-common-refmap.json' for kelvin-common.mixins.json could not be read. If this is a development environment you can ignore this message
[02:17:45] [main/WARN]: Reference map 'kelvin-fabric-refmap.json' for kelvin.mixins.json could not be read. If this is a development environment you can ignore this message
[02:17:45] [main/INFO]: Loaded configuration file for Lithium: 131 options available, 3 override(s) found
[02:17:45] [main/WARN]: Error loading class: net/minecraft/class_881 (java.lang.ClassNotFoundException: net/minecraft/class_881)
[02:17:45] [main/WARN]: @Mixin target net.minecraft.class_881 was not found porting_lib_base.mixins.json:client.BoatRendererMixin from mod porting_lib_base
[02:17:45] [main/WARN]: Error loading class: net/minecraft/class_525 (java.lang.ClassNotFoundException: net/minecraft/class_525)
[02:17:45] [main/WARN]: @Mixin target net.minecraft.class_525 was not found porting_lib_base.mixins.json:client.CreateWorldScreenMixin from mod porting_lib_base
[02:17:46] [main/WARN]: Error loading class: net/minecraft/class_906 (java.lang.ClassNotFoundException: net/minecraft/class_906)
[02:17:46] [main/WARN]: @Mixin target net.minecraft.class_906 was not found porting_lib_tool_actions.mixins.json:FishingHookRendererMixin from mod porting_lib_tool_actions
[02:17:46] [main/WARN]: Force-disabling mixin 'ai.poi.PointOfInterestSetMixin' as rule 'mixin.ai.poi' (added by mods [valkyrienskies]) disables it and children
[02:17:46] [main/WARN]: Force-disabling mixin 'ai.poi.PointOfInterestStorageMixin' as rule 'mixin.ai.poi' (added by mods [valkyrienskies]) disables it and children
[02:17:46] [main/WARN]: Force-disabling mixin 'ai.poi.PointOfInterestTypesMixin' as rule 'mixin.ai.poi' (added by mods [valkyrienskies]) disables it and children
[02:17:46] [main/WARN]: Force-disabling mixin 'ai.poi.SerializingRegionBasedStorageMixin' as rule 'mixin.ai.poi' (added by mods [valkyrienskies]) disables it and children
[02:17:46] [main/WARN]: Force-disabling mixin 'ai.poi.fast_portals.PointOfInterestStorageMixin' as rule 'mixin.ai.poi' (added by mods [valkyrienskies]) disables it and children
[02:17:46] [main/WARN]: Force-disabling mixin 'ai.poi.fast_portals.PortalForcerMixin' as rule 'mixin.ai.poi' (added by mods [valkyrienskies]) disables it and children
[02:17:46] [main/WARN]: Force-disabling mixin 'ai.poi.tasks.HideInHomeTaskMixin' as rule 'mixin.ai.poi' (added by mods [valkyrienskies]) disables it and children
[02:17:46] [main/WARN]: Force-disabling mixin 'ai.poi.tasks.RaiderEntityAttackHomeGoalMixin' as rule 'mixin.ai.poi' (added by mods [valkyrienskies]) disables it and children
[02:17:46] [main/WARN]: Force-disabling mixin 'alloc.blockstate.StateMixin' as rule 'mixin.alloc.blockstate' (added by mods [ferritecore]) disables it and children
[02:17:46] [main/WARN]: Force-disabling mixin 'world.player_chunk_tick.ThreadedAnvilChunkStorageMixin' as rule 'mixin.world.player_chunk_tick' (added by mods [krypton]) disables it and children
[02:17:46] [main/WARN]: Error loading class: dan200/computercraft/client/render/CustomLecternRenderer (java.lang.ClassNotFoundException: dan200/computercraft/client/render/CustomLecternRenderer)
[02:17:46] [main/WARN]: Error loading class: dan200/computercraft/shared/peripheral/speaker/SpeakerPosition (java.lang.ClassNotFoundException: dan200/computercraft/shared/peripheral/speaker/SpeakerPosition)
[02:17:46] [main/WARN]: Error loading class: dan200/computercraft/client/sound/SpeakerSound (java.lang.ClassNotFoundException: dan200/computercraft/client/sound/SpeakerSound)
[02:17:46] [main/WARN]: Error loading class: dan200/computercraft/shared/turtle/core/TurtleBrain (java.lang.ClassNotFoundException: dan200/computercraft/shared/turtle/core/TurtleBrain)
[02:17:46] [main/WARN]: Error loading class: dan200/computercraft/shared/turtle/core/TurtleMoveCommand (java.lang.ClassNotFoundException: dan200/computercraft/shared/turtle/core/TurtleMoveCommand)
[02:17:46] [main/WARN]: Error loading class: dan200/computercraft/shared/peripheral/modem/wireless/WirelessNetwork (java.lang.ClassNotFoundException: dan200/computercraft/shared/peripheral/modem/wireless/WirelessNetwork)
[02:17:46] [main/WARN]: Error loading class: me/duquee/createutilities/blocks/voidtypes/VoidLinkBehaviour (java.lang.ClassNotFoundException: me/duquee/createutilities/blocks/voidtypes/VoidLinkBehaviour)
[02:17:46] [main/WARN]: @Mixin target me.duquee.createutilities.blocks.voidtypes.VoidLinkBehaviour was not found valkyrienskies-common.mixins.json:mod_compat.create_utilities.MixinVoidLinkBehaviour from mod valkyrienskies
[02:17:46] [main/WARN]: Error loading class: fuzs/echochest/world/level/block/entity/EchoChestBlockEntity (java.lang.ClassNotFoundException: fuzs/echochest/world/level/block/entity/EchoChestBlockEntity)
[02:17:46] [main/WARN]: Error loading class: fuzs/echochest/world/level/block/entity/EchoChestListener (java.lang.ClassNotFoundException: fuzs/echochest/world/level/block/entity/EchoChestListener)
[02:17:46] [main/WARN]: Error loading class: dev/ftb/mods/ftbchunks/data/ClaimedChunkManagerImpl (java.lang.ClassNotFoundException: dev/ftb/mods/ftbchunks/data/ClaimedChunkManagerImpl)
[02:17:46] [main/WARN]: Error loading class: at/petrak/hexcasting/client/render/HexAdditionalRenderers (java.lang.ClassNotFoundException: at/petrak/hexcasting/client/render/HexAdditionalRenderers)
[02:17:46] [main/WARN]: Error loading class: at/petrak/hexcasting/common/casting/actions/raycast/OpEntityRaycast (java.lang.ClassNotFoundException: at/petrak/hexcasting/common/casting/actions/raycast/OpEntityRaycast)
[02:17:46] [main/WARN]: Error loading class: at/petrak/hexcasting/common/casting/actions/spells/great/OpTeleport (java.lang.ClassNotFoundException: at/petrak/hexcasting/common/casting/actions/spells/great/OpTeleport)
[02:17:46] [main/WARN]: @Mixin target at.petrak.hexcasting.common.casting.actions.spells.great.OpTeleport was not found valkyrienskies-common.mixins.json:mod_compat.hexcasting.MixinOpTeleport from mod valkyrienskies
[02:17:46] [main/WARN]: Error loading class: at/petrak/hexcasting/common/casting/actions/spells/great/OpTeleport$Spell (java.lang.ClassNotFoundException: at/petrak/hexcasting/common/casting/actions/spells/great/OpTeleport$Spell)
[02:17:46] [main/WARN]: @Mixin target at.petrak.hexcasting.common.casting.actions.spells.great.OpTeleport$Spell was not found valkyrienskies-common.mixins.json:mod_compat.hexcasting.MixinOpTeleport$Spell from mod valkyrienskies
[02:17:46] [main/WARN]: Error loading class: net/beholderface/ephemera/casting/patterns/link/OpNetworkTeleport (java.lang.ClassNotFoundException: net/beholderface/ephemera/casting/patterns/link/OpNetworkTeleport)
[02:17:46] [main/WARN]: Error loading class: ram/talia/hexal/common/casting/actions/spells/link/OpLink (java.lang.ClassNotFoundException: ram/talia/hexal/common/casting/actions/spells/link/OpLink)
[02:17:46] [main/WARN]: Error loading class: ram/talia/hexal/common/casting/actions/spells/link/OpLinkOthers (java.lang.ClassNotFoundException: ram/talia/hexal/common/casting/actions/spells/link/OpLinkOthers)
[02:17:46] [main/WARN]: Error loading class: ram/talia/hexal/client/RenderHelperKt (java.lang.ClassNotFoundException: ram/talia/hexal/client/RenderHelperKt)
[02:17:46] [main/WARN]: Error loading class: ram/talia/hexal/api/linkable/ServerLinkableHolder (java.lang.ClassNotFoundException: ram/talia/hexal/api/linkable/ServerLinkableHolder)
[02:17:46] [main/WARN]: Error loading class: net/mehvahdjukaar/moonlight/core/misc/FakeServerLevel (java.lang.ClassNotFoundException: net/mehvahdjukaar/moonlight/core/misc/FakeServerLevel)
[02:17:46] [main/WARN]: @Mixin target net.mehvahdjukaar.moonlight.core.misc.FakeServerLevel was not found valkyrienskies-common.mixins.json:mod_compat.moonlight.MixinFakeServerLevel from mod valkyrienskies
[02:17:46] [main/WARN]: Error loading class: li/cil/tis3d/common/entity/InfraredPacketEntity (java.lang.ClassNotFoundException: li/cil/tis3d/common/entity/InfraredPacketEntity)
[02:17:46] [main/WARN]: Error loading class: com/github/legoatoom/connectiblechains/entity/Chainable (java.lang.ClassNotFoundException: com/github/legoatoom/connectiblechains/entity/Chainable)
[02:17:46] [main/WARN]: @Mixin target com.github.legoatoom.connectiblechains.entity.Chainable was not found valkyrienskies-fabric.mixins.json:compat.connectiblechains.MixinChainable from mod valkyrienskies
[02:17:46] [main/WARN]: Error loading class: com/github/legoatoom/connectiblechains/entity/ChainCollisionEntity (java.lang.ClassNotFoundException: com/github/legoatoom/connectiblechains/entity/ChainCollisionEntity)
[02:17:46] [main/WARN]: @Mixin target com.github.legoatoom.connectiblechains.entity.ChainCollisionEntity was not found valkyrienskies-fabric.mixins.json:compat.connectiblechains.MixinChainCollisionEntity from mod valkyrienskies
[02:17:46] [main/WARN]: Error loading class: dev/ftb/mods/ftbchunks/client/gui/LargeMapScreen (java.lang.ClassNotFoundException: dev/ftb/mods/ftbchunks/client/gui/LargeMapScreen)
[02:17:46] [main/WARN]: @Mixin target dev.ftb.mods.ftbchunks.client.gui.LargeMapScreen was not found create.mixins.json:compat.ftbchunks.LargeMapScreenAccessor from mod create
[02:17:46] [main/WARN]: Error loading class: dev/ftb/mods/ftbchunks/client/gui/RegionMapPanel (java.lang.ClassNotFoundException: dev/ftb/mods/ftbchunks/client/gui/RegionMapPanel)
[02:17:46] [main/WARN]: @Mixin target dev.ftb.mods.ftbchunks.client.gui.RegionMapPanel was not found create.mixins.json:compat.ftbchunks.RegionMapPanelAccessor from mod create
[02:17:47] [main/WARN]: Error loading class: net/minecraft/class_708 (java.lang.ClassNotFoundException: net/minecraft/class_708)
[02:17:47] [main/WARN]: Error loading class: net/minecraft/class_4587$class_4665 (java.lang.ClassNotFoundException: net/minecraft/class_4587$class_4665)
[02:17:47] [main/INFO]: Initializing MixinExtras via com.llamalad7.mixinextras.service.MixinExtrasServiceImpl(version=0.5.0).
[02:17:50] [main/WARN]: Method overwrite conflict for itemStack in spell_engine.mixins.json:ItemStackMixin from mod spell_engine, previously written by net.dungeon_difficulty.mixin.ItemStackMixin. Skipping method.
[02:17:50] [main/INFO]: Instancing error handler class org.valkyrienskies.mod.mixin.ValkyrienMixinErrorHandler
[02:17:50] [main/WARN]: Mixin apply for mod necronomicon failed necronomicon-common.mixins.json:item.AnimatedItemNameMixin from mod necronomicon -> net.minecraft.class_1799: org.spongepowered.asm.mixin.injection.throwables.InvalidInjectionException Critical injection failure: @Inject annotation on getName could not find any targets matching 'getHoverName' in net/minecraft/class_1799. No refMap loaded. [handler$cab000$necronomicon$getName(Lorg/spongepowered/asm/mixin/injection/callback/CallbackInfoReturnable;)V -> Parse ->  -> Validate Targets]
org.spongepowered.asm.mixin.injection.throwables.InvalidInjectionException: Critical injection failure: @Inject annotation on getName could not find any targets matching 'getHoverName' in net/minecraft/class_1799. No refMap loaded. [handler$cab000$necronomicon$getName(Lorg/spongepowered/asm/mixin/injection/callback/CallbackInfoReturnable;)V -> Parse ->  -> Validate Targets]
	at org.spongepowered.asm.mixin.injection.selectors.TargetSelectors.validate(TargetSelectors.java:346) ~[sponge-mixin-0.16.5+mixin.0.8.7.jar:0.16.5+mixin.0.8.7]
	at org.spongepowered.asm.mixin.injection.struct.InjectionInfo.readAnnotation(InjectionInfo.java:369) ~[sponge-mixin-0.16.5+mixin.0.8.7.jar:0.16.5+mixin.0.8.7]
	at org.spongepowered.asm.mixin.injection.struct.InjectionInfo.<init>(InjectionInfo.java:340) ~[sponge-mixin-0.16.5+mixin.0.8.7.jar:0.16.5+mixin.0.8.7]
	at org.spongepowered.asm.mixin.injection.struct.InjectionInfo.<init>(InjectionInfo.java:331) ~[sponge-mixin-0.16.5+mixin.0.8.7.jar:0.16.5+mixin.0.8.7]
	at org.spongepowered.asm.mixin.injection.struct.CallbackInjectionInfo.<init>(CallbackInjectionInfo.java:48) ~[sponge-mixin-0.16.5+mixin.0.8.7.jar:0.16.5+mixin.0.8.7]
	at jdk.internal.reflect.GeneratedConstructorAccessor21.newInstance(Unknown Source) ~[?:?]
	at jdk.internal.reflect.DelegatingConstructorAccessorImpl.newInstance(DelegatingConstructorAccessorImpl.java:45) ~[?:?]
	at java.lang.reflect.Constructor.newInstanceWithCaller(Constructor.java:500) ~[?:?]
	at java.lang.reflect.Constructor.newInstance(Constructor.java:481) ~[?:?]
	at org.spongepowered.asm.mixin.injection.struct.InjectionInfo$InjectorEntry.create(InjectionInfo.java:196) ~[sponge-mixin-0.16.5+mixin.0.8.7.jar:0.16.5+mixin.0.8.7]
	at org.spongepowered.asm.mixin.injection.struct.InjectionInfo.parse(InjectionInfo.java:664) ~[sponge-mixin-0.16.5+mixin.0.8.7.jar:0.16.5+mixin.0.8.7]
	at org.spongepowered.asm.mixin.transformer.MixinTargetContext.prepareInjections(MixinTargetContext.java:1399) ~[sponge-mixin-0.16.5+mixin.0.8.7.jar:0.16.5+mixin.0.8.7]
	at org.spongepowered.asm.mixin.transformer.MixinApplicatorStandard.prepareInjections(MixinApplicatorStandard.java:731) ~[sponge-mixin-0.16.5+mixin.0.8.7.jar:0.16.5+mixin.0.8.7]
	at org.spongepowered.asm.mixin.transformer.MixinApplicatorStandard.applyMixin(MixinApplicatorStandard.java:315) ~[sponge-mixin-0.16.5+mixin.0.8.7.jar:0.16.5+mixin.0.8.7]
	at org.spongepowered.asm.mixin.transformer.MixinApplicatorStandard.apply(MixinApplicatorStandard.java:246) ~[sponge-mixin-0.16.5+mixin.0.8.7.jar:0.16.5+mixin.0.8.7]
	at org.spongepowered.asm.mixin.transformer.TargetClassContext.apply(TargetClassContext.java:437) ~[sponge-mixin-0.16.5+mixin.0.8.7.jar:0.16.5+mixin.0.8.7]
	at org.spongepowered.asm.mixin.transformer.TargetClassContext.applyMixins(TargetClassContext.java:418) ~[sponge-mixin-0.16.5+mixin.0.8.7.jar:0.16.5+mixin.0.8.7]
	at org.spongepowered.asm.mixin.transformer.MixinProcessor.applyMixins(MixinProcessor.java:352) ~[sponge-mixin-0.16.5+mixin.0.8.7.jar:0.16.5+mixin.0.8.7]
	at org.spongepowered.asm.mixin.transformer.MixinTransformer.transformClass(MixinTransformer.java:237) ~[sponge-mixin-0.16.5+mixin.0.8.7.jar:0.16.5+mixin.0.8.7]
	at org.spongepowered.asm.mixin.transformer.MixinTransformer.transformClassBytes(MixinTransformer.java:202) ~[sponge-mixin-0.16.5+mixin.0.8.7.jar:0.16.5+mixin.0.8.7]
	at net.fabricmc.loader.impl.launch.knot.KnotClassDelegate.getPostMixinClassByteArray(KnotClassDelegate.java:435) ~[fabric-loader-0.18.2.jar:?]
	at net.fabricmc.loader.impl.launch.knot.KnotClassDelegate.tryLoadClass(KnotClassDelegate.java:336) ~[fabric-loader-0.18.2.jar:?]
	at net.fabricmc.loader.impl.launch.knot.KnotClassDelegate.loadClass(KnotClassDelegate.java:231) ~[fabric-loader-0.18.2.jar:?]
	at net.fabricmc.loader.impl.launch.knot.KnotClassLoader.loadClass(KnotClassLoader.java:119) ~[fabric-loader-0.18.2.jar:?]
	at java.lang.ClassLoader.loadClass(ClassLoader.java:525) ~[?:?]
	at net.minecraft.class_5620.method_32211(class_5620.java:39) ~[server-intermediary.jar:?]
	at net.minecraft.class_156.method_654(class_156.java:436) ~[server-intermediary.jar:?]
	at net.minecraft.class_5620.method_32206(class_5620.java:39) ~[server-intermediary.jar:?]
	at net.minecraft.class_5620.<clinit>(class_5620.java:33) ~[server-intermediary.jar:?]
	at net.minecraft.class_5546.<init>(class_5546.java:17) ~[server-intermediary.jar:?]
	at net.minecraft.class_2246.<clinit>(class_2246.java:477) ~[server-intermediary.jar:?]
	at net.minecraft.class_2358.method_10199(class_2358.java:326) ~[server-intermediary.jar:?]
	at net.minecraft.class_2966.method_12851(class_2966.java:54) ~[server-intermediary.jar:?]
	at net.minecraft.server.Main.main(Main.java:109) ~[server-intermediary.jar:?]
	at net.fabricmc.loader.impl.game.minecraft.MinecraftGameProvider.launch(MinecraftGameProvider.java:514) ~[fabric-loader-0.18.2.jar:?]
	at net.fabricmc.loader.impl.launch.knot.Knot.launch(Knot.java:72) ~[fabric-loader-0.18.2.jar:?]
	at net.fabricmc.loader.impl.launch.knot.KnotServer.main(KnotServer.java:23) ~[fabric-loader-0.18.2.jar:?]
	at net.fabricmc.loader.impl.launch.server.FabricServerLauncher.main(FabricServerLauncher.java:69) ~[fabric-loader-0.18.2.jar:?]
	at net.fabricmc.installer.ServerLauncher.main(ServerLauncher.java:69) ~[fabric-server-launch.jar:1.0.1]
[02:17:52] [main/WARN]: Method overwrite conflict for method_7844 in ranged_weapon_api.mixins.json:item.RangedWeaponItemMixin from mod ranged_weapon_api, previously written by net.projectile_damage.mixin.RangedWeaponItemMixin. Skipping method.
[02:17:55] [main/INFO]: Registering Item Groups for bellsandwhistles
[02:17:55] [main/INFO]: Create addon mod [Create: Bells & Whistles] is loading alongside Create [0.5.1d]!
[02:17:55] [main/INFO]: Create: Bells & Whistles is accessinsg Porting Lib from the server!
[02:17:55] [main/INFO]: betterchunkloading mod initialized
[02:17:55] [main/INFO]: Common init
[02:17:55] [main/INFO]: Create 6.0.8.1 initializing!
[02:17:55] [main/WARN]: Method overwrite conflict for getStructureTransform in vs_clockwork-common.mixins.json:MixinAbstractContraptionEntity from mod vs_clockwork, previously written by org.valkyrienskies.mod.mixin.mod_compat.create.entity.MixinAbstractContraptionEntity. Skipping method.
[02:17:57] [main/INFO]: Registering Villagers create-better-villagers
[02:17:57] [main/INFO]: Hello Fabric world!
[02:17:57] [main/INFO]: Initializing CreatePillagersAriseMod
[02:17:57] [main/INFO]: Initializing CreateStructuresAriseMod
[02:17:57] [main/INFO]: Registering items for Create Deco
[02:17:57] [main/INFO]: Registering blocks for Create Deco
[02:17:57] [main/INFO]: Populating connected texture maps...
[02:17:58] [main/INFO]: Create Deco is accessing Porting Lib on a Fabric server!
[02:17:58] [main/INFO]: Create Nuclear initializing!
[02:17:58] [main/INFO]: Registering ModBlocks for createnuclear
[02:17:58] [main/INFO]: Registering mod items for createnuclear
[02:17:58] [main/INFO]: Registering ModEntity for createnuclear
[02:17:58] [main/INFO]: Registering mod tags for createnuclear
[02:17:58] [main/INFO]: Registering Potion Effects
[02:17:58] [main/INFO]: [CreateOptimizer] Loaded! Server-side optimizations active.
[02:17:58] [main/INFO]: [CreateOptimizer] skipTickDistance=64.0, kineticInterval=2, fluidInterval=2
[02:17:58] [main/INFO]: Registering C2S receiver with id createrailwaysnavigator:crn_network/24de284ed1a534cfb2664200bfb3b1e3
[02:17:58] [main/INFO]: Registering C2S receiver with id createrailwaysnavigator:crn_network/b977ce0284d33fc79f13f0af88be87d7
[02:17:58] [main/INFO]: Loading creative tabs for Create: Transmission
[02:17:58] [main/INFO]: Registering blocks for Create: Transmission
[02:17:58] [main/INFO]: Registering blocks entities for Create: Transmission
[02:17:58] [main/INFO]: Create: Transmission is accessing Porting Lib on a Fabric server!
[02:17:58] [main/INFO]: Loaded config for: cupboard.json
[02:17:58] [main/INFO]: File exists, reading config for elocindev.deathknights.config.entries.enchants.DecayingEnchantConfig.
[02:17:58] [main/INFO]: Config for elocindev.deathknights.config.entries.enchants.DecayingEnchantConfig read successfully.
[02:17:58] [main/INFO]: File exists, reading config for elocindev.deathknights.config.entries.loot.JewelryLootConfig.
[02:17:58] [main/INFO]: Config for elocindev.deathknights.config.entries.loot.JewelryLootConfig read successfully.
[02:17:58] [main/INFO]: File exists, reading config for elocindev.deathknights.config.entries.spells.frost.ObliterateConfig.
[02:17:58] [main/INFO]: Config for elocindev.deathknights.config.entries.spells.frost.ObliterateConfig read successfully.
[02:17:58] [main/INFO]: File exists, reading config for elocindev.deathknights.config.entries.spells.frost.RemorselessWinterConfig.
[02:17:58] [main/INFO]: Config for elocindev.deathknights.config.entries.spells.frost.RemorselessWinterConfig read successfully.
[02:17:58] [main/INFO]: File exists, reading config for elocindev.deathknights.config.entries.spells.frost.BreathOfAgonyConfig.
[02:17:58] [main/INFO]: Config for elocindev.deathknights.config.entries.spells.frost.BreathOfAgonyConfig read successfully.
[02:17:58] [main/INFO]: File exists, reading config for elocindev.deathknights.config.entries.spells.unholy.PlaguesConfig.
[02:17:58] [main/INFO]: Config for elocindev.deathknights.config.entries.spells.unholy.PlaguesConfig read successfully.
[02:17:58] [main/INFO]: File exists, reading config for elocindev.deathknights.config.entries.spells.unholy.DeathCoilConfig.
[02:17:58] [main/INFO]: Config for elocindev.deathknights.config.entries.spells.unholy.DeathCoilConfig read successfully.
[02:17:58] [main/INFO]: File exists, reading config for elocindev.deathknights.config.entries.spells.unholy.EpidemicConfig.
[02:17:58] [main/INFO]: Config for elocindev.deathknights.config.entries.spells.unholy.EpidemicConfig read successfully.
[02:17:58] [main/INFO]: File exists, reading config for elocindev.deathknights.config.entries.spells.unholy.DeathGripConfig.
[02:17:58] [main/INFO]: Config for elocindev.deathknights.config.entries.spells.unholy.DeathGripConfig read successfully.
[02:17:58] [main/INFO]: File exists, reading config for elocindev.deathknights.config.entries.spells.blood.DeathStrikeConfig.
[02:17:58] [main/INFO]: Config for elocindev.deathknights.config.entries.spells.blood.DeathStrikeConfig read successfully.
[02:17:58] [main/INFO]: File exists, reading config for elocindev.deathknights.config.entries.spells.blood.MarrowrendConfig.
[02:17:58] [main/INFO]: Config for elocindev.deathknights.config.entries.spells.blood.MarrowrendConfig read successfully.
[02:17:58] [main/INFO]: File exists, reading config for elocindev.deathknights.config.entries.spells.blood.BloodBoilConfig.
[02:17:58] [main/INFO]: Config for elocindev.deathknights.config.entries.spells.blood.BloodBoilConfig read successfully.
[02:17:58] [main/INFO]: File exists, reading config for elocindev.deathknights.config.entries.spells.blood.BloodThirstConfig.
[02:17:58] [main/INFO]: Config for elocindev.deathknights.config.entries.spells.blood.BloodThirstConfig read successfully.
[02:17:58] [main/INFO]: Death Knights Config Loaded!
[02:17:58] [main/INFO]: Death Knights Initialized!
[02:17:58] [main/INFO]: Registering C2S receiver with id dragonlib:dragonlib_network/69a65f20acde32448da097b16eacfce9
[02:17:58] [main/INFO]: Registering C2S receiver with id dragonlib:dragonlib_network/69d73e101ecb38b59cc59ce369f9f0e6
[02:17:58] [main/INFO]: Registering C2S receiver with id dragonlib:dragonlib_network/fcf1d4bbbc3b340daddecfd8389e586f
[02:17:58] [main/INFO]: Registering C2S receiver with id dragonlib:dragonlib_network/7ea7435aa82d37fbbe7321ccd48bb6b2
[02:17:58] [Do you think dragons exist?/INFO]:                             +++ 🐉 +++                            
[02:17:58] [Do you think dragons exist?/INFO]: ------------------------------------------------------------------
[02:17:58] [Do you think dragons exist?/INFO]:            Loaded DragonLib v1.20.1-2.2.24 by MrJulsen!           
[02:17:58] [Do you think dragons exist?/INFO]:                      Minecraft Fabric 1.20.1                     
[02:17:58] [Do you think dragons exist?/INFO]: 
[02:17:58] [Do you think dragons exist?/INFO]:               Discord: https://discord.gg/AeSbNgvc7f              
[02:17:58] [Do you think dragons exist?/INFO]:   GitHub: https://www.curseforge.com/minecraft/mc-mods/dragonlib  
[02:17:58] [Do you think dragons exist?/INFO]:     Bug Reports: https://github.com/MisterJulsen/MC-DragonLib2    
[02:17:58] [Do you think dragons exist?/INFO]: ------------------------------------------------------------------
[02:17:58] [Do you think dragons exist?/INFO]:                             +++ 🐉 +++                            
[02:17:58] [main/ERROR]: No data fixer registered for photograph_frame
[02:17:58] [main/ERROR]: No data fixer registered for glass_photograph_frame
[02:17:58] [main/ERROR]: No data fixer registered for camera_stand
[02:17:59] [main/INFO]: Initializing Kelvin...
[02:17:59] [main/INFO]: Registering Kelvin default gas particles...
[02:17:59] [main/INFO]: Registering C2S receiver with id kelvin:request_chunk_sync
[02:17:59] [main/INFO]: Registering gas types...
[02:17:59] [main/INFO]: Registered particle: kelvin:air
[02:17:59] [main/INFO]: Registering gas type kelvin:air...
[02:17:59] [main/INFO]: Registered gas type kelvin:air, with properties:
[02:17:59] [main/INFO]: Density: 1.293 | Viscosity: 1.716E-5 | Specific Heat Capacity: 1.005 | Thermal Conductivity: 0.026
[02:17:59] [main/INFO]: Sutherland Constant: 111.0 | Adiabatic Index: 1.4
[02:17:59] [main/INFO]: Icon Location: kelvin:textures/icons/air.png
[02:17:59] [main/INFO]: Registering reaction requirement kelvin:min_temperature
[02:17:59] [main/INFO]: Registering reaction requirement kelvin:max_temperature
[02:17:59] [main/INFO]: Registering reaction requirement kelvin:min_pressure
[02:17:59] [main/INFO]: Registering reaction requirement kelvin:max_pressure
[02:17:59] [main/INFO]: Registering reaction requirement kelvin:inhibited_by
[02:17:59] [main/INFO]: --- --- ---
[02:17:59] [main/INFO]: Finished registering gas types. We have 1 gasses registered!
[02:17:59] [main/INFO]: Kelvin has been initialized.
[02:17:59] [main/INFO]: Compression will use libdeflate (Linux x86_64), encryption will use OpenSSL 3.0.x (Linux x86_64)
[02:17:59] [main/INFO]: Necronomicon Initialized
[02:17:59] [main/INFO]: File exists, reading config for elocindev.necronomicon.NecronomiconConfig.
[02:17:59] [main/INFO]: Config for elocindev.necronomicon.NecronomiconConfig read successfully.
[02:17:59] [main/INFO]: Power grid starting, prepare to be electrocuted
[02:17:59] [main/INFO]: Native backend loaded successfully
[02:18:00] [main/INFO]: Registering C2S receiver with id powergrid:main/893804baf0ca3e9c8686f973e3846242
[02:18:00] [main/INFO]: Registering C2S receiver with id powergrid:main/73ca2b3fecb833f19a37fa383fd73c52
[02:18:00] [main/INFO]: Registering C2S receiver with id powergrid:main/a5bb533d09793128bd42a1ea819744a8
[02:18:00] [main/INFO]: Registering C2S receiver with id powergrid:main/01aea357875d3b6e9b3c5b46f8624a22
[02:18:00] [main/INFO]: Registering C2S receiver with id powergrid:main/2a4815ddfd31312cafa545eaf659351a
[02:18:00] [main/INFO]: Registering C2S receiver with id powergrid:main/62d2735a731f3a42a724994dbbe7c39d
[02:18:00] [main/INFO]: Registering C2S receiver with id powergrid:main/b998fc3850fc36219e22c58fd0d562fe
[02:18:00] [main/INFO]: Registering C2S receiver with id powergrid:main/2afa62329f363192aa5ce38137c7a765
[02:18:00] [main/INFO]: Registering C2S receiver with id powergrid:main/78b5f986765e30b1a069c4c96d89d62a
[02:18:00] [main/INFO]: Registering C2S receiver with id powergrid:main/868559c19ec934bebb21fb91fb085312
[02:18:00] [main/INFO]: Registering C2S receiver with id powergrid:main/d1bbd210201235c08fe35dad72aa33da
[02:18:00] [main/INFO]: Registering C2S receiver with id powergrid:main/4e901bcc05483b8eaa947d37b32f942d
[02:18:00] [main/INFO]: Registering C2S receiver with id powergrid:main/67bd24b7ef3d32c198fdcd6fb99f62ce
[02:18:00] [main/INFO]: Registering C2S receiver with id powergrid:main/005ee3768ad0376c8285daff5e970432
[02:18:00] [main/INFO]: Registering C2S receiver with id powergrid:main/149a90a9225c3521b0df347c19ae2fac
[02:18:00] [main/INFO]: Instancing error handler class org.valkyrienskies.mod.mixin.ValkyrienMixinErrorHandler
[02:18:00] [main/WARN]: Mixin apply for mod betterchunkloading failed betterchunkloading.mixins.json:ServerChunkCacheMixin from mod betterchunkloading -> net.minecraft.class_3215: org.spongepowered.asm.mixin.injection.throwables.InvalidInjectionException @At("INVOKE") on net/minecraft/class_3215::prioWaiting with priority 200 cannot inject into net/minecraft/class_3215::method_12121(IILnet/minecraft/class_2806;Z)Lnet/minecraft/class_2791; merged by me.jellysquid.mods.lithium.mixin.world.chunk_access.ServerChunkManagerMixin with priority 1000 [redirect$zie000$betterchunkloading$prioWaiting(Lnet/minecraft/class_3215;IILnet/minecraft/class_2806;Z)Ljava/util/concurrent/CompletableFuture; -> Prepare ->  -> { target: method_12121(IILnet/minecraft/class_2806;Z)Lnet/minecraft/class_2791; }]
org.spongepowered.asm.mixin.injection.throwables.InvalidInjectionException: @At("INVOKE") on net/minecraft/class_3215::prioWaiting with priority 200 cannot inject into net/minecraft/class_3215::method_12121(IILnet/minecraft/class_2806;Z)Lnet/minecraft/class_2791; merged by me.jellysquid.mods.lithium.mixin.world.chunk_access.ServerChunkManagerMixin with priority 1000 [redirect$zie000$betterchunkloading$prioWaiting(Lnet/minecraft/class_3215;IILnet/minecraft/class_2806;Z)Ljava/util/concurrent/CompletableFuture; -> Prepare ->  -> { target: method_12121(IILnet/minecraft/class_2806;Z)Lnet/minecraft/class_2791; }]
	at org.spongepowered.asm.mixin.injection.code.Injector.findTargetNodes(Injector.java:312) ~[sponge-mixin-0.16.5+mixin.0.8.7.jar:0.16.5+mixin.0.8.7]
	at org.spongepowered.asm.mixin.injection.code.Injector.find(Injector.java:248) ~[sponge-mixin-0.16.5+mixin.0.8.7.jar:0.16.5+mixin.0.8.7]
	at org.spongepowered.asm.mixin.injection.struct.InjectionInfo.prepare(InjectionInfo.java:475) ~[sponge-mixin-0.16.5+mixin.0.8.7.jar:0.16.5+mixin.0.8.7]
	at org.spongepowered.asm.mixin.transformer.MixinTargetContext.prepareInjections(MixinTargetContext.java:1407) ~[sponge-mixin-0.16.5+mixin.0.8.7.jar:0.16.5+mixin.0.8.7]
	at org.spongepowered.asm.mixin.transformer.MixinApplicatorStandard.prepareInjections(MixinApplicatorStandard.java:731) ~[sponge-mixin-0.16.5+mixin.0.8.7.jar:0.16.5+mixin.0.8.7]
	at org.spongepowered.asm.mixin.transformer.MixinApplicatorStandard.applyMixin(MixinApplicatorStandard.java:315) ~[sponge-mixin-0.16.5+mixin.0.8.7.jar:0.16.5+mixin.0.8.7]
	at org.spongepowered.asm.mixin.transformer.MixinApplicatorStandard.apply(MixinApplicatorStandard.java:246) ~[sponge-mixin-0.16.5+mixin.0.8.7.jar:0.16.5+mixin.0.8.7]
	at org.spongepowered.asm.mixin.transformer.TargetClassContext.apply(TargetClassContext.java:437) ~[sponge-mixin-0.16.5+mixin.0.8.7.jar:0.16.5+mixin.0.8.7]
	at org.spongepowered.asm.mixin.transformer.TargetClassContext.applyMixins(TargetClassContext.java:418) ~[sponge-mixin-0.16.5+mixin.0.8.7.jar:0.16.5+mixin.0.8.7]
	at org.spongepowered.asm.mixin.transformer.MixinProcessor.applyMixins(MixinProcessor.java:352) ~[sponge-mixin-0.16.5+mixin.0.8.7.jar:0.16.5+mixin.0.8.7]
	at org.spongepowered.asm.mixin.transformer.MixinTransformer.transformClass(MixinTransformer.java:237) ~[sponge-mixin-0.16.5+mixin.0.8.7.jar:0.16.5+mixin.0.8.7]
	at org.spongepowered.asm.mixin.transformer.MixinTransformer.transformClassBytes(MixinTransformer.java:202) ~[sponge-mixin-0.16.5+mixin.0.8.7.jar:0.16.5+mixin.0.8.7]
	at net.fabricmc.loader.impl.launch.knot.KnotClassDelegate.getPostMixinClassByteArray(KnotClassDelegate.java:435) ~[fabric-loader-0.18.2.jar:?]
	at net.fabricmc.loader.impl.launch.knot.KnotClassDelegate.tryLoadClass(KnotClassDelegate.java:336) ~[fabric-loader-0.18.2.jar:?]
	at net.fabricmc.loader.impl.launch.knot.KnotClassDelegate.loadClass(KnotClassDelegate.java:231) ~[fabric-loader-0.18.2.jar:?]
	at net.fabricmc.loader.impl.launch.knot.KnotClassLoader.loadClass(KnotClassLoader.java:119) ~[fabric-loader-0.18.2.jar:?]
	at java.lang.ClassLoader.loadClass(ClassLoader.java:525) ~[?:?]
	at net.puffish.skillsmod.api.calculation.prototype.BuiltinPrototypes.<clinit>(BuiltinPrototypes.java:48) ~[puffish_skills-0.17.3-1.20-fabric.jar:?]
	at net.puffish.skillsmod.calculation.operation.builtin.AttributeOperation.register(AttributeOperation.java:29) ~[puffish_skills-0.17.3-1.20-fabric.jar:?]
	at net.puffish.skillsmod.calculation.operation.BuiltinOperations.register(BuiltinOperations.java:27) ~[puffish_skills-0.17.3-1.20-fabric.jar:?]
	at net.puffish.skillsmod.SkillsMod.setup(SkillsMod.java:164) ~[puffish_skills-0.17.3-1.20-fabric.jar:?]
	at net.puffish.skillsmod.main.FabricMain.onInitialize(FabricMain.java:36) ~[puffish_skills-0.17.3-1.20-fabric.jar:?]
	at net.fabricmc.loader.impl.FabricLoaderImpl.invokeEntrypoints(FabricLoaderImpl.java:405) ~[fabric-loader-0.18.2.jar:?]
	at net.fabricmc.loader.impl.game.minecraft.Hooks.startServer(Hooks.java:63) ~[fabric-loader-0.18.2.jar:?]
	at net.minecraft.server.Main.main(Main.java:112) ~[server-intermediary.jar:?]
	at net.fabricmc.loader.impl.game.minecraft.MinecraftGameProvider.launch(MinecraftGameProvider.java:514) ~[fabric-loader-0.18.2.jar:?]
	at net.fabricmc.loader.impl.launch.knot.Knot.launch(Knot.java:72) ~[fabric-loader-0.18.2.jar:?]
	at net.fabricmc.loader.impl.launch.knot.KnotServer.main(KnotServer.java:23) ~[fabric-loader-0.18.2.jar:?]
	at net.fabricmc.loader.impl.launch.server.FabricServerLauncher.main(FabricServerLauncher.java:69) ~[fabric-loader-0.18.2.jar:?]
	at net.fabricmc.installer.ServerLauncher.main(ServerLauncher.java:69) ~[fabric-server-launch.jar:1.0.1]
[02:18:00] [main/INFO]: Registering C2S receiver with id roughlyenoughitems:request_tags_c2s
[02:18:00] [main/INFO]: [REI] Registered plugin provider DefaultPlugin [roughlyenoughitems] for REIPlugin
[02:18:00] [main/INFO]: [REI] Registered plugin provider DefaultRuntimePlugin [roughlyenoughitems] for REIPlugin
[02:18:00] [main/INFO]: [REI] Registered plugin provider DefaultPlugin [roughlyenoughitems] for REIServerPlugin
[02:18:00] [main/INFO]: [REI] Registered plugin provider DefaultRuntimePlugin [roughlyenoughitems] for REIServerPlugin
[02:18:00] [main/INFO]: [REI] Registered plugin provider FabricFluidAPISupportPlugin for REIServerPlugin
[02:18:00] [main/INFO]: [REI] Registered plugin provider FabricFluidAPISupportPlugin for REIPlugin
[02:18:00] [main/INFO]: Registering C2S receiver with id roughlyenoughitems:delete_item
[02:18:00] [main/INFO]: Registering C2S receiver with id roughlyenoughitems:create_item
[02:18:00] [main/INFO]: Registering C2S receiver with id roughlyenoughitems:create_item_grab
[02:18:00] [main/INFO]: Registering C2S receiver with id roughlyenoughitems:create_item_hotbar
[02:18:00] [main/INFO]: Registering C2S receiver with id roughlyenoughitems:move_items
[02:18:00] [main/INFO]: Registering C2S receiver with id roughlyenoughitems:move_items_new
[02:18:00] [main/INFO]: Shield API initialized!
[02:18:00] [main/ERROR]: No data fixer registered for 
[02:18:00] [main/INFO]: Registered the FluidEffect with Unique ID of minecraft:water for Water (Fluid Amount Required: 81000) with the ID 0
[02:18:00] [main/INFO]: Registered the FluidEffect with Unique ID of minecraft:lava for Lava (Fluid Amount Required: 81000) with the ID 1
[02:18:00] [main/INFO]: Registered the FluidEffect with Unique ID of travelersbackpack:potion for block.travelersbackpack.potion_still (Fluid Amount Required: 27000) with the ID 2
[02:18:00] [main/INFO]: Registered the FluidEffect with Unique ID of milk:still_milk for Milk (Fluid Amount Required: 81000) with the ID 3
[02:18:01] [main/INFO]: Initialized VSCore on Fabric!
[02:18:01] [main/ERROR]: No data fixer registered for valkyrienskies:ship_mounting_entity
[02:18:01] [main/ERROR]: No data fixer registered for valkyrienskies:vs_physics_entity
[02:18:01] [main/INFO]: Registering particle: phys_lightning
[02:18:01] [main/INFO]: Registering particle: leak
[02:18:02] [main/INFO]: Registered particle: kelvin:exhaust
[02:18:02] [main/INFO]: Registering gas type vs_clockwork:exhaust...
[02:18:02] [main/INFO]: Registered gas type vs_clockwork:exhaust, with properties:
[02:18:02] [main/INFO]: Density: 1.98 | Viscosity: 1.1E-5 | Specific Heat Capacity: 2.846 | Thermal Conductivity: 0.031
[02:18:02] [main/INFO]: Sutherland Constant: 111.0 | Adiabatic Index: 1.4
[02:18:02] [main/INFO]: Icon Location: vs_clockwork:textures/icons/exhaust.png
[02:18:02] [main/INFO]: Registered particle: kelvin:steam
[02:18:02] [main/INFO]: Registering gas type vs_clockwork:steam...
[02:18:02] [main/INFO]: Registered gas type vs_clockwork:steam, with properties:
[02:18:02] [main/INFO]: Density: 0.762 | Viscosity: 1.223E-5 | Specific Heat Capacity: 2.2 | Thermal Conductivity: 0.031
[02:18:02] [main/INFO]: Sutherland Constant: 111.0 | Adiabatic Index: 1.4
[02:18:02] [main/INFO]: Icon Location: vs_clockwork:textures/icons/steam.png
[02:18:02] [main/INFO]: Registered particle: kelvin:phlogiston
[02:18:02] [main/INFO]: Registering gas type vs_clockwork:phlogiston...
[02:18:02] [main/INFO]: Registered gas type vs_clockwork:phlogiston, with properties:
[02:18:02] [main/INFO]: Density: 3.0 | Viscosity: 2.0E-5 | Specific Heat Capacity: 14.3 | Thermal Conductivity: 0.24
[02:18:02] [main/INFO]: Sutherland Constant: 150.0 | Adiabatic Index: 1.008
[02:18:02] [main/INFO]: Icon Location: vs_clockwork:textures/icons/phlogiston.png
[02:18:02] [main/INFO]: Registered particle: kelvin:aether
[02:18:02] [main/INFO]: Registering gas type vs_clockwork:aether...
[02:18:02] [main/INFO]: Registered gas type vs_clockwork:aether, with properties:
[02:18:02] [main/INFO]: Density: 0.166 | Viscosity: 1.96E-5 | Specific Heat Capacity: 5.1832 | Thermal Conductivity: 0.151
[02:18:02] [main/INFO]: Sutherland Constant: 79.4 | Adiabatic Index: 1.66
[02:18:02] [main/INFO]: Icon Location: vs_clockwork:textures/icons/aether.png
[02:18:02] [main/INFO]: Registered particle: kelvin:stellane
[02:18:02] [main/INFO]: Registering gas type vs_clockwork:stellane...
[02:18:02] [main/INFO]: Registered gas type vs_clockwork:stellane, with properties:
[02:18:02] [main/INFO]: Density: 0.08988 | Viscosity: 8.8E-6 | Specific Heat Capacity: 14.3 | Thermal Conductivity: 0.18
[02:18:02] [main/INFO]: Sutherland Constant: 72.0 | Adiabatic Index: 1.4
[02:18:02] [main/INFO]: Icon Location: vs_clockwork:textures/icons/stellane.png
[02:18:02] [main/INFO]: Registered particle: kelvin:bog
[02:18:02] [main/INFO]: Registering gas type vs_clockwork:bog...
[02:18:02] [main/INFO]: Registered gas type vs_clockwork:bog, with properties:
[02:18:02] [main/INFO]: Density: 0.657 | Viscosity: 1.1E-5 | Specific Heat Capacity: 2.2 | Thermal Conductivity: 0.031
[02:18:02] [main/INFO]: Sutherland Constant: 90.0 | Adiabatic Index: 16.0
[02:18:02] [main/INFO]: Icon Location: vs_clockwork:textures/icons/bog.png
[02:18:02] [main/INFO]: Registered particle: kelvin:vitriol
[02:18:02] [main/INFO]: Registering gas type vs_clockwork:vitriol...
[02:18:02] [main/INFO]: Registered gas type vs_clockwork:vitriol, with properties:
[02:18:02] [main/INFO]: Density: 2.2 | Viscosity: 2.0E-5 | Specific Heat Capacity: 8.0 | Thermal Conductivity: 0.16
[02:18:02] [main/INFO]: Sutherland Constant: 68.4 | Adiabatic Index: 1.008
[02:18:02] [main/INFO]: Icon Location: vs_clockwork:textures/icons/vitriol.png
[02:18:02] [main/INFO]: Registered particle: kelvin:ozonite
[02:18:02] [main/INFO]: Registering gas type vs_clockwork:ozonite...
[02:18:02] [main/INFO]: Registered gas type vs_clockwork:ozonite, with properties:
[02:18:02] [main/INFO]: Density: 1.15 | Viscosity: 7.8E-6 | Specific Heat Capacity: 0.92 | Thermal Conductivity: 0.024
[02:18:02] [main/INFO]: Sutherland Constant: 127.0 | Adiabatic Index: 1.4
[02:18:02] [main/INFO]: Icon Location: vs_clockwork:textures/icons/ozonite.png
[02:18:03] [main/INFO]: Welcome to the CREATE RAILWAYS NAVIGATOR mod by MRJULSEN.
[02:18:03] [main/INFO]: Krypton is now accelerating your Minecraft server's networking stack 🚀
[02:18:03] [main/INFO]: Registering common data for channel xaerolib:main!
[02:18:03] [main/INFO]: Loading primary common config for channel xaerolib:main!
[02:18:03] [main/INFO]: Loading server config profiles for channel xaerolib:main!
[02:18:03] [main/INFO]: Loading XaeroLib common 1/2!
[02:18:03] [main/INFO]: Loading XaeroLib server 1/2!
[02:18:03] [main/INFO]: Registering common data for channel xaerominimap:main!
[02:18:03] [main/INFO]: Loading primary common config for channel xaerominimap:main!
[02:18:03] [main/INFO]: Loading server config profiles for channel xaerominimap:main!
[02:18:03] [main/INFO]: Loading Xaero's Minimap - Stage 1/2 (Server)
[02:18:03] [main/INFO]: Registering common data for channel xaeroworldmap:main!
[02:18:03] [main/INFO]: Loading primary common config for channel xaeroworldmap:main!
[02:18:03] [main/INFO]: Loading server config profiles for channel xaeroworldmap:main!
[02:18:03] [main/INFO]: Loading Xaero's World Map - Stage 1/2 (Server)
[02:18:03] [main/INFO]: Environment: authHost='https://authserver.mojang.com', accountsHost='https://api.mojang.com', sessionHost='https://sessionserver.mojang.com', servicesHost='https://api.minecraftservices.com', name='PROD'
[02:18:04] [main/INFO]: Created 157 recipes which will be injected into the game
[02:18:04] [main/INFO]: Created 0 tags which will be injected into the game
[02:18:05] [main/WARN]: Adding spell_power:fire to saved/remote registry.
[02:18:05] [main/WARN]: Adding spell_power:frost to saved/remote registry.
[02:18:05] [main/WARN]: Adding spell_power:arcane to saved/remote registry.
[02:18:05] [main/INFO]: [fabric-registry-sync] Loaded registry data [file 1/4]
[02:18:05] [main/INFO]: Adding serverside commands..
[02:18:07] [main/ERROR]: Parsing error loading recipe farmersdelightrefabricated:emptying/beetroot_soup
com.google.gson.JsonSyntaxException: Unknown item 'farmersdelight:beetroot_soup'
	at net.minecraft.class_1869.method_17878(class_1869.java:272) ~[server-intermediary.jar:?]
	at java.util.Optional.orElseThrow(Optional.java:403) ~[?:?]
	at net.minecraft.class_1869.method_8155(class_1869.java:272) ~[server-intermediary.jar:?]
	at net.minecraft.class_1856.method_8107(class_1856.java:160) ~[server-intermediary.jar:?]
	at net.minecraft.class_1856.method_8102(class_1856.java:143) ~[server-intermediary.jar:?]
	at net.minecraft.class_1856.method_52177(class_1856.java:135) ~[server-intermediary.jar:?]
	at com.simibubi.create.content.processing.recipe.ProcessingRecipeSerializer.readFromJson(ProcessingRecipeSerializer.java:67) ~[create-fabric-6.0.8.1+build.1744-mc1.20.1.jar:?]
	at com.simibubi.create.content.processing.recipe.ProcessingRecipeSerializer.fromJson(ProcessingRecipeSerializer.java:155) ~[create-fabric-6.0.8.1+build.1744-mc1.20.1.jar:?]
	at com.simibubi.create.content.processing.recipe.ProcessingRecipeSerializer.method_8121(ProcessingRecipeSerializer.java:22) ~[create-fabric-6.0.8.1+build.1744-mc1.20.1.jar:?]
	at net.minecraft.class_1863.method_17720(class_1863.java:135) ~[server-intermediary.jar:?]
	at net.minecraft.class_1863.method_20705(class_1863.java:56) ~[server-intermediary.jar:?]
	at net.minecraft.class_1863.method_18788(class_1863.java:35) ~[server-intermediary.jar:?]
	at net.minecraft.class_4080.method_18790(class_4080.java:13) ~[server-intermediary.jar:?]
	at java.util.concurrent.CompletableFuture$UniAccept.tryFire(CompletableFuture.java:718) ~[?:?]
	at java.util.concurrent.CompletableFuture$Completion.run(CompletableFuture.java:482) ~[?:?]
	at net.minecraft.class_4014.method_18365(class_4014.java:69) ~[server-intermediary.jar:?]
	at net.minecraft.class_156.method_43498(class_156.java:950) ~[server-intermediary.jar:?]
	at net.minecraft.class_156.method_43499(class_156.java:938) ~[server-intermediary.jar:?]
	at net.minecraft.server.Main.main(Main.java:160) ~[server-intermediary.jar:?]
	at net.fabricmc.loader.impl.game.minecraft.MinecraftGameProvider.launch(MinecraftGameProvider.java:514) ~[fabric-loader-0.18.2.jar:?]
	at net.fabricmc.loader.impl.launch.knot.Knot.launch(Knot.java:72) ~[fabric-loader-0.18.2.jar:?]
	at net.fabricmc.loader.impl.launch.knot.KnotServer.main(KnotServer.java:23) ~[fabric-loader-0.18.2.jar:?]
	at net.fabricmc.loader.impl.launch.server.FabricServerLauncher.main(FabricServerLauncher.java:69) ~[fabric-loader-0.18.2.jar:?]
	at net.fabricmc.installer.ServerLauncher.main(ServerLauncher.java:69) ~[fabric-server-launch.jar:1.0.1]
[02:18:07] [main/INFO]: Loaded 35 recipes
[02:18:07] [main/INFO]: Loaded 4847 advancements
[02:18:07] [main/INFO]: Trying to load unloaded files from: config/bountiful/bounty_pools
[02:18:07] [main/INFO]: Trying to load unloaded files from: config/bountiful/bounty_decrees
[02:18:07] [main/INFO]: [REI] ########################################
[02:18:07] [main/INFO]: [REI] REIPlugin starting main-reload for START.
[02:18:07] [main/INFO]: [REI] Plugins (3):
[02:18:07] [main/INFO]: [REI]  - (-100.00) DefaultPlugin of DefaultPlugin [roughlyenoughitems]
[02:18:07] [main/INFO]: [REI]  - (0.00) FabricFluidAPISupportPlugin
[02:18:07] [main/INFO]: [REI]  - (0.00) DefaultRuntimePlugin of DefaultRuntimePlugin [roughlyenoughitems]
[02:18:07] [main/INFO]: [REI] ########################################
[02:18:07] [main/INFO]: [REI] %%%%%%%%%%%%%%%%%%%%%%%%%%%%%%%%%%%%%%%%
[02:18:07] [main/INFO]: [REI] REIServerPlugin starting main-reload for START.
[02:18:07] [main/INFO]: [REI] Plugins (3):
[02:18:07] [main/INFO]: [REI]  - (-100.00) DefaultPlugin of DefaultPlugin [roughlyenoughitems]
[02:18:07] [main/INFO]: [REI]  - (0.00) FabricFluidAPISupportPlugin
[02:18:07] [main/INFO]: [REI]  - (0.00) DefaultRuntimePlugin of DefaultRuntimePlugin [roughlyenoughitems]
[02:18:07] [main/INFO]: [REI] %%%%%%%%%%%%%%%%%%%%%%%%%%%%%%%%%%%%%%%%
[02:18:07] [main/INFO]: [REI] REIPlugin finished post-reload for START in 2.149 ms, totaling 32.02 ms.
[02:18:07] [main/INFO]: [REI] REIServerPlugin finished post-reload for START in 496.7 μs, totaling 5.531 ms.
[02:18:07] [main/INFO]: [REI] ~~~~~~~~~~~~~~~~~~~~~~~~~~~~~~~~~~~~~~~~
[02:18:07] [main/INFO]: [REI] REIPlugin starting main-reload for END.
[02:18:07] [main/INFO]: [REI] Plugins (3):
[02:18:07] [main/INFO]: [REI]  - (-100.00) DefaultPlugin of DefaultPlugin [roughlyenoughitems]
[02:18:07] [main/INFO]: [REI]  - (0.00) FabricFluidAPISupportPlugin
[02:18:07] [main/INFO]: [REI]  - (0.00) DefaultRuntimePlugin of DefaultRuntimePlugin [roughlyenoughitems]
[02:18:07] [main/INFO]: [REI] ~~~~~~~~~~~~~~~~~~~~~~~~~~~~~~~~~~~~~~~~
[02:18:07] [main/INFO]: [REI] ########################################
[02:18:07] [main/INFO]: [REI] REIServerPlugin starting main-reload for END.
[02:18:07] [main/INFO]: [REI] Plugins (3):
[02:18:07] [main/INFO]: [REI]  - (-100.00) DefaultPlugin of DefaultPlugin [roughlyenoughitems]
[02:18:07] [main/INFO]: [REI]  - (0.00) FabricFluidAPISupportPlugin
[02:18:07] [main/INFO]: [REI]  - (0.00) DefaultRuntimePlugin of DefaultRuntimePlugin [roughlyenoughitems]
[02:18:07] [main/INFO]: [REI] ########################################
[02:18:07] [main/INFO]: [REI] REIPlugin finished post-reload for END in 999.4 μs, totaling 27.52 ms.
[02:18:07] [main/INFO]: [REI] REIServerPlugin finished post-reload for END in 655.7 μs, totaling 6.194 ms.
[02:18:11] [main/WARN]: Lithium Class Analysis Error: Class de.mrjulsen.crn.block.AbstractAdvancedDisplayBlock cannot be analysed, because getting declared methods crashes with NoClassDefFoundError: net/minecraft/class_322. This is usually caused by modded entities declaring methods that have a return type or parameter type that is annotated with @Environment(value=EnvType.CLIENT). Loading the type is not possible, because it only exists in the CLIENT environment. The recommended fix is to annotate the method with this argument or return type with the same annotation. Lithium handles this error by assuming the class cannot be included in some optimizations.
[02:18:11] [main/WARN]: Lithium Class Analysis Error: Class de.mrjulsen.crn.block.AbstractAdvancedDisplayBlock cannot be analysed, because getting declared methods crashes with NoClassDefFoundError: net/minecraft/class_322. This is usually caused by modded entities declaring methods that have a return type or parameter type that is annotated with @Environment(value=EnvType.CLIENT). Loading the type is not possible, because it only exists in the CLIENT environment. The recommended fix is to annotate the method with this argument or return type with the same annotation. Lithium handles this error by assuming the class cannot be included in some optimizations.
[02:18:11] [main/WARN]: Lithium Class Analysis Error: Class de.mrjulsen.crn.block.AbstractAdvancedDisplayBlock cannot be analysed, because getting declared methods crashes with NoClassDefFoundError: net/minecraft/class_322. This is usually caused by modded entities declaring methods that have a return type or parameter type that is annotated with @Environment(value=EnvType.CLIENT). Loading the type is not possible, because it only exists in the CLIENT environment. The recommended fix is to annotate the method with this argument or return type with the same annotation. Lithium handles this error by assuming the class cannot be included in some optimizations.
[02:18:11] [main/WARN]: Lithium Class Analysis Error: Class de.mrjulsen.crn.block.AbstractAdvancedDisplayBlock cannot be analysed, because getting declared methods crashes with NoClassDefFoundError: net/minecraft/class_322. This is usually caused by modded entities declaring methods that have a return type or parameter type that is annotated with @Environment(value=EnvType.CLIENT). Loading the type is not possible, because it only exists in the CLIENT environment. The recommended fix is to annotate the method with this argument or return type with the same annotation. Lithium handles this error by assuming the class cannot be included in some optimizations.
[02:18:11] [main/WARN]: Lithium Class Analysis Error: Class de.mrjulsen.crn.block.AbstractAdvancedDisplayBlock cannot be analysed, because getting declared methods crashes with NoClassDefFoundError: net/minecraft/class_322. This is usually caused by modded entities declaring methods that have a return type or parameter type that is annotated with @Environment(value=EnvType.CLIENT). Loading the type is not possible, because it only exists in the CLIENT environment. The recommended fix is to annotate the method with this argument or return type with the same annotation. Lithium handles this error by assuming the class cannot be included in some optimizations.
[02:18:11] [main/WARN]: Lithium Class Analysis Error: Class de.mrjulsen.crn.block.AbstractAdvancedDisplayBlock cannot be analysed, because getting declared methods crashes with NoClassDefFoundError: net/minecraft/class_322. This is usually caused by modded entities declaring methods that have a return type or parameter type that is annotated with @Environment(value=EnvType.CLIENT). Loading the type is not possible, because it only exists in the CLIENT environment. The recommended fix is to annotate the method with this argument or return type with the same annotation. Lithium handles this error by assuming the class cannot be included in some optimizations.
[02:18:11] [main/WARN]: Lithium Class Analysis Error: Class de.mrjulsen.crn.block.AbstractAdvancedDisplayBlock cannot be analysed, because getting declared methods crashes with NoClassDefFoundError: net/minecraft/class_322. This is usually caused by modded entities declaring methods that have a return type or parameter type that is annotated with @Environment(value=EnvType.CLIENT). Loading the type is not possible, because it only exists in the CLIENT environment. The recommended fix is to annotate the method with this argument or return type with the same annotation. Lithium handles this error by assuming the class cannot be included in some optimizations.
[02:18:11] [main/WARN]: Lithium Class Analysis Error: Class de.mrjulsen.crn.block.AbstractAdvancedDisplayBlock cannot be analysed, because getting declared methods crashes with NoClassDefFoundError: net/minecraft/class_322. This is usually caused by modded entities declaring methods that have a return type or parameter type that is annotated with @Environment(value=EnvType.CLIENT). Loading the type is not possible, because it only exists in the CLIENT environment. The recommended fix is to annotate the method with this argument or return type with the same annotation. Lithium handles this error by assuming the class cannot be included in some optimizations.
[02:18:11] [main/WARN]: Lithium Class Analysis Error: Class de.mrjulsen.crn.block.AbstractAdvancedDisplayBlock cannot be analysed, because getting declared methods crashes with NoClassDefFoundError: net/minecraft/class_322. This is usually caused by modded entities declaring methods that have a return type or parameter type that is annotated with @Environment(value=EnvType.CLIENT). Loading the type is not possible, because it only exists in the CLIENT environment. The recommended fix is to annotate the method with this argument or return type with the same annotation. Lithium handles this error by assuming the class cannot be included in some optimizations.
[02:18:11] [main/WARN]: Lithium Class Analysis Error: Class de.mrjulsen.crn.block.AbstractAdvancedDisplayBlock cannot be analysed, because getting declared methods crashes with NoClassDefFoundError: net/minecraft/class_322. This is usually caused by modded entities declaring methods that have a return type or parameter type that is annotated with @Environment(value=EnvType.CLIENT). Loading the type is not possible, because it only exists in the CLIENT environment. The recommended fix is to annotate the method with this argument or return type with the same annotation. Lithium handles this error by assuming the class cannot be included in some optimizations.
[02:18:11] [main/WARN]: Lithium Class Analysis Error: Class de.mrjulsen.crn.block.AbstractAdvancedDisplayBlock cannot be analysed, because getting declared methods crashes with NoClassDefFoundError: net/minecraft/class_322. This is usually caused by modded entities declaring methods that have a return type or parameter type that is annotated with @Environment(value=EnvType.CLIENT). Loading the type is not possible, because it only exists in the CLIENT environment. The recommended fix is to annotate the method with this argument or return type with the same annotation. Lithium handles this error by assuming the class cannot be included in some optimizations.
[02:18:11] [main/WARN]: Lithium Class Analysis Error: Class de.mrjulsen.crn.block.AbstractAdvancedDisplayBlock cannot be analysed, because getting declared methods crashes with NoClassDefFoundError: net/minecraft/class_322. This is usually caused by modded entities declaring methods that have a return type or parameter type that is annotated with @Environment(value=EnvType.CLIENT). Loading the type is not possible, because it only exists in the CLIENT environment. The recommended fix is to annotate the method with this argument or return type with the same annotation. Lithium handles this error by assuming the class cannot be included in some optimizations.
[02:18:11] [main/WARN]: Lithium Class Analysis Error: Class de.mrjulsen.crn.block.AbstractAdvancedDisplayBlock cannot be analysed, because getting declared methods crashes with NoClassDefFoundError: net/minecraft/class_322. This is usually caused by modded entities declaring methods that have a return type or parameter type that is annotated with @Environment(value=EnvType.CLIENT). Loading the type is not possible, because it only exists in the CLIENT environment. The recommended fix is to annotate the method with this argument or return type with the same annotation. Lithium handles this error by assuming the class cannot be included in some optimizations.
[02:18:11] [main/WARN]: Lithium Class Analysis Error: Class de.mrjulsen.crn.block.AbstractAdvancedDisplayBlock cannot be analysed, because getting declared methods crashes with NoClassDefFoundError: net/minecraft/class_322. This is usually caused by modded entities declaring methods that have a return type or parameter type that is annotated with @Environment(value=EnvType.CLIENT). Loading the type is not possible, because it only exists in the CLIENT environment. The recommended fix is to annotate the method with this argument or return type with the same annotation. Lithium handles this error by assuming the class cannot be included in some optimizations.
[02:18:11] [main/WARN]: Lithium Class Analysis Error: Class de.mrjulsen.crn.block.AbstractAdvancedDisplayBlock cannot be analysed, because getting declared methods crashes with NoClassDefFoundError: net/minecraft/class_322. This is usually caused by modded entities declaring methods that have a return type or parameter type that is annotated with @Environment(value=EnvType.CLIENT). Loading the type is not possible, because it only exists in the CLIENT environment. The recommended fix is to annotate the method with this argument or return type with the same annotation. Lithium handles this error by assuming the class cannot be included in some optimizations.
[02:18:11] [main/WARN]: Lithium Class Analysis Error: Class de.mrjulsen.crn.block.AbstractAdvancedDisplayBlock cannot be analysed, because getting declared methods crashes with NoClassDefFoundError: net/minecraft/class_322. This is usually caused by modded entities declaring methods that have a return type or parameter type that is annotated with @Environment(value=EnvType.CLIENT). Loading the type is not possible, because it only exists in the CLIENT environment. The recommended fix is to annotate the method with this argument or return type with the same annotation. Lithium handles this error by assuming the class cannot be included in some optimizations.
[02:18:11] [main/WARN]: Lithium Class Analysis Error: Class de.mrjulsen.crn.block.AbstractAdvancedDisplayBlock cannot be analysed, because getting declared methods crashes with NoClassDefFoundError: net/minecraft/class_322. This is usually caused by modded entities declaring methods that have a return type or parameter type that is annotated with @Environment(value=EnvType.CLIENT). Loading the type is not possible, because it only exists in the CLIENT environment. The recommended fix is to annotate the method with this argument or return type with the same annotation. Lithium handles this error by assuming the class cannot be included in some optimizations.
[02:18:11] [main/WARN]: Lithium Class Analysis Error: Class de.mrjulsen.crn.block.AbstractAdvancedDisplayBlock cannot be analysed, because getting declared methods crashes with NoClassDefFoundError: net/minecraft/class_322. This is usually caused by modded entities declaring methods that have a return type or parameter type that is annotated with @Environment(value=EnvType.CLIENT). Loading the type is not possible, because it only exists in the CLIENT environment. The recommended fix is to annotate the method with this argument or return type with the same annotation. Lithium handles this error by assuming the class cannot be included in some optimizations.
[02:18:11] [main/WARN]: Lithium Class Analysis Error: Class de.mrjulsen.crn.block.AbstractAdvancedDisplayBlock cannot be analysed, because getting declared methods crashes with NoClassDefFoundError: net/minecraft/class_322. This is usually caused by modded entities declaring methods that have a return type or parameter type that is annotated with @Environment(value=EnvType.CLIENT). Loading the type is not possible, because it only exists in the CLIENT environment. The recommended fix is to annotate the method with this argument or return type with the same annotation. Lithium handles this error by assuming the class cannot be included in some optimizations.
[02:18:11] [main/WARN]: Lithium Class Analysis Error: Class de.mrjulsen.crn.block.AbstractAdvancedDisplayBlock cannot be analysed, because getting declared methods crashes with NoClassDefFoundError: net/minecraft/class_322. This is usually caused by modded entities declaring methods that have a return type or parameter type that is annotated with @Environment(value=EnvType.CLIENT). Loading the type is not possible, because it only exists in the CLIENT environment. The recommended fix is to annotate the method with this argument or return type with the same annotation. Lithium handles this error by assuming the class cannot be included in some optimizations.
[02:18:11] [main/WARN]: Lithium Class Analysis Error: Class de.mrjulsen.crn.block.AbstractAdvancedDisplayBlock cannot be analysed, because getting declared methods crashes with NoClassDefFoundError: net/minecraft/class_322. This is usually caused by modded entities declaring methods that have a return type or parameter type that is annotated with @Environment(value=EnvType.CLIENT). Loading the type is not possible, because it only exists in the CLIENT environment. The recommended fix is to annotate the method with this argument or return type with the same annotation. Lithium handles this error by assuming the class cannot be included in some optimizations.
[02:18:11] [main/WARN]: Lithium Class Analysis Error: Class de.mrjulsen.crn.block.AbstractAdvancedDisplayBlock cannot be analysed, because getting declared methods crashes with NoClassDefFoundError: net/minecraft/class_322. This is usually caused by modded entities declaring methods that have a return type or parameter type that is annotated with @Environment(value=EnvType.CLIENT). Loading the type is not possible, because it only exists in the CLIENT environment. The recommended fix is to annotate the method with this argument or return type with the same annotation. Lithium handles this error by assuming the class cannot be included in some optimizations.
[02:18:11] [main/WARN]: Lithium Class Analysis Error: Class de.mrjulsen.crn.block.AbstractAdvancedDisplayBlock cannot be analysed, because getting declared methods crashes with NoClassDefFoundError: net/minecraft/class_322. This is usually caused by modded entities declaring methods that have a return type or parameter type that is annotated with @Environment(value=EnvType.CLIENT). Loading the type is not possible, because it only exists in the CLIENT environment. The recommended fix is to annotate the method with this argument or return type with the same annotation. Lithium handles this error by assuming the class cannot be included in some optimizations.
[02:18:11] [main/WARN]: Lithium Class Analysis Error: Class de.mrjulsen.crn.block.AbstractAdvancedDisplayBlock cannot be analysed, because getting declared methods crashes with NoClassDefFoundError: net/minecraft/class_322. This is usually caused by modded entities declaring methods that have a return type or parameter type that is annotated with @Environment(value=EnvType.CLIENT). Loading the type is not possible, because it only exists in the CLIENT environment. The recommended fix is to annotate the method with this argument or return type with the same annotation. Lithium handles this error by assuming the class cannot be included in some optimizations.
[02:18:11] [main/WARN]: Lithium Class Analysis Error: Class de.mrjulsen.crn.block.AbstractAdvancedDisplayBlock cannot be analysed, because getting declared methods crashes with NoClassDefFoundError: net/minecraft/class_322. This is usually caused by modded entities declaring methods that have a return type or parameter type that is annotated with @Environment(value=EnvType.CLIENT). Loading the type is not possible, because it only exists in the CLIENT environment. The recommended fix is to annotate the method with this argument or return type with the same annotation. Lithium handles this error by assuming the class cannot be included in some optimizations.
[02:18:11] [main/WARN]: Lithium Class Analysis Error: Class de.mrjulsen.crn.block.AbstractAdvancedDisplayBlock cannot be analysed, because getting declared methods crashes with NoClassDefFoundError: net/minecraft/class_322. This is usually caused by modded entities declaring methods that have a return type or parameter type that is annotated with @Environment(value=EnvType.CLIENT). Loading the type is not possible, because it only exists in the CLIENT environment. The recommended fix is to annotate the method with this argument or return type with the same annotation. Lithium handles this error by assuming the class cannot be included in some optimizations.
[02:18:11] [main/WARN]: Lithium Class Analysis Error: Class de.mrjulsen.crn.block.AbstractAdvancedDisplayBlock cannot be analysed, because getting declared methods crashes with NoClassDefFoundError: net/minecraft/class_322. This is usually caused by modded entities declaring methods that have a return type or parameter type that is annotated with @Environment(value=EnvType.CLIENT). Loading the type is not possible, because it only exists in the CLIENT environment. The recommended fix is to annotate the method with this argument or return type with the same annotation. Lithium handles this error by assuming the class cannot be included in some optimizations.
[02:18:11] [main/WARN]: Lithium Class Analysis Error: Class de.mrjulsen.crn.block.AbstractAdvancedDisplayBlock cannot be analysed, because getting declared methods crashes with NoClassDefFoundError: net/minecraft/class_322. This is usually caused by modded entities declaring methods that have a return type or parameter type that is annotated with @Environment(value=EnvType.CLIENT). Loading the type is not possible, because it only exists in the CLIENT environment. The recommended fix is to annotate the method with this argument or return type with the same annotation. Lithium handles this error by assuming the class cannot be included in some optimizations.
[02:18:11] [main/WARN]: Lithium Class Analysis Error: Class de.mrjulsen.crn.block.AbstractAdvancedDisplayBlock cannot be analysed, because getting declared methods crashes with NoClassDefFoundError: net/minecraft/class_322. This is usually caused by modded entities declaring methods that have a return type or parameter type that is annotated with @Environment(value=EnvType.CLIENT). Loading the type is not possible, because it only exists in the CLIENT environment. The recommended fix is to annotate the method with this argument or return type with the same annotation. Lithium handles this error by assuming the class cannot be included in some optimizations.
[02:18:11] [main/WARN]: Lithium Class Analysis Error: Class de.mrjulsen.crn.block.AbstractAdvancedDisplayBlock cannot be analysed, because getting declared methods crashes with NoClassDefFoundError: net/minecraft/class_322. This is usually caused by modded entities declaring methods that have a return type or parameter type that is annotated with @Environment(value=EnvType.CLIENT). Loading the type is not possible, because it only exists in the CLIENT environment. The recommended fix is to annotate the method with this argument or return type with the same annotation. Lithium handles this error by assuming the class cannot be included in some optimizations.
[02:18:11] [main/WARN]: Lithium Class Analysis Error: Class de.mrjulsen.crn.block.AbstractAdvancedDisplayBlock cannot be analysed, because getting declared methods crashes with NoClassDefFoundError: net/minecraft/class_322. This is usually caused by modded entities declaring methods that have a return type or parameter type that is annotated with @Environment(value=EnvType.CLIENT). Loading the type is not possible, because it only exists in the CLIENT environment. The recommended fix is to annotate the method with this argument or return type with the same annotation. Lithium handles this error by assuming the class cannot be included in some optimizations.
[02:18:11] [main/WARN]: Lithium Class Analysis Error: Class de.mrjulsen.crn.block.AbstractAdvancedDisplayBlock cannot be analysed, because getting declared methods crashes with NoClassDefFoundError: net/minecraft/class_322. This is usually caused by modded entities declaring methods that have a return type or parameter type that is annotated with @Environment(value=EnvType.CLIENT). Loading the type is not possible, because it only exists in the CLIENT environment. The recommended fix is to annotate the method with this argument or return type with the same annotation. Lithium handles this error by assuming the class cannot be included in some optimizations.
[02:18:11] [main/WARN]: Lithium Class Analysis Error: Class de.mrjulsen.crn.block.AbstractAdvancedDisplayBlock cannot be analysed, because getting declared methods crashes with NoClassDefFoundError: net/minecraft/class_322. This is usually caused by modded entities declaring methods that have a return type or parameter type that is annotated with @Environment(value=EnvType.CLIENT). Loading the type is not possible, because it only exists in the CLIENT environment. The recommended fix is to annotate the method with this argument or return type with the same annotation. Lithium handles this error by assuming the class cannot be included in some optimizations.
[02:18:11] [main/WARN]: Lithium Class Analysis Error: Class de.mrjulsen.crn.block.AbstractAdvancedDisplayBlock cannot be analysed, because getting declared methods crashes with NoClassDefFoundError: net/minecraft/class_322. This is usually caused by modded entities declaring methods that have a return type or parameter type that is annotated with @Environment(value=EnvType.CLIENT). Loading the type is not possible, because it only exists in the CLIENT environment. The recommended fix is to annotate the method with this argument or return type with the same annotation. Lithium handles this error by assuming the class cannot be included in some optimizations.
[02:18:11] [main/WARN]: Lithium Class Analysis Error: Class de.mrjulsen.crn.block.AbstractAdvancedDisplayBlock cannot be analysed, because getting declared methods crashes with NoClassDefFoundError: net/minecraft/class_322. This is usually caused by modded entities declaring methods that have a return type or parameter type that is annotated with @Environment(value=EnvType.CLIENT). Loading the type is not possible, because it only exists in the CLIENT environment. The recommended fix is to annotate the method with this argument or return type with the same annotation. Lithium handles this error by assuming the class cannot be included in some optimizations.
[02:18:11] [main/WARN]: Lithium Class Analysis Error: Class de.mrjulsen.crn.block.AbstractAdvancedDisplayBlock cannot be analysed, because getting declared methods crashes with NoClassDefFoundError: net/minecraft/class_322. This is usually caused by modded entities declaring methods that have a return type or parameter type that is annotated with @Environment(value=EnvType.CLIENT). Loading the type is not possible, because it only exists in the CLIENT environment. The recommended fix is to annotate the method with this argument or return type with the same annotation. Lithium handles this error by assuming the class cannot be included in some optimizations.
[02:18:11] [main/WARN]: Lithium Class Analysis Error: Class de.mrjulsen.crn.block.AbstractAdvancedDisplayBlock cannot be analysed, because getting declared methods crashes with NoClassDefFoundError: net/minecraft/class_322. This is usually caused by modded entities declaring methods that have a return type or parameter type that is annotated with @Environment(value=EnvType.CLIENT). Loading the type is not possible, because it only exists in the CLIENT environment. The recommended fix is to annotate the method with this argument or return type with the same annotation. Lithium handles this error by assuming the class cannot be included in some optimizations.
[02:18:11] [main/WARN]: Lithium Class Analysis Error: Class de.mrjulsen.crn.block.AbstractAdvancedDisplayBlock cannot be analysed, because getting declared methods crashes with NoClassDefFoundError: net/minecraft/class_322. This is usually caused by modded entities declaring methods that have a return type or parameter type that is annotated with @Environment(value=EnvType.CLIENT). Loading the type is not possible, because it only exists in the CLIENT environment. The recommended fix is to annotate the method with this argument or return type with the same annotation. Lithium handles this error by assuming the class cannot be included in some optimizations.
[02:18:11] [main/WARN]: Lithium Class Analysis Error: Class de.mrjulsen.crn.block.AbstractAdvancedDisplayBlock cannot be analysed, because getting declared methods crashes with NoClassDefFoundError: net/minecraft/class_322. This is usually caused by modded entities declaring methods that have a return type or parameter type that is annotated with @Environment(value=EnvType.CLIENT). Loading the type is not possible, because it only exists in the CLIENT environment. The recommended fix is to annotate the method with this argument or return type with the same annotation. Lithium handles this error by assuming the class cannot be included in some optimizations.
[02:18:11] [main/WARN]: Lithium Class Analysis Error: Class de.mrjulsen.crn.block.AbstractAdvancedDisplayBlock cannot be analysed, because getting declared methods crashes with NoClassDefFoundError: net/minecraft/class_322. This is usually caused by modded entities declaring methods that have a return type or parameter type that is annotated with @Environment(value=EnvType.CLIENT). Loading the type is not possible, because it only exists in the CLIENT environment. The recommended fix is to annotate the method with this argument or return type with the same annotation. Lithium handles this error by assuming the class cannot be included in some optimizations.
[02:18:11] [main/WARN]: Lithium Class Analysis Error: Class de.mrjulsen.crn.block.AbstractAdvancedDisplayBlock cannot be analysed, because getting declared methods crashes with NoClassDefFoundError: net/minecraft/class_322. This is usually caused by modded entities declaring methods that have a return type or parameter type that is annotated with @Environment(value=EnvType.CLIENT). Loading the type is not possible, because it only exists in the CLIENT environment. The recommended fix is to annotate the method with this argument or return type with the same annotation. Lithium handles this error by assuming the class cannot be included in some optimizations.
[02:18:11] [main/WARN]: Lithium Class Analysis Error: Class de.mrjulsen.crn.block.AbstractAdvancedDisplayBlock cannot be analysed, because getting declared methods crashes with NoClassDefFoundError: net/minecraft/class_322. This is usually caused by modded entities declaring methods that have a return type or parameter type that is annotated with @Environment(value=EnvType.CLIENT). Loading the type is not possible, because it only exists in the CLIENT environment. The recommended fix is to annotate the method with this argument or return type with the same annotation. Lithium handles this error by assuming the class cannot be included in some optimizations.
[02:18:11] [main/WARN]: Lithium Class Analysis Error: Class de.mrjulsen.crn.block.AbstractAdvancedDisplayBlock cannot be analysed, because getting declared methods crashes with NoClassDefFoundError: net/minecraft/class_322. This is usually caused by modded entities declaring methods that have a return type or parameter type that is annotated with @Environment(value=EnvType.CLIENT). Loading the type is not possible, because it only exists in the CLIENT environment. The recommended fix is to annotate the method with this argument or return type with the same annotation. Lithium handles this error by assuming the class cannot be included in some optimizations.
[02:18:11] [main/WARN]: Lithium Class Analysis Error: Class de.mrjulsen.crn.block.AbstractAdvancedDisplayBlock cannot be analysed, because getting declared methods crashes with NoClassDefFoundError: net/minecraft/class_322. This is usually caused by modded entities declaring methods that have a return type or parameter type that is annotated with @Environment(value=EnvType.CLIENT). Loading the type is not possible, because it only exists in the CLIENT environment. The recommended fix is to annotate the method with this argument or return type with the same annotation. Lithium handles this error by assuming the class cannot be included in some optimizations.
[02:18:11] [main/WARN]: Lithium Class Analysis Error: Class de.mrjulsen.crn.block.AbstractAdvancedDisplayBlock cannot be analysed, because getting declared methods crashes with NoClassDefFoundError: net/minecraft/class_322. This is usually caused by modded entities declaring methods that have a return type or parameter type that is annotated with @Environment(value=EnvType.CLIENT). Loading the type is not possible, because it only exists in the CLIENT environment. The recommended fix is to annotate the method with this argument or return type with the same annotation. Lithium handles this error by assuming the class cannot be included in some optimizations.
[02:18:11] [main/WARN]: Lithium Class Analysis Error: Class de.mrjulsen.crn.block.AbstractAdvancedDisplayBlock cannot be analysed, because getting declared methods crashes with NoClassDefFoundError: net/minecraft/class_322. This is usually caused by modded entities declaring methods that have a return type or parameter type that is annotated with @Environment(value=EnvType.CLIENT). Loading the type is not possible, because it only exists in the CLIENT environment. The recommended fix is to annotate the method with this argument or return type with the same annotation. Lithium handles this error by assuming the class cannot be included in some optimizations.
[02:18:11] [main/WARN]: Lithium Class Analysis Error: Class de.mrjulsen.crn.block.AbstractAdvancedDisplayBlock cannot be analysed, because getting declared methods crashes with NoClassDefFoundError: net/minecraft/class_322. This is usually caused by modded entities declaring methods that have a return type or parameter type that is annotated with @Environment(value=EnvType.CLIENT). Loading the type is not possible, because it only exists in the CLIENT environment. The recommended fix is to annotate the method with this argument or return type with the same annotation. Lithium handles this error by assuming the class cannot be included in some optimizations.
[02:18:11] [main/WARN]: Lithium Class Analysis Error: Class de.mrjulsen.crn.block.AbstractAdvancedDisplayBlock cannot be analysed, because getting declared methods crashes with NoClassDefFoundError: net/minecraft/class_322. This is usually caused by modded entities declaring methods that have a return type or parameter type that is annotated with @Environment(value=EnvType.CLIENT). Loading the type is not possible, because it only exists in the CLIENT environment. The recommended fix is to annotate the method with this argument or return type with the same annotation. Lithium handles this error by assuming the class cannot be included in some optimizations.
[02:18:11] [main/WARN]: Lithium Class Analysis Error: Class de.mrjulsen.crn.block.AbstractAdvancedDisplayBlock cannot be analysed, because getting declared methods crashes with NoClassDefFoundError: net/minecraft/class_322. This is usually caused by modded entities declaring methods that have a return type or parameter type that is annotated with @Environment(value=EnvType.CLIENT). Loading the type is not possible, because it only exists in the CLIENT environment. The recommended fix is to annotate the method with this argument or return type with the same annotation. Lithium handles this error by assuming the class cannot be included in some optimizations.
[02:18:11] [main/WARN]: Lithium Class Analysis Error: Class de.mrjulsen.crn.block.AbstractAdvancedDisplayBlock cannot be analysed, because getting declared methods crashes with NoClassDefFoundError: net/minecraft/class_322. This is usually caused by modded entities declaring methods that have a return type or parameter type that is annotated with @Environment(value=EnvType.CLIENT). Loading the type is not possible, because it only exists in the CLIENT environment. The recommended fix is to annotate the method with this argument or return type with the same annotation. Lithium handles this error by assuming the class cannot be included in some optimizations.
[02:18:11] [main/WARN]: Lithium Class Analysis Error: Class de.mrjulsen.crn.block.AbstractAdvancedDisplayBlock cannot be analysed, because getting declared methods crashes with NoClassDefFoundError: net/minecraft/class_322. This is usually caused by modded entities declaring methods that have a return type or parameter type that is annotated with @Environment(value=EnvType.CLIENT). Loading the type is not possible, because it only exists in the CLIENT environment. The recommended fix is to annotate the method with this argument or return type with the same annotation. Lithium handles this error by assuming the class cannot be included in some optimizations.
[02:18:11] [main/WARN]: Lithium Class Analysis Error: Class de.mrjulsen.crn.block.AbstractAdvancedDisplayBlock cannot be analysed, because getting declared methods crashes with NoClassDefFoundError: net/minecraft/class_322. This is usually caused by modded entities declaring methods that have a return type or parameter type that is annotated with @Environment(value=EnvType.CLIENT). Loading the type is not possible, because it only exists in the CLIENT environment. The recommended fix is to annotate the method with this argument or return type with the same annotation. Lithium handles this error by assuming the class cannot be included in some optimizations.
[02:18:11] [main/WARN]: Lithium Class Analysis Error: Class de.mrjulsen.crn.block.AbstractAdvancedDisplayBlock cannot be analysed, because getting declared methods crashes with NoClassDefFoundError: net/minecraft/class_322. This is usually caused by modded entities declaring methods that have a return type or parameter type that is annotated with @Environment(value=EnvType.CLIENT). Loading the type is not possible, because it only exists in the CLIENT environment. The recommended fix is to annotate the method with this argument or return type with the same annotation. Lithium handles this error by assuming the class cannot be included in some optimizations.
[02:18:11] [main/WARN]: Lithium Class Analysis Error: Class de.mrjulsen.crn.block.AbstractAdvancedDisplayBlock cannot be analysed, because getting declared methods crashes with NoClassDefFoundError: net/minecraft/class_322. This is usually caused by modded entities declaring methods that have a return type or parameter type that is annotated with @Environment(value=EnvType.CLIENT). Loading the type is not possible, because it only exists in the CLIENT environment. The recommended fix is to annotate the method with this argument or return type with the same annotation. Lithium handles this error by assuming the class cannot be included in some optimizations.
[02:18:11] [main/WARN]: Lithium Class Analysis Error: Class de.mrjulsen.crn.block.AbstractAdvancedDisplayBlock cannot be analysed, because getting declared methods crashes with NoClassDefFoundError: net/minecraft/class_322. This is usually caused by modded entities declaring methods that have a return type or parameter type that is annotated with @Environment(value=EnvType.CLIENT). Loading the type is not possible, because it only exists in the CLIENT environment. The recommended fix is to annotate the method with this argument or return type with the same annotation. Lithium handles this error by assuming the class cannot be included in some optimizations.
[02:18:11] [main/WARN]: Lithium Class Analysis Error: Class de.mrjulsen.crn.block.AbstractAdvancedDisplayBlock cannot be analysed, because getting declared methods crashes with NoClassDefFoundError: net/minecraft/class_322. This is usually caused by modded entities declaring methods that have a return type or parameter type that is annotated with @Environment(value=EnvType.CLIENT). Loading the type is not possible, because it only exists in the CLIENT environment. The recommended fix is to annotate the method with this argument or return type with the same annotation. Lithium handles this error by assuming the class cannot be included in some optimizations.
[02:18:11] [main/WARN]: Lithium Class Analysis Error: Class de.mrjulsen.crn.block.AbstractAdvancedDisplayBlock cannot be analysed, because getting declared methods crashes with NoClassDefFoundError: net/minecraft/class_322. This is usually caused by modded entities declaring methods that have a return type or parameter type that is annotated with @Environment(value=EnvType.CLIENT). Loading the type is not possible, because it only exists in the CLIENT environment. The recommended fix is to annotate the method with this argument or return type with the same annotation. Lithium handles this error by assuming the class cannot be included in some optimizations.
[02:18:11] [main/WARN]: Lithium Class Analysis Error: Class de.mrjulsen.crn.block.AbstractAdvancedDisplayBlock cannot be analysed, because getting declared methods crashes with NoClassDefFoundError: net/minecraft/class_322. This is usually caused by modded entities declaring methods that have a return type or parameter type that is annotated with @Environment(value=EnvType.CLIENT). Loading the type is not possible, because it only exists in the CLIENT environment. The recommended fix is to annotate the method with this argument or return type with the same annotation. Lithium handles this error by assuming the class cannot be included in some optimizations.
[02:18:11] [main/WARN]: Lithium Class Analysis Error: Class de.mrjulsen.crn.block.AbstractAdvancedDisplayBlock cannot be analysed, because getting declared methods crashes with NoClassDefFoundError: net/minecraft/class_322. This is usually caused by modded entities declaring methods that have a return type or parameter type that is annotated with @Environment(value=EnvType.CLIENT). Loading the type is not possible, because it only exists in the CLIENT environment. The recommended fix is to annotate the method with this argument or return type with the same annotation. Lithium handles this error by assuming the class cannot be included in some optimizations.
[02:18:11] [main/WARN]: Lithium Class Analysis Error: Class de.mrjulsen.crn.block.AbstractAdvancedDisplayBlock cannot be analysed, because getting declared methods crashes with NoClassDefFoundError: net/minecraft/class_322. This is usually caused by modded entities declaring methods that have a return type or parameter type that is annotated with @Environment(value=EnvType.CLIENT). Loading the type is not possible, because it only exists in the CLIENT environment. The recommended fix is to annotate the method with this argument or return type with the same annotation. Lithium handles this error by assuming the class cannot be included in some optimizations.
[02:18:11] [main/WARN]: Lithium Class Analysis Error: Class de.mrjulsen.crn.block.AbstractAdvancedDisplayBlock cannot be analysed, because getting declared methods crashes with NoClassDefFoundError: net/minecraft/class_322. This is usually caused by modded entities declaring methods that have a return type or parameter type that is annotated with @Environment(value=EnvType.CLIENT). Loading the type is not possible, because it only exists in the CLIENT environment. The recommended fix is to annotate the method with this argument or return type with the same annotation. Lithium handles this error by assuming the class cannot be included in some optimizations.
[02:18:11] [main/WARN]: Lithium Class Analysis Error: Class de.mrjulsen.crn.block.AbstractAdvancedDisplayBlock cannot be analysed, because getting declared methods crashes with NoClassDefFoundError: net/minecraft/class_322. This is usually caused by modded entities declaring methods that have a return type or parameter type that is annotated with @Environment(value=EnvType.CLIENT). Loading the type is not possible, because it only exists in the CLIENT environment. The recommended fix is to annotate the method with this argument or return type with the same annotation. Lithium handles this error by assuming the class cannot be included in some optimizations.
[02:18:11] [main/WARN]: Lithium Class Analysis Error: Class de.mrjulsen.crn.block.AbstractAdvancedDisplayBlock cannot be analysed, because getting declared methods crashes with NoClassDefFoundError: net/minecraft/class_322. This is usually caused by modded entities declaring methods that have a return type or parameter type that is annotated with @Environment(value=EnvType.CLIENT). Loading the type is not possible, because it only exists in the CLIENT environment. The recommended fix is to annotate the method with this argument or return type with the same annotation. Lithium handles this error by assuming the class cannot be included in some optimizations.
[02:18:11] [main/WARN]: Lithium Class Analysis Error: Class de.mrjulsen.crn.block.AbstractAdvancedDisplayBlock cannot be analysed, because getting declared methods crashes with NoClassDefFoundError: net/minecraft/class_322. This is usually caused by modded entities declaring methods that have a return type or parameter type that is annotated with @Environment(value=EnvType.CLIENT). Loading the type is not possible, because it only exists in the CLIENT environment. The recommended fix is to annotate the method with this argument or return type with the same annotation. Lithium handles this error by assuming the class cannot be included in some optimizations.
[02:18:11] [main/WARN]: Lithium Class Analysis Error: Class de.mrjulsen.crn.block.AbstractAdvancedDisplayBlock cannot be analysed, because getting declared methods crashes with NoClassDefFoundError: net/minecraft/class_322. This is usually caused by modded entities declaring methods that have a return type or parameter type that is annotated with @Environment(value=EnvType.CLIENT). Loading the type is not possible, because it only exists in the CLIENT environment. The recommended fix is to annotate the method with this argument or return type with the same annotation. Lithium handles this error by assuming the class cannot be included in some optimizations.
[02:18:11] [main/WARN]: Lithium Class Analysis Error: Class de.mrjulsen.crn.block.AbstractAdvancedDisplayBlock cannot be analysed, because getting declared methods crashes with NoClassDefFoundError: net/minecraft/class_322. This is usually caused by modded entities declaring methods that have a return type or parameter type that is annotated with @Environment(value=EnvType.CLIENT). Loading the type is not possible, because it only exists in the CLIENT environment. The recommended fix is to annotate the method with this argument or return type with the same annotation. Lithium handles this error by assuming the class cannot be included in some optimizations.
[02:18:11] [main/WARN]: Lithium Class Analysis Error: Class de.mrjulsen.crn.block.AbstractAdvancedDisplayBlock cannot be analysed, because getting declared methods crashes with NoClassDefFoundError: net/minecraft/class_322. This is usually caused by modded entities declaring methods that have a return type or parameter type that is annotated with @Environment(value=EnvType.CLIENT). Loading the type is not possible, because it only exists in the CLIENT environment. The recommended fix is to annotate the method with this argument or return type with the same annotation. Lithium handles this error by assuming the class cannot be included in some optimizations.
[02:18:11] [main/WARN]: Lithium Class Analysis Error: Class de.mrjulsen.crn.block.AbstractAdvancedDisplayBlock cannot be analysed, because getting declared methods crashes with NoClassDefFoundError: net/minecraft/class_322. This is usually caused by modded entities declaring methods that have a return type or parameter type that is annotated with @Environment(value=EnvType.CLIENT). Loading the type is not possible, because it only exists in the CLIENT environment. The recommended fix is to annotate the method with this argument or return type with the same annotation. Lithium handles this error by assuming the class cannot be included in some optimizations.
[02:18:11] [main/WARN]: Lithium Class Analysis Error: Class de.mrjulsen.crn.block.AbstractAdvancedDisplayBlock cannot be analysed, because getting declared methods crashes with NoClassDefFoundError: net/minecraft/class_322. This is usually caused by modded entities declaring methods that have a return type or parameter type that is annotated with @Environment(value=EnvType.CLIENT). Loading the type is not possible, because it only exists in the CLIENT environment. The recommended fix is to annotate the method with this argument or return type with the same annotation. Lithium handles this error by assuming the class cannot be included in some optimizations.
[02:18:11] [main/WARN]: Lithium Class Analysis Error: Class de.mrjulsen.crn.block.AbstractAdvancedDisplayBlock cannot be analysed, because getting declared methods crashes with NoClassDefFoundError: net/minecraft/class_322. This is usually caused by modded entities declaring methods that have a return type or parameter type that is annotated with @Environment(value=EnvType.CLIENT). Loading the type is not possible, because it only exists in the CLIENT environment. The recommended fix is to annotate the method with this argument or return type with the same annotation. Lithium handles this error by assuming the class cannot be included in some optimizations.
[02:18:11] [main/WARN]: Lithium Class Analysis Error: Class de.mrjulsen.crn.block.AbstractAdvancedDisplayBlock cannot be analysed, because getting declared methods crashes with NoClassDefFoundError: net/minecraft/class_322. This is usually caused by modded entities declaring methods that have a return type or parameter type that is annotated with @Environment(value=EnvType.CLIENT). Loading the type is not possible, because it only exists in the CLIENT environment. The recommended fix is to annotate the method with this argument or return type with the same annotation. Lithium handles this error by assuming the class cannot be included in some optimizations.
[02:18:11] [main/WARN]: Lithium Class Analysis Error: Class de.mrjulsen.crn.block.AbstractAdvancedDisplayBlock cannot be analysed, because getting declared methods crashes with NoClassDefFoundError: net/minecraft/class_322. This is usually caused by modded entities declaring methods that have a return type or parameter type that is annotated with @Environment(value=EnvType.CLIENT). Loading the type is not possible, because it only exists in the CLIENT environment. The recommended fix is to annotate the method with this argument or return type with the same annotation. Lithium handles this error by assuming the class cannot be included in some optimizations.
[02:18:11] [main/WARN]: Lithium Class Analysis Error: Class de.mrjulsen.crn.block.AbstractAdvancedDisplayBlock cannot be analysed, because getting declared methods crashes with NoClassDefFoundError: net/minecraft/class_322. This is usually caused by modded entities declaring methods that have a return type or parameter type that is annotated with @Environment(value=EnvType.CLIENT). Loading the type is not possible, because it only exists in the CLIENT environment. The recommended fix is to annotate the method with this argument or return type with the same annotation. Lithium handles this error by assuming the class cannot be included in some optimizations.
[02:18:11] [main/WARN]: Lithium Class Analysis Error: Class de.mrjulsen.crn.block.AbstractAdvancedDisplayBlock cannot be analysed, because getting declared methods crashes with NoClassDefFoundError: net/minecraft/class_322. This is usually caused by modded entities declaring methods that have a return type or parameter type that is annotated with @Environment(value=EnvType.CLIENT). Loading the type is not possible, because it only exists in the CLIENT environment. The recommended fix is to annotate the method with this argument or return type with the same annotation. Lithium handles this error by assuming the class cannot be included in some optimizations.
[02:18:11] [main/WARN]: Lithium Class Analysis Error: Class de.mrjulsen.crn.block.AbstractAdvancedDisplayBlock cannot be analysed, because getting declared methods crashes with NoClassDefFoundError: net/minecraft/class_322. This is usually caused by modded entities declaring methods that have a return type or parameter type that is annotated with @Environment(value=EnvType.CLIENT). Loading the type is not possible, because it only exists in the CLIENT environment. The recommended fix is to annotate the method with this argument or return type with the same annotation. Lithium handles this error by assuming the class cannot be included in some optimizations.
[02:18:11] [main/WARN]: Lithium Class Analysis Error: Class de.mrjulsen.crn.block.AbstractAdvancedDisplayBlock cannot be analysed, because getting declared methods crashes with NoClassDefFoundError: net/minecraft/class_322. This is usually caused by modded entities declaring methods that have a return type or parameter type that is annotated with @Environment(value=EnvType.CLIENT). Loading the type is not possible, because it only exists in the CLIENT environment. The recommended fix is to annotate the method with this argument or return type with the same annotation. Lithium handles this error by assuming the class cannot be included in some optimizations.
[02:18:11] [main/WARN]: Lithium Class Analysis Error: Class de.mrjulsen.crn.block.AbstractAdvancedDisplayBlock cannot be analysed, because getting declared methods crashes with NoClassDefFoundError: net/minecraft/class_322. This is usually caused by modded entities declaring methods that have a return type or parameter type that is annotated with @Environment(value=EnvType.CLIENT). Loading the type is not possible, because it only exists in the CLIENT environment. The recommended fix is to annotate the method with this argument or return type with the same annotation. Lithium handles this error by assuming the class cannot be included in some optimizations.
[02:18:11] [main/WARN]: Lithium Class Analysis Error: Class de.mrjulsen.crn.block.AbstractAdvancedDisplayBlock cannot be analysed, because getting declared methods crashes with NoClassDefFoundError: net/minecraft/class_322. This is usually caused by modded entities declaring methods that have a return type or parameter type that is annotated with @Environment(value=EnvType.CLIENT). Loading the type is not possible, because it only exists in the CLIENT environment. The recommended fix is to annotate the method with this argument or return type with the same annotation. Lithium handles this error by assuming the class cannot be included in some optimizations.
[02:18:11] [main/WARN]: Lithium Class Analysis Error: Class de.mrjulsen.crn.block.AbstractAdvancedDisplayBlock cannot be analysed, because getting declared methods crashes with NoClassDefFoundError: net/minecraft/class_322. This is usually caused by modded entities declaring methods that have a return type or parameter type that is annotated with @Environment(value=EnvType.CLIENT). Loading the type is not possible, because it only exists in the CLIENT environment. The recommended fix is to annotate the method with this argument or return type with the same annotation. Lithium handles this error by assuming the class cannot be included in some optimizations.
[02:18:11] [main/WARN]: Lithium Class Analysis Error: Class de.mrjulsen.crn.block.AbstractAdvancedDisplayBlock cannot be analysed, because getting declared methods crashes with NoClassDefFoundError: net/minecraft/class_322. This is usually caused by modded entities declaring methods that have a return type or parameter type that is annotated with @Environment(value=EnvType.CLIENT). Loading the type is not possible, because it only exists in the CLIENT environment. The recommended fix is to annotate the method with this argument or return type with the same annotation. Lithium handles this error by assuming the class cannot be included in some optimizations.
[02:18:11] [main/WARN]: Lithium Class Analysis Error: Class de.mrjulsen.crn.block.AbstractAdvancedDisplayBlock cannot be analysed, because getting declared methods crashes with NoClassDefFoundError: net/minecraft/class_322. This is usually caused by modded entities declaring methods that have a return type or parameter type that is annotated with @Environment(value=EnvType.CLIENT). Loading the type is not possible, because it only exists in the CLIENT environment. The recommended fix is to annotate the method with this argument or return type with the same annotation. Lithium handles this error by assuming the class cannot be included in some optimizations.
[02:18:11] [main/WARN]: Lithium Class Analysis Error: Class de.mrjulsen.crn.block.AbstractAdvancedDisplayBlock cannot be analysed, because getting declared methods crashes with NoClassDefFoundError: net/minecraft/class_322. This is usually caused by modded entities declaring methods that have a return type or parameter type that is annotated with @Environment(value=EnvType.CLIENT). Loading the type is not possible, because it only exists in the CLIENT environment. The recommended fix is to annotate the method with this argument or return type with the same annotation. Lithium handles this error by assuming the class cannot be included in some optimizations.
[02:18:11] [main/WARN]: Lithium Class Analysis Error: Class de.mrjulsen.crn.block.AbstractAdvancedDisplayBlock cannot be analysed, because getting declared methods crashes with NoClassDefFoundError: net/minecraft/class_322. This is usually caused by modded entities declaring methods that have a return type or parameter type that is annotated with @Environment(value=EnvType.CLIENT). Loading the type is not possible, because it only exists in the CLIENT environment. The recommended fix is to annotate the method with this argument or return type with the same annotation. Lithium handles this error by assuming the class cannot be included in some optimizations.
[02:18:11] [main/WARN]: Lithium Class Analysis Error: Class de.mrjulsen.crn.block.AbstractAdvancedDisplayBlock cannot be analysed, because getting declared methods crashes with NoClassDefFoundError: net/minecraft/class_322. This is usually caused by modded entities declaring methods that have a return type or parameter type that is annotated with @Environment(value=EnvType.CLIENT). Loading the type is not possible, because it only exists in the CLIENT environment. The recommended fix is to annotate the method with this argument or return type with the same annotation. Lithium handles this error by assuming the class cannot be included in some optimizations.
[02:18:11] [main/WARN]: Lithium Class Analysis Error: Class de.mrjulsen.crn.block.AbstractAdvancedDisplayBlock cannot be analysed, because getting declared methods crashes with NoClassDefFoundError: net/minecraft/class_322. This is usually caused by modded entities declaring methods that have a return type or parameter type that is annotated with @Environment(value=EnvType.CLIENT). Loading the type is not possible, because it only exists in the CLIENT environment. The recommended fix is to annotate the method with this argument or return type with the same annotation. Lithium handles this error by assuming the class cannot be included in some optimizations.
[02:18:11] [main/WARN]: Lithium Class Analysis Error: Class de.mrjulsen.crn.block.AbstractAdvancedDisplayBlock cannot be analysed, because getting declared methods crashes with NoClassDefFoundError: net/minecraft/class_322. This is usually caused by modded entities declaring methods that have a return type or parameter type that is annotated with @Environment(value=EnvType.CLIENT). Loading the type is not possible, because it only exists in the CLIENT environment. The recommended fix is to annotate the method with this argument or return type with the same annotation. Lithium handles this error by assuming the class cannot be included in some optimizations.
[02:18:11] [main/WARN]: Lithium Class Analysis Error: Class de.mrjulsen.crn.block.AbstractAdvancedDisplayBlock cannot be analysed, because getting declared methods crashes with NoClassDefFoundError: net/minecraft/class_322. This is usually caused by modded entities declaring methods that have a return type or parameter type that is annotated with @Environment(value=EnvType.CLIENT). Loading the type is not possible, because it only exists in the CLIENT environment. The recommended fix is to annotate the method with this argument or return type with the same annotation. Lithium handles this error by assuming the class cannot be included in some optimizations.
[02:18:11] [main/WARN]: Lithium Class Analysis Error: Class de.mrjulsen.crn.block.AbstractAdvancedDisplayBlock cannot be analysed, because getting declared methods crashes with NoClassDefFoundError: net/minecraft/class_322. This is usually caused by modded entities declaring methods that have a return type or parameter type that is annotated with @Environment(value=EnvType.CLIENT). Loading the type is not possible, because it only exists in the CLIENT environment. The recommended fix is to annotate the method with this argument or return type with the same annotation. Lithium handles this error by assuming the class cannot be included in some optimizations.
[02:18:11] [main/WARN]: Lithium Class Analysis Error: Class de.mrjulsen.crn.block.AbstractAdvancedDisplayBlock cannot be analysed, because getting declared methods crashes with NoClassDefFoundError: net/minecraft/class_322. This is usually caused by modded entities declaring methods that have a return type or parameter type that is annotated with @Environment(value=EnvType.CLIENT). Loading the type is not possible, because it only exists in the CLIENT environment. The recommended fix is to annotate the method with this argument or return type with the same annotation. Lithium handles this error by assuming the class cannot be included in some optimizations.
[02:18:11] [main/WARN]: Lithium Class Analysis Error: Class de.mrjulsen.crn.block.AbstractAdvancedDisplayBlock cannot be analysed, because getting declared methods crashes with NoClassDefFoundError: net/minecraft/class_322. This is usually caused by modded entities declaring methods that have a return type or parameter type that is annotated with @Environment(value=EnvType.CLIENT). Loading the type is not possible, because it only exists in the CLIENT environment. The recommended fix is to annotate the method with this argument or return type with the same annotation. Lithium handles this error by assuming the class cannot be included in some optimizations.
[02:18:11] [main/WARN]: Lithium Class Analysis Error: Class de.mrjulsen.crn.block.AbstractAdvancedDisplayBlock cannot be analysed, because getting declared methods crashes with NoClassDefFoundError: net/minecraft/class_322. This is usually caused by modded entities declaring methods that have a return type or parameter type that is annotated with @Environment(value=EnvType.CLIENT). Loading the type is not possible, because it only exists in the CLIENT environment. The recommended fix is to annotate the method with this argument or return type with the same annotation. Lithium handles this error by assuming the class cannot be included in some optimizations.
[02:18:11] [main/WARN]: Lithium Class Analysis Error: Class de.mrjulsen.crn.block.AbstractAdvancedDisplayBlock cannot be analysed, because getting declared methods crashes with NoClassDefFoundError: net/minecraft/class_322. This is usually caused by modded entities declaring methods that have a return type or parameter type that is annotated with @Environment(value=EnvType.CLIENT). Loading the type is not possible, because it only exists in the CLIENT environment. The recommended fix is to annotate the method with this argument or return type with the same annotation. Lithium handles this error by assuming the class cannot be included in some optimizations.
[02:18:11] [main/WARN]: Lithium Class Analysis Error: Class de.mrjulsen.crn.block.AbstractAdvancedDisplayBlock cannot be analysed, because getting declared methods crashes with NoClassDefFoundError: net/minecraft/class_322. This is usually caused by modded entities declaring methods that have a return type or parameter type that is annotated with @Environment(value=EnvType.CLIENT). Loading the type is not possible, because it only exists in the CLIENT environment. The recommended fix is to annotate the method with this argument or return type with the same annotation. Lithium handles this error by assuming the class cannot be included in some optimizations.
[02:18:11] [main/WARN]: Lithium Class Analysis Error: Class de.mrjulsen.crn.block.AbstractAdvancedDisplayBlock cannot be analysed, because getting declared methods crashes with NoClassDefFoundError: net/minecraft/class_322. This is usually caused by modded entities declaring methods that have a return type or parameter type that is annotated with @Environment(value=EnvType.CLIENT). Loading the type is not possible, because it only exists in the CLIENT environment. The recommended fix is to annotate the method with this argument or return type with the same annotation. Lithium handles this error by assuming the class cannot be included in some optimizations.
[02:18:11] [main/WARN]: Lithium Class Analysis Error: Class de.mrjulsen.crn.block.AbstractAdvancedDisplayBlock cannot be analysed, because getting declared methods crashes with NoClassDefFoundError: net/minecraft/class_322. This is usually caused by modded entities declaring methods that have a return type or parameter type that is annotated with @Environment(value=EnvType.CLIENT). Loading the type is not possible, because it only exists in the CLIENT environment. The recommended fix is to annotate the method with this argument or return type with the same annotation. Lithium handles this error by assuming the class cannot be included in some optimizations.
[02:18:11] [main/WARN]: Lithium Class Analysis Error: Class de.mrjulsen.crn.block.AbstractAdvancedDisplayBlock cannot be analysed, because getting declared methods crashes with NoClassDefFoundError: net/minecraft/class_322. This is usually caused by modded entities declaring methods that have a return type or parameter type that is annotated with @Environment(value=EnvType.CLIENT). Loading the type is not possible, because it only exists in the CLIENT environment. The recommended fix is to annotate the method with this argument or return type with the same annotation. Lithium handles this error by assuming the class cannot be included in some optimizations.
[02:18:11] [main/WARN]: Lithium Class Analysis Error: Class de.mrjulsen.crn.block.AbstractAdvancedDisplayBlock cannot be analysed, because getting declared methods crashes with NoClassDefFoundError: net/minecraft/class_322. This is usually caused by modded entities declaring methods that have a return type or parameter type that is annotated with @Environment(value=EnvType.CLIENT). Loading the type is not possible, because it only exists in the CLIENT environment. The recommended fix is to annotate the method with this argument or return type with the same annotation. Lithium handles this error by assuming the class cannot be included in some optimizations.
[02:18:11] [main/WARN]: Lithium Class Analysis Error: Class de.mrjulsen.crn.block.AbstractAdvancedDisplayBlock cannot be analysed, because getting declared methods crashes with NoClassDefFoundError: net/minecraft/class_322. This is usually caused by modded entities declaring methods that have a return type or parameter type that is annotated with @Environment(value=EnvType.CLIENT). Loading the type is not possible, because it only exists in the CLIENT environment. The recommended fix is to annotate the method with this argument or return type with the same annotation. Lithium handles this error by assuming the class cannot be included in some optimizations.
[02:18:11] [main/WARN]: Lithium Class Analysis Error: Class de.mrjulsen.crn.block.AbstractAdvancedDisplayBlock cannot be analysed, because getting declared methods crashes with NoClassDefFoundError: net/minecraft/class_322. This is usually caused by modded entities declaring methods that have a return type or parameter type that is annotated with @Environment(value=EnvType.CLIENT). Loading the type is not possible, because it only exists in the CLIENT environment. The recommended fix is to annotate the method with this argument or return type with the same annotation. Lithium handles this error by assuming the class cannot be included in some optimizations.
[02:18:11] [main/WARN]: Lithium Class Analysis Error: Class de.mrjulsen.crn.block.AbstractAdvancedDisplayBlock cannot be analysed, because getting declared methods crashes with NoClassDefFoundError: net/minecraft/class_322. This is usually caused by modded entities declaring methods that have a return type or parameter type that is annotated with @Environment(value=EnvType.CLIENT). Loading the type is not possible, because it only exists in the CLIENT environment. The recommended fix is to annotate the method with this argument or return type with the same annotation. Lithium handles this error by assuming the class cannot be included in some optimizations.
[02:18:11] [main/WARN]: Lithium Class Analysis Error: Class de.mrjulsen.crn.block.AbstractAdvancedDisplayBlock cannot be analysed, because getting declared methods crashes with NoClassDefFoundError: net/minecraft/class_322. This is usually caused by modded entities declaring methods that have a return type or parameter type that is annotated with @Environment(value=EnvType.CLIENT). Loading the type is not possible, because it only exists in the CLIENT environment. The recommended fix is to annotate the method with this argument or return type with the same annotation. Lithium handles this error by assuming the class cannot be included in some optimizations.
[02:18:11] [main/WARN]: Lithium Class Analysis Error: Class de.mrjulsen.crn.block.AbstractAdvancedDisplayBlock cannot be analysed, because getting declared methods crashes with NoClassDefFoundError: net/minecraft/class_322. This is usually caused by modded entities declaring methods that have a return type or parameter type that is annotated with @Environment(value=EnvType.CLIENT). Loading the type is not possible, because it only exists in the CLIENT environment. The recommended fix is to annotate the method with this argument or return type with the same annotation. Lithium handles this error by assuming the class cannot be included in some optimizations.
[02:18:11] [main/WARN]: Lithium Class Analysis Error: Class de.mrjulsen.crn.block.AbstractAdvancedDisplayBlock cannot be analysed, because getting declared methods crashes with NoClassDefFoundError: net/minecraft/class_322. This is usually caused by modded entities declaring methods that have a return type or parameter type that is annotated with @Environment(value=EnvType.CLIENT). Loading the type is not possible, because it only exists in the CLIENT environment. The recommended fix is to annotate the method with this argument or return type with the same annotation. Lithium handles this error by assuming the class cannot be included in some optimizations.
[02:18:11] [main/WARN]: Lithium Class Analysis Error: Class de.mrjulsen.crn.block.AbstractAdvancedDisplayBlock cannot be analysed, because getting declared methods crashes with NoClassDefFoundError: net/minecraft/class_322. This is usually caused by modded entities declaring methods that have a return type or parameter type that is annotated with @Environment(value=EnvType.CLIENT). Loading the type is not possible, because it only exists in the CLIENT environment. The recommended fix is to annotate the method with this argument or return type with the same annotation. Lithium handles this error by assuming the class cannot be included in some optimizations.
[02:18:11] [main/WARN]: Lithium Class Analysis Error: Class de.mrjulsen.crn.block.AbstractAdvancedDisplayBlock cannot be analysed, because getting declared methods crashes with NoClassDefFoundError: net/minecraft/class_322. This is usually caused by modded entities declaring methods that have a return type or parameter type that is annotated with @Environment(value=EnvType.CLIENT). Loading the type is not possible, because it only exists in the CLIENT environment. The recommended fix is to annotate the method with this argument or return type with the same annotation. Lithium handles this error by assuming the class cannot be included in some optimizations.
[02:18:11] [main/WARN]: Lithium Class Analysis Error: Class de.mrjulsen.crn.block.AbstractAdvancedDisplayBlock cannot be analysed, because getting declared methods crashes with NoClassDefFoundError: net/minecraft/class_322. This is usually caused by modded entities declaring methods that have a return type or parameter type that is annotated with @Environment(value=EnvType.CLIENT). Loading the type is not possible, because it only exists in the CLIENT environment. The recommended fix is to annotate the method with this argument or return type with the same annotation. Lithium handles this error by assuming the class cannot be included in some optimizations.
[02:18:11] [main/WARN]: Lithium Class Analysis Error: Class de.mrjulsen.crn.block.AbstractAdvancedDisplayBlock cannot be analysed, because getting declared methods crashes with NoClassDefFoundError: net/minecraft/class_322. This is usually caused by modded entities declaring methods that have a return type or parameter type that is annotated with @Environment(value=EnvType.CLIENT). Loading the type is not possible, because it only exists in the CLIENT environment. The recommended fix is to annotate the method with this argument or return type with the same annotation. Lithium handles this error by assuming the class cannot be included in some optimizations.
[02:18:11] [main/WARN]: Lithium Class Analysis Error: Class de.mrjulsen.crn.block.AbstractAdvancedDisplayBlock cannot be analysed, because getting declared methods crashes with NoClassDefFoundError: net/minecraft/class_322. This is usually caused by modded entities declaring methods that have a return type or parameter type that is annotated with @Environment(value=EnvType.CLIENT). Loading the type is not possible, because it only exists in the CLIENT environment. The recommended fix is to annotate the method with this argument or return type with the same annotation. Lithium handles this error by assuming the class cannot be included in some optimizations.
[02:18:11] [main/WARN]: Lithium Class Analysis Error: Class de.mrjulsen.crn.block.AbstractAdvancedDisplayBlock cannot be analysed, because getting declared methods crashes with NoClassDefFoundError: net/minecraft/class_322. This is usually caused by modded entities declaring methods that have a return type or parameter type that is annotated with @Environment(value=EnvType.CLIENT). Loading the type is not possible, because it only exists in the CLIENT environment. The recommended fix is to annotate the method with this argument or return type with the same annotation. Lithium handles this error by assuming the class cannot be included in some optimizations.
[02:18:11] [main/WARN]: Lithium Class Analysis Error: Class de.mrjulsen.crn.block.AbstractAdvancedDisplayBlock cannot be analysed, because getting declared methods crashes with NoClassDefFoundError: net/minecraft/class_322. This is usually caused by modded entities declaring methods that have a return type or parameter type that is annotated with @Environment(value=EnvType.CLIENT). Loading the type is not possible, because it only exists in the CLIENT environment. The recommended fix is to annotate the method with this argument or return type with the same annotation. Lithium handles this error by assuming the class cannot be included in some optimizations.
[02:18:11] [main/WARN]: Lithium Class Analysis Error: Class de.mrjulsen.crn.block.AbstractAdvancedDisplayBlock cannot be analysed, because getting declared methods crashes with NoClassDefFoundError: net/minecraft/class_322. This is usually caused by modded entities declaring methods that have a return type or parameter type that is annotated with @Environment(value=EnvType.CLIENT). Loading the type is not possible, because it only exists in the CLIENT environment. The recommended fix is to annotate the method with this argument or return type with the same annotation. Lithium handles this error by assuming the class cannot be included in some optimizations.
[02:18:11] [main/WARN]: Lithium Class Analysis Error: Class de.mrjulsen.crn.block.AbstractAdvancedDisplayBlock cannot be analysed, because getting declared methods crashes with NoClassDefFoundError: net/minecraft/class_322. This is usually caused by modded entities declaring methods that have a return type or parameter type that is annotated with @Environment(value=EnvType.CLIENT). Loading the type is not possible, because it only exists in the CLIENT environment. The recommended fix is to annotate the method with this argument or return type with the same annotation. Lithium handles this error by assuming the class cannot be included in some optimizations.
[02:18:11] [main/WARN]: Lithium Class Analysis Error: Class de.mrjulsen.crn.block.AbstractAdvancedDisplayBlock cannot be analysed, because getting declared methods crashes with NoClassDefFoundError: net/minecraft/class_322. This is usually caused by modded entities declaring methods that have a return type or parameter type that is annotated with @Environment(value=EnvType.CLIENT). Loading the type is not possible, because it only exists in the CLIENT environment. The recommended fix is to annotate the method with this argument or return type with the same annotation. Lithium handles this error by assuming the class cannot be included in some optimizations.
[02:18:11] [main/WARN]: Lithium Class Analysis Error: Class de.mrjulsen.crn.block.AbstractAdvancedDisplayBlock cannot be analysed, because getting declared methods crashes with NoClassDefFoundError: net/minecraft/class_322. This is usually caused by modded entities declaring methods that have a return type or parameter type that is annotated with @Environment(value=EnvType.CLIENT). Loading the type is not possible, because it only exists in the CLIENT environment. The recommended fix is to annotate the method with this argument or return type with the same annotation. Lithium handles this error by assuming the class cannot be included in some optimizations.
[02:18:11] [main/WARN]: Lithium Class Analysis Error: Class de.mrjulsen.crn.block.AbstractAdvancedDisplayBlock cannot be analysed, because getting declared methods crashes with NoClassDefFoundError: net/minecraft/class_322. This is usually caused by modded entities declaring methods that have a return type or parameter type that is annotated with @Environment(value=EnvType.CLIENT). Loading the type is not possible, because it only exists in the CLIENT environment. The recommended fix is to annotate the method with this argument or return type with the same annotation. Lithium handles this error by assuming the class cannot be included in some optimizations.
[02:18:11] [main/WARN]: Lithium Class Analysis Error: Class de.mrjulsen.crn.block.AbstractAdvancedDisplayBlock cannot be analysed, because getting declared methods crashes with NoClassDefFoundError: net/minecraft/class_322. This is usually caused by modded entities declaring methods that have a return type or parameter type that is annotated with @Environment(value=EnvType.CLIENT). Loading the type is not possible, because it only exists in the CLIENT environment. The recommended fix is to annotate the method with this argument or return type with the same annotation. Lithium handles this error by assuming the class cannot be included in some optimizations.
[02:18:11] [main/WARN]: Lithium Class Analysis Error: Class de.mrjulsen.crn.block.AbstractAdvancedDisplayBlock cannot be analysed, because getting declared methods crashes with NoClassDefFoundError: net/minecraft/class_322. This is usually caused by modded entities declaring methods that have a return type or parameter type that is annotated with @Environment(value=EnvType.CLIENT). Loading the type is not possible, because it only exists in the CLIENT environment. The recommended fix is to annotate the method with this argument or return type with the same annotation. Lithium handles this error by assuming the class cannot be included in some optimizations.
[02:18:11] [main/WARN]: Lithium Class Analysis Error: Class de.mrjulsen.crn.block.AbstractAdvancedDisplayBlock cannot be analysed, because getting declared methods crashes with NoClassDefFoundError: net/minecraft/class_322. This is usually caused by modded entities declaring methods that have a return type or parameter type that is annotated with @Environment(value=EnvType.CLIENT). Loading the type is not possible, because it only exists in the CLIENT environment. The recommended fix is to annotate the method with this argument or return type with the same annotation. Lithium handles this error by assuming the class cannot be included in some optimizations.
[02:18:11] [main/WARN]: Lithium Class Analysis Error: Class de.mrjulsen.crn.block.AbstractAdvancedDisplayBlock cannot be analysed, because getting declared methods crashes with NoClassDefFoundError: net/minecraft/class_322. This is usually caused by modded entities declaring methods that have a return type or parameter type that is annotated with @Environment(value=EnvType.CLIENT). Loading the type is not possible, because it only exists in the CLIENT environment. The recommended fix is to annotate the method with this argument or return type with the same annotation. Lithium handles this error by assuming the class cannot be included in some optimizations.
[02:18:11] [main/WARN]: Lithium Class Analysis Error: Class de.mrjulsen.crn.block.AbstractAdvancedDisplayBlock cannot be analysed, because getting declared methods crashes with NoClassDefFoundError: net/minecraft/class_322. This is usually caused by modded entities declaring methods that have a return type or parameter type that is annotated with @Environment(value=EnvType.CLIENT). Loading the type is not possible, because it only exists in the CLIENT environment. The recommended fix is to annotate the method with this argument or return type with the same annotation. Lithium handles this error by assuming the class cannot be included in some optimizations.
[02:18:11] [main/WARN]: Lithium Class Analysis Error: Class de.mrjulsen.crn.block.AbstractAdvancedDisplayBlock cannot be analysed, because getting declared methods crashes with NoClassDefFoundError: net/minecraft/class_322. This is usually caused by modded entities declaring methods that have a return type or parameter type that is annotated with @Environment(value=EnvType.CLIENT). Loading the type is not possible, because it only exists in the CLIENT environment. The recommended fix is to annotate the method with this argument or return type with the same annotation. Lithium handles this error by assuming the class cannot be included in some optimizations.
[02:18:11] [main/WARN]: Lithium Class Analysis Error: Class de.mrjulsen.crn.block.AbstractAdvancedDisplayBlock cannot be analysed, because getting declared methods crashes with NoClassDefFoundError: net/minecraft/class_322. This is usually caused by modded entities declaring methods that have a return type or parameter type that is annotated with @Environment(value=EnvType.CLIENT). Loading the type is not possible, because it only exists in the CLIENT environment. The recommended fix is to annotate the method with this argument or return type with the same annotation. Lithium handles this error by assuming the class cannot be included in some optimizations.
[02:18:11] [main/WARN]: Lithium Class Analysis Error: Class de.mrjulsen.crn.block.AbstractAdvancedDisplayBlock cannot be analysed, because getting declared methods crashes with NoClassDefFoundError: net/minecraft/class_322. This is usually caused by modded entities declaring methods that have a return type or parameter type that is annotated with @Environment(value=EnvType.CLIENT). Loading the type is not possible, because it only exists in the CLIENT environment. The recommended fix is to annotate the method with this argument or return type with the same annotation. Lithium handles this error by assuming the class cannot be included in some optimizations.
[02:18:11] [main/WARN]: Lithium Class Analysis Error: Class de.mrjulsen.crn.block.AbstractAdvancedDisplayBlock cannot be analysed, because getting declared methods crashes with NoClassDefFoundError: net/minecraft/class_322. This is usually caused by modded entities declaring methods that have a return type or parameter type that is annotated with @Environment(value=EnvType.CLIENT). Loading the type is not possible, because it only exists in the CLIENT environment. The recommended fix is to annotate the method with this argument or return type with the same annotation. Lithium handles this error by assuming the class cannot be included in some optimizations.
[02:18:11] [main/WARN]: Lithium Class Analysis Error: Class de.mrjulsen.crn.block.AbstractAdvancedDisplayBlock cannot be analysed, because getting declared methods crashes with NoClassDefFoundError: net/minecraft/class_322. This is usually caused by modded entities declaring methods that have a return type or parameter type that is annotated with @Environment(value=EnvType.CLIENT). Loading the type is not possible, because it only exists in the CLIENT environment. The recommended fix is to annotate the method with this argument or return type with the same annotation. Lithium handles this error by assuming the class cannot be included in some optimizations.
[02:18:11] [main/WARN]: Lithium Class Analysis Error: Class de.mrjulsen.crn.block.AbstractAdvancedDisplayBlock cannot be analysed, because getting declared methods crashes with NoClassDefFoundError: net/minecraft/class_322. This is usually caused by modded entities declaring methods that have a return type or parameter type that is annotated with @Environment(value=EnvType.CLIENT). Loading the type is not possible, because it only exists in the CLIENT environment. The recommended fix is to annotate the method with this argument or return type with the same annotation. Lithium handles this error by assuming the class cannot be included in some optimizations.
[02:18:11] [main/WARN]: Lithium Class Analysis Error: Class de.mrjulsen.crn.block.AbstractAdvancedDisplayBlock cannot be analysed, because getting declared methods crashes with NoClassDefFoundError: net/minecraft/class_322. This is usually caused by modded entities declaring methods that have a return type or parameter type that is annotated with @Environment(value=EnvType.CLIENT). Loading the type is not possible, because it only exists in the CLIENT environment. The recommended fix is to annotate the method with this argument or return type with the same annotation. Lithium handles this error by assuming the class cannot be included in some optimizations.
[02:18:11] [main/WARN]: Lithium Class Analysis Error: Class de.mrjulsen.crn.block.AbstractAdvancedDisplayBlock cannot be analysed, because getting declared methods crashes with NoClassDefFoundError: net/minecraft/class_322. This is usually caused by modded entities declaring methods that have a return type or parameter type that is annotated with @Environment(value=EnvType.CLIENT). Loading the type is not possible, because it only exists in the CLIENT environment. The recommended fix is to annotate the method with this argument or return type with the same annotation. Lithium handles this error by assuming the class cannot be included in some optimizations.
[02:18:11] [main/WARN]: Lithium Class Analysis Error: Class de.mrjulsen.crn.block.AbstractAdvancedDisplayBlock cannot be analysed, because getting declared methods crashes with NoClassDefFoundError: net/minecraft/class_322. This is usually caused by modded entities declaring methods that have a return type or parameter type that is annotated with @Environment(value=EnvType.CLIENT). Loading the type is not possible, because it only exists in the CLIENT environment. The recommended fix is to annotate the method with this argument or return type with the same annotation. Lithium handles this error by assuming the class cannot be included in some optimizations.
[02:18:11] [main/WARN]: Lithium Class Analysis Error: Class de.mrjulsen.crn.block.AbstractAdvancedDisplayBlock cannot be analysed, because getting declared methods crashes with NoClassDefFoundError: net/minecraft/class_322. This is usually caused by modded entities declaring methods that have a return type or parameter type that is annotated with @Environment(value=EnvType.CLIENT). Loading the type is not possible, because it only exists in the CLIENT environment. The recommended fix is to annotate the method with this argument or return type with the same annotation. Lithium handles this error by assuming the class cannot be included in some optimizations.
[02:18:11] [main/WARN]: Lithium Class Analysis Error: Class de.mrjulsen.crn.block.AbstractAdvancedDisplayBlock cannot be analysed, because getting declared methods crashes with NoClassDefFoundError: net/minecraft/class_322. This is usually caused by modded entities declaring methods that have a return type or parameter type that is annotated with @Environment(value=EnvType.CLIENT). Loading the type is not possible, because it only exists in the CLIENT environment. The recommended fix is to annotate the method with this argument or return type with the same annotation. Lithium handles this error by assuming the class cannot be included in some optimizations.
[02:18:11] [main/WARN]: Lithium Class Analysis Error: Class de.mrjulsen.crn.block.AbstractAdvancedDisplayBlock cannot be analysed, because getting declared methods crashes with NoClassDefFoundError: net/minecraft/class_322. This is usually caused by modded entities declaring methods that have a return type or parameter type that is annotated with @Environment(value=EnvType.CLIENT). Loading the type is not possible, because it only exists in the CLIENT environment. The recommended fix is to annotate the method with this argument or return type with the same annotation. Lithium handles this error by assuming the class cannot be included in some optimizations.
[02:18:11] [main/WARN]: Lithium Class Analysis Error: Class de.mrjulsen.crn.block.AbstractAdvancedDisplayBlock cannot be analysed, because getting declared methods crashes with NoClassDefFoundError: net/minecraft/class_322. This is usually caused by modded entities declaring methods that have a return type or parameter type that is annotated with @Environment(value=EnvType.CLIENT). Loading the type is not possible, because it only exists in the CLIENT environment. The recommended fix is to annotate the method with this argument or return type with the same annotation. Lithium handles this error by assuming the class cannot be included in some optimizations.
[02:18:11] [main/WARN]: Lithium Class Analysis Error: Class de.mrjulsen.crn.block.AbstractAdvancedDisplayBlock cannot be analysed, because getting declared methods crashes with NoClassDefFoundError: net/minecraft/class_322. This is usually caused by modded entities declaring methods that have a return type or parameter type that is annotated with @Environment(value=EnvType.CLIENT). Loading the type is not possible, because it only exists in the CLIENT environment. The recommended fix is to annotate the method with this argument or return type with the same annotation. Lithium handles this error by assuming the class cannot be included in some optimizations.
[02:18:11] [main/WARN]: Lithium Class Analysis Error: Class de.mrjulsen.crn.block.AbstractAdvancedDisplayBlock cannot be analysed, because getting declared methods crashes with NoClassDefFoundError: net/minecraft/class_322. This is usually caused by modded entities declaring methods that have a return type or parameter type that is annotated with @Environment(value=EnvType.CLIENT). Loading the type is not possible, because it only exists in the CLIENT environment. The recommended fix is to annotate the method with this argument or return type with the same annotation. Lithium handles this error by assuming the class cannot be included in some optimizations.
[02:18:11] [main/WARN]: Lithium Class Analysis Error: Class de.mrjulsen.crn.block.AbstractAdvancedDisplayBlock cannot be analysed, because getting declared methods crashes with NoClassDefFoundError: net/minecraft/class_322. This is usually caused by modded entities declaring methods that have a return type or parameter type that is annotated with @Environment(value=EnvType.CLIENT). Loading the type is not possible, because it only exists in the CLIENT environment. The recommended fix is to annotate the method with this argument or return type with the same annotation. Lithium handles this error by assuming the class cannot be included in some optimizations.
[02:18:11] [main/WARN]: Lithium Class Analysis Error: Class de.mrjulsen.crn.block.AbstractAdvancedDisplayBlock cannot be analysed, because getting declared methods crashes with NoClassDefFoundError: net/minecraft/class_322. This is usually caused by modded entities declaring methods that have a return type or parameter type that is annotated with @Environment(value=EnvType.CLIENT). Loading the type is not possible, because it only exists in the CLIENT environment. The recommended fix is to annotate the method with this argument or return type with the same annotation. Lithium handles this error by assuming the class cannot be included in some optimizations.
[02:18:11] [main/WARN]: Lithium Class Analysis Error: Class de.mrjulsen.crn.block.AbstractAdvancedDisplayBlock cannot be analysed, because getting declared methods crashes with NoClassDefFoundError: net/minecraft/class_322. This is usually caused by modded entities declaring methods that have a return type or parameter type that is annotated with @Environment(value=EnvType.CLIENT). Loading the type is not possible, because it only exists in the CLIENT environment. The recommended fix is to annotate the method with this argument or return type with the same annotation. Lithium handles this error by assuming the class cannot be included in some optimizations.
[02:18:11] [main/WARN]: Lithium Class Analysis Error: Class de.mrjulsen.crn.block.AbstractAdvancedDisplayBlock cannot be analysed, because getting declared methods crashes with NoClassDefFoundError: net/minecraft/class_322. This is usually caused by modded entities declaring methods that have a return type or parameter type that is annotated with @Environment(value=EnvType.CLIENT). Loading the type is not possible, because it only exists in the CLIENT environment. The recommended fix is to annotate the method with this argument or return type with the same annotation. Lithium handles this error by assuming the class cannot be included in some optimizations.
[02:18:11] [main/WARN]: Lithium Class Analysis Error: Class de.mrjulsen.crn.block.AbstractAdvancedDisplayBlock cannot be analysed, because getting declared methods crashes with NoClassDefFoundError: net/minecraft/class_322. This is usually caused by modded entities declaring methods that have a return type or parameter type that is annotated with @Environment(value=EnvType.CLIENT). Loading the type is not possible, because it only exists in the CLIENT environment. The recommended fix is to annotate the method with this argument or return type with the same annotation. Lithium handles this error by assuming the class cannot be included in some optimizations.
[02:18:11] [main/WARN]: Lithium Class Analysis Error: Class de.mrjulsen.crn.block.AbstractAdvancedDisplayBlock cannot be analysed, because getting declared methods crashes with NoClassDefFoundError: net/minecraft/class_322. This is usually caused by modded entities declaring methods that have a return type or parameter type that is annotated with @Environment(value=EnvType.CLIENT). Loading the type is not possible, because it only exists in the CLIENT environment. The recommended fix is to annotate the method with this argument or return type with the same annotation. Lithium handles this error by assuming the class cannot be included in some optimizations.
[02:18:11] [main/WARN]: Lithium Class Analysis Error: Class de.mrjulsen.crn.block.AbstractAdvancedDisplayBlock cannot be analysed, because getting declared methods crashes with NoClassDefFoundError: net/minecraft/class_322. This is usually caused by modded entities declaring methods that have a return type or parameter type that is annotated with @Environment(value=EnvType.CLIENT). Loading the type is not possible, because it only exists in the CLIENT environment. The recommended fix is to annotate the method with this argument or return type with the same annotation. Lithium handles this error by assuming the class cannot be included in some optimizations.
[02:18:11] [main/WARN]: Lithium Class Analysis Error: Class de.mrjulsen.crn.block.AbstractAdvancedDisplayBlock cannot be analysed, because getting declared methods crashes with NoClassDefFoundError: net/minecraft/class_322. This is usually caused by modded entities declaring methods that have a return type or parameter type that is annotated with @Environment(value=EnvType.CLIENT). Loading the type is not possible, because it only exists in the CLIENT environment. The recommended fix is to annotate the method with this argument or return type with the same annotation. Lithium handles this error by assuming the class cannot be included in some optimizations.
[02:18:11] [main/WARN]: Lithium Class Analysis Error: Class de.mrjulsen.crn.block.AbstractAdvancedDisplayBlock cannot be analysed, because getting declared methods crashes with NoClassDefFoundError: net/minecraft/class_322. This is usually caused by modded entities declaring methods that have a return type or parameter type that is annotated with @Environment(value=EnvType.CLIENT). Loading the type is not possible, because it only exists in the CLIENT environment. The recommended fix is to annotate the method with this argument or return type with the same annotation. Lithium handles this error by assuming the class cannot be included in some optimizations.
[02:18:11] [main/WARN]: Lithium Class Analysis Error: Class de.mrjulsen.crn.block.AbstractAdvancedDisplayBlock cannot be analysed, because getting declared methods crashes with NoClassDefFoundError: net/minecraft/class_322. This is usually caused by modded entities declaring methods that have a return type or parameter type that is annotated with @Environment(value=EnvType.CLIENT). Loading the type is not possible, because it only exists in the CLIENT environment. The recommended fix is to annotate the method with this argument or return type with the same annotation. Lithium handles this error by assuming the class cannot be included in some optimizations.
[02:18:11] [main/WARN]: Lithium Class Analysis Error: Class de.mrjulsen.crn.block.AbstractAdvancedDisplayBlock cannot be analysed, because getting declared methods crashes with NoClassDefFoundError: net/minecraft/class_322. This is usually caused by modded entities declaring methods that have a return type or parameter type that is annotated with @Environment(value=EnvType.CLIENT). Loading the type is not possible, because it only exists in the CLIENT environment. The recommended fix is to annotate the method with this argument or return type with the same annotation. Lithium handles this error by assuming the class cannot be included in some optimizations.
[02:18:11] [main/WARN]: Lithium Class Analysis Error: Class de.mrjulsen.crn.block.AbstractAdvancedDisplayBlock cannot be analysed, because getting declared methods crashes with NoClassDefFoundError: net/minecraft/class_322. This is usually caused by modded entities declaring methods that have a return type or parameter type that is annotated with @Environment(value=EnvType.CLIENT). Loading the type is not possible, because it only exists in the CLIENT environment. The recommended fix is to annotate the method with this argument or return type with the same annotation. Lithium handles this error by assuming the class cannot be included in some optimizations.
[02:18:11] [main/WARN]: Lithium Class Analysis Error: Class de.mrjulsen.crn.block.AbstractAdvancedDisplayBlock cannot be analysed, because getting declared methods crashes with NoClassDefFoundError: net/minecraft/class_322. This is usually caused by modded entities declaring methods that have a return type or parameter type that is annotated with @Environment(value=EnvType.CLIENT). Loading the type is not possible, because it only exists in the CLIENT environment. The recommended fix is to annotate the method with this argument or return type with the same annotation. Lithium handles this error by assuming the class cannot be included in some optimizations.
[02:18:11] [main/WARN]: Lithium Class Analysis Error: Class de.mrjulsen.crn.block.AbstractAdvancedDisplayBlock cannot be analysed, because getting declared methods crashes with NoClassDefFoundError: net/minecraft/class_322. This is usually caused by modded entities declaring methods that have a return type or parameter type that is annotated with @Environment(value=EnvType.CLIENT). Loading the type is not possible, because it only exists in the CLIENT environment. The recommended fix is to annotate the method with this argument or return type with the same annotation. Lithium handles this error by assuming the class cannot be included in some optimizations.
[02:18:11] [main/WARN]: Lithium Class Analysis Error: Class de.mrjulsen.crn.block.AbstractAdvancedDisplayBlock cannot be analysed, because getting declared methods crashes with NoClassDefFoundError: net/minecraft/class_322. This is usually caused by modded entities declaring methods that have a return type or parameter type that is annotated with @Environment(value=EnvType.CLIENT). Loading the type is not possible, because it only exists in the CLIENT environment. The recommended fix is to annotate the method with this argument or return type with the same annotation. Lithium handles this error by assuming the class cannot be included in some optimizations.
[02:18:11] [main/WARN]: Lithium Class Analysis Error: Class de.mrjulsen.crn.block.AbstractAdvancedDisplayBlock cannot be analysed, because getting declared methods crashes with NoClassDefFoundError: net/minecraft/class_322. This is usually caused by modded entities declaring methods that have a return type or parameter type that is annotated with @Environment(value=EnvType.CLIENT). Loading the type is not possible, because it only exists in the CLIENT environment. The recommended fix is to annotate the method with this argument or return type with the same annotation. Lithium handles this error by assuming the class cannot be included in some optimizations.
[02:18:11] [main/WARN]: Lithium Class Analysis Error: Class de.mrjulsen.crn.block.AbstractAdvancedDisplayBlock cannot be analysed, because getting declared methods crashes with NoClassDefFoundError: net/minecraft/class_322. This is usually caused by modded entities declaring methods that have a return type or parameter type that is annotated with @Environment(value=EnvType.CLIENT). Loading the type is not possible, because it only exists in the CLIENT environment. The recommended fix is to annotate the method with this argument or return type with the same annotation. Lithium handles this error by assuming the class cannot be included in some optimizations.
[02:18:11] [main/WARN]: Lithium Class Analysis Error: Class de.mrjulsen.crn.block.AbstractAdvancedDisplayBlock cannot be analysed, because getting declared methods crashes with NoClassDefFoundError: net/minecraft/class_322. This is usually caused by modded entities declaring methods that have a return type or parameter type that is annotated with @Environment(value=EnvType.CLIENT). Loading the type is not possible, because it only exists in the CLIENT environment. The recommended fix is to annotate the method with this argument or return type with the same annotation. Lithium handles this error by assuming the class cannot be included in some optimizations.
[02:18:11] [main/WARN]: Lithium Class Analysis Error: Class de.mrjulsen.crn.block.AbstractAdvancedDisplayBlock cannot be analysed, because getting declared methods crashes with NoClassDefFoundError: net/minecraft/class_322. This is usually caused by modded entities declaring methods that have a return type or parameter type that is annotated with @Environment(value=EnvType.CLIENT). Loading the type is not possible, because it only exists in the CLIENT environment. The recommended fix is to annotate the method with this argument or return type with the same annotation. Lithium handles this error by assuming the class cannot be included in some optimizations.
[02:18:11] [main/WARN]: Lithium Class Analysis Error: Class de.mrjulsen.crn.block.AbstractAdvancedDisplayBlock cannot be analysed, because getting declared methods crashes with NoClassDefFoundError: net/minecraft/class_322. This is usually caused by modded entities declaring methods that have a return type or parameter type that is annotated with @Environment(value=EnvType.CLIENT). Loading the type is not possible, because it only exists in the CLIENT environment. The recommended fix is to annotate the method with this argument or return type with the same annotation. Lithium handles this error by assuming the class cannot be included in some optimizations.
[02:18:11] [main/WARN]: Lithium Class Analysis Error: Class de.mrjulsen.crn.block.AbstractAdvancedDisplayBlock cannot be analysed, because getting declared methods crashes with NoClassDefFoundError: net/minecraft/class_322. This is usually caused by modded entities declaring methods that have a return type or parameter type that is annotated with @Environment(value=EnvType.CLIENT). Loading the type is not possible, because it only exists in the CLIENT environment. The recommended fix is to annotate the method with this argument or return type with the same annotation. Lithium handles this error by assuming the class cannot be included in some optimizations.
[02:18:11] [main/WARN]: Lithium Class Analysis Error: Class de.mrjulsen.crn.block.AbstractAdvancedDisplayBlock cannot be analysed, because getting declared methods crashes with NoClassDefFoundError: net/minecraft/class_322. This is usually caused by modded entities declaring methods that have a return type or parameter type that is annotated with @Environment(value=EnvType.CLIENT). Loading the type is not possible, because it only exists in the CLIENT environment. The recommended fix is to annotate the method with this argument or return type with the same annotation. Lithium handles this error by assuming the class cannot be included in some optimizations.
[02:18:11] [main/WARN]: Lithium Class Analysis Error: Class de.mrjulsen.crn.block.AbstractAdvancedDisplayBlock cannot be analysed, because getting declared methods crashes with NoClassDefFoundError: net/minecraft/class_322. This is usually caused by modded entities declaring methods that have a return type or parameter type that is annotated with @Environment(value=EnvType.CLIENT). Loading the type is not possible, because it only exists in the CLIENT environment. The recommended fix is to annotate the method with this argument or return type with the same annotation. Lithium handles this error by assuming the class cannot be included in some optimizations.
[02:18:11] [main/WARN]: Lithium Class Analysis Error: Class de.mrjulsen.crn.block.AbstractAdvancedDisplayBlock cannot be analysed, because getting declared methods crashes with NoClassDefFoundError: net/minecraft/class_322. This is usually caused by modded entities declaring methods that have a return type or parameter type that is annotated with @Environment(value=EnvType.CLIENT). Loading the type is not possible, because it only exists in the CLIENT environment. The recommended fix is to annotate the method with this argument or return type with the same annotation. Lithium handles this error by assuming the class cannot be included in some optimizations.
[02:18:11] [main/WARN]: Lithium Class Analysis Error: Class de.mrjulsen.crn.block.AbstractAdvancedDisplayBlock cannot be analysed, because getting declared methods crashes with NoClassDefFoundError: net/minecraft/class_322. This is usually caused by modded entities declaring methods that have a return type or parameter type that is annotated with @Environment(value=EnvType.CLIENT). Loading the type is not possible, because it only exists in the CLIENT environment. The recommended fix is to annotate the method with this argument or return type with the same annotation. Lithium handles this error by assuming the class cannot be included in some optimizations.
[02:18:11] [main/WARN]: Lithium Class Analysis Error: Class de.mrjulsen.crn.block.AbstractAdvancedDisplayBlock cannot be analysed, because getting declared methods crashes with NoClassDefFoundError: net/minecraft/class_322. This is usually caused by modded entities declaring methods that have a return type or parameter type that is annotated with @Environment(value=EnvType.CLIENT). Loading the type is not possible, because it only exists in the CLIENT environment. The recommended fix is to annotate the method with this argument or return type with the same annotation. Lithium handles this error by assuming the class cannot be included in some optimizations.
[02:18:11] [main/WARN]: Lithium Class Analysis Error: Class de.mrjulsen.crn.block.AbstractAdvancedDisplayBlock cannot be analysed, because getting declared methods crashes with NoClassDefFoundError: net/minecraft/class_322. This is usually caused by modded entities declaring methods that have a return type or parameter type that is annotated with @Environment(value=EnvType.CLIENT). Loading the type is not possible, because it only exists in the CLIENT environment. The recommended fix is to annotate the method with this argument or return type with the same annotation. Lithium handles this error by assuming the class cannot be included in some optimizations.
[02:18:11] [main/WARN]: Lithium Class Analysis Error: Class de.mrjulsen.crn.block.AbstractAdvancedDisplayBlock cannot be analysed, because getting declared methods crashes with NoClassDefFoundError: net/minecraft/class_322. This is usually caused by modded entities declaring methods that have a return type or parameter type that is annotated with @Environment(value=EnvType.CLIENT). Loading the type is not possible, because it only exists in the CLIENT environment. The recommended fix is to annotate the method with this argument or return type with the same annotation. Lithium handles this error by assuming the class cannot be included in some optimizations.
[02:18:11] [main/WARN]: Lithium Class Analysis Error: Class de.mrjulsen.crn.block.AbstractAdvancedDisplayBlock cannot be analysed, because getting declared methods crashes with NoClassDefFoundError: net/minecraft/class_322. This is usually caused by modded entities declaring methods that have a return type or parameter type that is annotated with @Environment(value=EnvType.CLIENT). Loading the type is not possible, because it only exists in the CLIENT environment. The recommended fix is to annotate the method with this argument or return type with the same annotation. Lithium handles this error by assuming the class cannot be included in some optimizations.
[02:18:11] [main/WARN]: Lithium Class Analysis Error: Class de.mrjulsen.crn.block.AbstractAdvancedDisplayBlock cannot be analysed, because getting declared methods crashes with NoClassDefFoundError: net/minecraft/class_322. This is usually caused by modded entities declaring methods that have a return type or parameter type that is annotated with @Environment(value=EnvType.CLIENT). Loading the type is not possible, because it only exists in the CLIENT environment. The recommended fix is to annotate the method with this argument or return type with the same annotation. Lithium handles this error by assuming the class cannot be included in some optimizations.
[02:18:11] [main/WARN]: Lithium Class Analysis Error: Class de.mrjulsen.crn.block.AbstractAdvancedDisplayBlock cannot be analysed, because getting declared methods crashes with NoClassDefFoundError: net/minecraft/class_322. This is usually caused by modded entities declaring methods that have a return type or parameter type that is annotated with @Environment(value=EnvType.CLIENT). Loading the type is not possible, because it only exists in the CLIENT environment. The recommended fix is to annotate the method with this argument or return type with the same annotation. Lithium handles this error by assuming the class cannot be included in some optimizations.
[02:18:11] [main/WARN]: Lithium Class Analysis Error: Class de.mrjulsen.crn.block.AbstractAdvancedDisplayBlock cannot be analysed, because getting declared methods crashes with NoClassDefFoundError: net/minecraft/class_322. This is usually caused by modded entities declaring methods that have a return type or parameter type that is annotated with @Environment(value=EnvType.CLIENT). Loading the type is not possible, because it only exists in the CLIENT environment. The recommended fix is to annotate the method with this argument or return type with the same annotation. Lithium handles this error by assuming the class cannot be included in some optimizations.
[02:18:11] [main/WARN]: Lithium Class Analysis Error: Class de.mrjulsen.crn.block.AbstractAdvancedDisplayBlock cannot be analysed, because getting declared methods crashes with NoClassDefFoundError: net/minecraft/class_322. This is usually caused by modded entities declaring methods that have a return type or parameter type that is annotated with @Environment(value=EnvType.CLIENT). Loading the type is not possible, because it only exists in the CLIENT environment. The recommended fix is to annotate the method with this argument or return type with the same annotation. Lithium handles this error by assuming the class cannot be included in some optimizations.
[02:18:11] [main/WARN]: Lithium Class Analysis Error: Class de.mrjulsen.crn.block.AbstractAdvancedDisplayBlock cannot be analysed, because getting declared methods crashes with NoClassDefFoundError: net/minecraft/class_322. This is usually caused by modded entities declaring methods that have a return type or parameter type that is annotated with @Environment(value=EnvType.CLIENT). Loading the type is not possible, because it only exists in the CLIENT environment. The recommended fix is to annotate the method with this argument or return type with the same annotation. Lithium handles this error by assuming the class cannot be included in some optimizations.
[02:18:11] [main/WARN]: Lithium Class Analysis Error: Class de.mrjulsen.crn.block.AbstractAdvancedDisplayBlock cannot be analysed, because getting declared methods crashes with NoClassDefFoundError: net/minecraft/class_322. This is usually caused by modded entities declaring methods that have a return type or parameter type that is annotated with @Environment(value=EnvType.CLIENT). Loading the type is not possible, because it only exists in the CLIENT environment. The recommended fix is to annotate the method with this argument or return type with the same annotation. Lithium handles this error by assuming the class cannot be included in some optimizations.
[02:18:11] [main/WARN]: Lithium Class Analysis Error: Class de.mrjulsen.crn.block.AbstractAdvancedDisplayBlock cannot be analysed, because getting declared methods crashes with NoClassDefFoundError: net/minecraft/class_322. This is usually caused by modded entities declaring methods that have a return type or parameter type that is annotated with @Environment(value=EnvType.CLIENT). Loading the type is not possible, because it only exists in the CLIENT environment. The recommended fix is to annotate the method with this argument or return type with the same annotation. Lithium handles this error by assuming the class cannot be included in some optimizations.
[02:18:11] [main/WARN]: Lithium Class Analysis Error: Class de.mrjulsen.crn.block.AbstractAdvancedDisplayBlock cannot be analysed, because getting declared methods crashes with NoClassDefFoundError: net/minecraft/class_322. This is usually caused by modded entities declaring methods that have a return type or parameter type that is annotated with @Environment(value=EnvType.CLIENT). Loading the type is not possible, because it only exists in the CLIENT environment. The recommended fix is to annotate the method with this argument or return type with the same annotation. Lithium handles this error by assuming the class cannot be included in some optimizations.
[02:18:11] [main/WARN]: Lithium Class Analysis Error: Class de.mrjulsen.crn.block.AbstractAdvancedDisplayBlock cannot be analysed, because getting declared methods crashes with NoClassDefFoundError: net/minecraft/class_322. This is usually caused by modded entities declaring methods that have a return type or parameter type that is annotated with @Environment(value=EnvType.CLIENT). Loading the type is not possible, because it only exists in the CLIENT environment. The recommended fix is to annotate the method with this argument or return type with the same annotation. Lithium handles this error by assuming the class cannot be included in some optimizations.
[02:18:11] [main/WARN]: Lithium Class Analysis Error: Class de.mrjulsen.crn.block.AbstractAdvancedDisplayBlock cannot be analysed, because getting declared methods crashes with NoClassDefFoundError: net/minecraft/class_322. This is usually caused by modded entities declaring methods that have a return type or parameter type that is annotated with @Environment(value=EnvType.CLIENT). Loading the type is not possible, because it only exists in the CLIENT environment. The recommended fix is to annotate the method with this argument or return type with the same annotation. Lithium handles this error by assuming the class cannot be included in some optimizations.
[02:18:11] [main/WARN]: Lithium Class Analysis Error: Class de.mrjulsen.crn.block.AbstractAdvancedDisplayBlock cannot be analysed, because getting declared methods crashes with NoClassDefFoundError: net/minecraft/class_322. This is usually caused by modded entities declaring methods that have a return type or parameter type that is annotated with @Environment(value=EnvType.CLIENT). Loading the type is not possible, because it only exists in the CLIENT environment. The recommended fix is to annotate the method with this argument or return type with the same annotation. Lithium handles this error by assuming the class cannot be included in some optimizations.
[02:18:11] [main/WARN]: Lithium Class Analysis Error: Class de.mrjulsen.crn.block.AbstractAdvancedDisplayBlock cannot be analysed, because getting declared methods crashes with NoClassDefFoundError: net/minecraft/class_322. This is usually caused by modded entities declaring methods that have a return type or parameter type that is annotated with @Environment(value=EnvType.CLIENT). Loading the type is not possible, because it only exists in the CLIENT environment. The recommended fix is to annotate the method with this argument or return type with the same annotation. Lithium handles this error by assuming the class cannot be included in some optimizations.
[02:18:11] [main/WARN]: Lithium Class Analysis Error: Class de.mrjulsen.crn.block.AbstractAdvancedDisplayBlock cannot be analysed, because getting declared methods crashes with NoClassDefFoundError: net/minecraft/class_322. This is usually caused by modded entities declaring methods that have a return type or parameter type that is annotated with @Environment(value=EnvType.CLIENT). Loading the type is not possible, because it only exists in the CLIENT environment. The recommended fix is to annotate the method with this argument or return type with the same annotation. Lithium handles this error by assuming the class cannot be included in some optimizations.
[02:18:11] [main/WARN]: Lithium Class Analysis Error: Class de.mrjulsen.crn.block.AbstractAdvancedDisplayBlock cannot be analysed, because getting declared methods crashes with NoClassDefFoundError: net/minecraft/class_322. This is usually caused by modded entities declaring methods that have a return type or parameter type that is annotated with @Environment(value=EnvType.CLIENT). Loading the type is not possible, because it only exists in the CLIENT environment. The recommended fix is to annotate the method with this argument or return type with the same annotation. Lithium handles this error by assuming the class cannot be included in some optimizations.
[02:18:11] [main/WARN]: Lithium Class Analysis Error: Class de.mrjulsen.crn.block.AbstractAdvancedDisplayBlock cannot be analysed, because getting declared methods crashes with NoClassDefFoundError: net/minecraft/class_322. This is usually caused by modded entities declaring methods that have a return type or parameter type that is annotated with @Environment(value=EnvType.CLIENT). Loading the type is not possible, because it only exists in the CLIENT environment. The recommended fix is to annotate the method with this argument or return type with the same annotation. Lithium handles this error by assuming the class cannot be included in some optimizations.
[02:18:11] [main/WARN]: Lithium Class Analysis Error: Class de.mrjulsen.crn.block.AbstractAdvancedDisplayBlock cannot be analysed, because getting declared methods crashes with NoClassDefFoundError: net/minecraft/class_322. This is usually caused by modded entities declaring methods that have a return type or parameter type that is annotated with @Environment(value=EnvType.CLIENT). Loading the type is not possible, because it only exists in the CLIENT environment. The recommended fix is to annotate the method with this argument or return type with the same annotation. Lithium handles this error by assuming the class cannot be included in some optimizations.
[02:18:11] [main/WARN]: Lithium Class Analysis Error: Class de.mrjulsen.crn.block.AbstractAdvancedDisplayBlock cannot be analysed, because getting declared methods crashes with NoClassDefFoundError: net/minecraft/class_322. This is usually caused by modded entities declaring methods that have a return type or parameter type that is annotated with @Environment(value=EnvType.CLIENT). Loading the type is not possible, because it only exists in the CLIENT environment. The recommended fix is to annotate the method with this argument or return type with the same annotation. Lithium handles this error by assuming the class cannot be included in some optimizations.
[02:18:11] [main/WARN]: Lithium Class Analysis Error: Class de.mrjulsen.crn.block.AbstractAdvancedDisplayBlock cannot be analysed, because getting declared methods crashes with NoClassDefFoundError: net/minecraft/class_322. This is usually caused by modded entities declaring methods that have a return type or parameter type that is annotated with @Environment(value=EnvType.CLIENT). Loading the type is not possible, because it only exists in the CLIENT environment. The recommended fix is to annotate the method with this argument or return type with the same annotation. Lithium handles this error by assuming the class cannot be included in some optimizations.
[02:18:11] [main/WARN]: Lithium Class Analysis Error: Class de.mrjulsen.crn.block.AbstractAdvancedDisplayBlock cannot be analysed, because getting declared methods crashes with NoClassDefFoundError: net/minecraft/class_322. This is usually caused by modded entities declaring methods that have a return type or parameter type that is annotated with @Environment(value=EnvType.CLIENT). Loading the type is not possible, because it only exists in the CLIENT environment. The recommended fix is to annotate the method with this argument or return type with the same annotation. Lithium handles this error by assuming the class cannot be included in some optimizations.
[02:18:11] [main/WARN]: Lithium Class Analysis Error: Class de.mrjulsen.crn.block.AbstractAdvancedDisplayBlock cannot be analysed, because getting declared methods crashes with NoClassDefFoundError: net/minecraft/class_322. This is usually caused by modded entities declaring methods that have a return type or parameter type that is annotated with @Environment(value=EnvType.CLIENT). Loading the type is not possible, because it only exists in the CLIENT environment. The recommended fix is to annotate the method with this argument or return type with the same annotation. Lithium handles this error by assuming the class cannot be included in some optimizations.
[02:18:11] [main/WARN]: Lithium Class Analysis Error: Class de.mrjulsen.crn.block.AbstractAdvancedDisplayBlock cannot be analysed, because getting declared methods crashes with NoClassDefFoundError: net/minecraft/class_322. This is usually caused by modded entities declaring methods that have a return type or parameter type that is annotated with @Environment(value=EnvType.CLIENT). Loading the type is not possible, because it only exists in the CLIENT environment. The recommended fix is to annotate the method with this argument or return type with the same annotation. Lithium handles this error by assuming the class cannot be included in some optimizations.
[02:18:11] [main/WARN]: Lithium Class Analysis Error: Class de.mrjulsen.crn.block.AbstractAdvancedDisplayBlock cannot be analysed, because getting declared methods crashes with NoClassDefFoundError: net/minecraft/class_322. This is usually caused by modded entities declaring methods that have a return type or parameter type that is annotated with @Environment(value=EnvType.CLIENT). Loading the type is not possible, because it only exists in the CLIENT environment. The recommended fix is to annotate the method with this argument or return type with the same annotation. Lithium handles this error by assuming the class cannot be included in some optimizations.
[02:18:11] [main/WARN]: Lithium Class Analysis Error: Class de.mrjulsen.crn.block.AbstractAdvancedDisplayBlock cannot be analysed, because getting declared methods crashes with NoClassDefFoundError: net/minecraft/class_322. This is usually caused by modded entities declaring methods that have a return type or parameter type that is annotated with @Environment(value=EnvType.CLIENT). Loading the type is not possible, because it only exists in the CLIENT environment. The recommended fix is to annotate the method with this argument or return type with the same annotation. Lithium handles this error by assuming the class cannot be included in some optimizations.
[02:18:11] [main/WARN]: Lithium Class Analysis Error: Class de.mrjulsen.crn.block.AbstractAdvancedDisplayBlock cannot be analysed, because getting declared methods crashes with NoClassDefFoundError: net/minecraft/class_322. This is usually caused by modded entities declaring methods that have a return type or parameter type that is annotated with @Environment(value=EnvType.CLIENT). Loading the type is not possible, because it only exists in the CLIENT environment. The recommended fix is to annotate the method with this argument or return type with the same annotation. Lithium handles this error by assuming the class cannot be included in some optimizations.
[02:18:11] [main/WARN]: Lithium Class Analysis Error: Class de.mrjulsen.crn.block.AbstractAdvancedDisplayBlock cannot be analysed, because getting declared methods crashes with NoClassDefFoundError: net/minecraft/class_322. This is usually caused by modded entities declaring methods that have a return type or parameter type that is annotated with @Environment(value=EnvType.CLIENT). Loading the type is not possible, because it only exists in the CLIENT environment. The recommended fix is to annotate the method with this argument or return type with the same annotation. Lithium handles this error by assuming the class cannot be included in some optimizations.
[02:18:11] [main/WARN]: Lithium Class Analysis Error: Class de.mrjulsen.crn.block.AbstractAdvancedDisplayBlock cannot be analysed, because getting declared methods crashes with NoClassDefFoundError: net/minecraft/class_322. This is usually caused by modded entities declaring methods that have a return type or parameter type that is annotated with @Environment(value=EnvType.CLIENT). Loading the type is not possible, because it only exists in the CLIENT environment. The recommended fix is to annotate the method with this argument or return type with the same annotation. Lithium handles this error by assuming the class cannot be included in some optimizations.
[02:18:11] [main/WARN]: Lithium Class Analysis Error: Class de.mrjulsen.crn.block.AbstractAdvancedDisplayBlock cannot be analysed, because getting declared methods crashes with NoClassDefFoundError: net/minecraft/class_322. This is usually caused by modded entities declaring methods that have a return type or parameter type that is annotated with @Environment(value=EnvType.CLIENT). Loading the type is not possible, because it only exists in the CLIENT environment. The recommended fix is to annotate the method with this argument or return type with the same annotation. Lithium handles this error by assuming the class cannot be included in some optimizations.
[02:18:11] [main/WARN]: Lithium Class Analysis Error: Class de.mrjulsen.crn.block.AbstractAdvancedDisplayBlock cannot be analysed, because getting declared methods crashes with NoClassDefFoundError: net/minecraft/class_322. This is usually caused by modded entities declaring methods that have a return type or parameter type that is annotated with @Environment(value=EnvType.CLIENT). Loading the type is not possible, because it only exists in the CLIENT environment. The recommended fix is to annotate the method with this argument or return type with the same annotation. Lithium handles this error by assuming the class cannot be included in some optimizations.
[02:18:11] [main/WARN]: Lithium Class Analysis Error: Class de.mrjulsen.crn.block.AbstractAdvancedDisplayBlock cannot be analysed, because getting declared methods crashes with NoClassDefFoundError: net/minecraft/class_322. This is usually caused by modded entities declaring methods that have a return type or parameter type that is annotated with @Environment(value=EnvType.CLIENT). Loading the type is not possible, because it only exists in the CLIENT environment. The recommended fix is to annotate the method with this argument or return type with the same annotation. Lithium handles this error by assuming the class cannot be included in some optimizations.
[02:18:11] [main/WARN]: Lithium Class Analysis Error: Class de.mrjulsen.crn.block.AbstractAdvancedDisplayBlock cannot be analysed, because getting declared methods crashes with NoClassDefFoundError: net/minecraft/class_322. This is usually caused by modded entities declaring methods that have a return type or parameter type that is annotated with @Environment(value=EnvType.CLIENT). Loading the type is not possible, because it only exists in the CLIENT environment. The recommended fix is to annotate the method with this argument or return type with the same annotation. Lithium handles this error by assuming the class cannot be included in some optimizations.
[02:18:11] [main/WARN]: Lithium Class Analysis Error: Class de.mrjulsen.crn.block.AbstractAdvancedDisplayBlock cannot be analysed, because getting declared methods crashes with NoClassDefFoundError: net/minecraft/class_322. This is usually caused by modded entities declaring methods that have a return type or parameter type that is annotated with @Environment(value=EnvType.CLIENT). Loading the type is not possible, because it only exists in the CLIENT environment. The recommended fix is to annotate the method with this argument or return type with the same annotation. Lithium handles this error by assuming the class cannot be included in some optimizations.
[02:18:11] [main/WARN]: Lithium Class Analysis Error: Class de.mrjulsen.crn.block.AbstractAdvancedDisplayBlock cannot be analysed, because getting declared methods crashes with NoClassDefFoundError: net/minecraft/class_322. This is usually caused by modded entities declaring methods that have a return type or parameter type that is annotated with @Environment(value=EnvType.CLIENT). Loading the type is not possible, because it only exists in the CLIENT environment. The recommended fix is to annotate the method with this argument or return type with the same annotation. Lithium handles this error by assuming the class cannot be included in some optimizations.
[02:18:11] [main/WARN]: Lithium Class Analysis Error: Class de.mrjulsen.crn.block.AbstractAdvancedDisplayBlock cannot be analysed, because getting declared methods crashes with NoClassDefFoundError: net/minecraft/class_322. This is usually caused by modded entities declaring methods that have a return type or parameter type that is annotated with @Environment(value=EnvType.CLIENT). Loading the type is not possible, because it only exists in the CLIENT environment. The recommended fix is to annotate the method with this argument or return type with the same annotation. Lithium handles this error by assuming the class cannot be included in some optimizations.
[02:18:11] [main/WARN]: Lithium Class Analysis Error: Class de.mrjulsen.crn.block.AbstractAdvancedDisplayBlock cannot be analysed, because getting declared methods crashes with NoClassDefFoundError: net/minecraft/class_322. This is usually caused by modded entities declaring methods that have a return type or parameter type that is annotated with @Environment(value=EnvType.CLIENT). Loading the type is not possible, because it only exists in the CLIENT environment. The recommended fix is to annotate the method with this argument or return type with the same annotation. Lithium handles this error by assuming the class cannot be included in some optimizations.
[02:18:11] [main/WARN]: Lithium Class Analysis Error: Class de.mrjulsen.crn.block.AbstractAdvancedDisplayBlock cannot be analysed, because getting declared methods crashes with NoClassDefFoundError: net/minecraft/class_322. This is usually caused by modded entities declaring methods that have a return type or parameter type that is annotated with @Environment(value=EnvType.CLIENT). Loading the type is not possible, because it only exists in the CLIENT environment. The recommended fix is to annotate the method with this argument or return type with the same annotation. Lithium handles this error by assuming the class cannot be included in some optimizations.
[02:18:11] [main/WARN]: Lithium Class Analysis Error: Class de.mrjulsen.crn.block.AbstractAdvancedDisplayBlock cannot be analysed, because getting declared methods crashes with NoClassDefFoundError: net/minecraft/class_322. This is usually caused by modded entities declaring methods that have a return type or parameter type that is annotated with @Environment(value=EnvType.CLIENT). Loading the type is not possible, because it only exists in the CLIENT environment. The recommended fix is to annotate the method with this argument or return type with the same annotation. Lithium handles this error by assuming the class cannot be included in some optimizations.
[02:18:11] [main/WARN]: Lithium Class Analysis Error: Class de.mrjulsen.crn.block.AbstractAdvancedDisplayBlock cannot be analysed, because getting declared methods crashes with NoClassDefFoundError: net/minecraft/class_322. This is usually caused by modded entities declaring methods that have a return type or parameter type that is annotated with @Environment(value=EnvType.CLIENT). Loading the type is not possible, because it only exists in the CLIENT environment. The recommended fix is to annotate the method with this argument or return type with the same annotation. Lithium handles this error by assuming the class cannot be included in some optimizations.
[02:18:11] [main/WARN]: Lithium Class Analysis Error: Class de.mrjulsen.crn.block.AbstractAdvancedDisplayBlock cannot be analysed, because getting declared methods crashes with NoClassDefFoundError: net/minecraft/class_322. This is usually caused by modded entities declaring methods that have a return type or parameter type that is annotated with @Environment(value=EnvType.CLIENT). Loading the type is not possible, because it only exists in the CLIENT environment. The recommended fix is to annotate the method with this argument or return type with the same annotation. Lithium handles this error by assuming the class cannot be included in some optimizations.
[02:18:11] [main/WARN]: Lithium Class Analysis Error: Class de.mrjulsen.crn.block.AbstractAdvancedDisplayBlock cannot be analysed, because getting declared methods crashes with NoClassDefFoundError: net/minecraft/class_322. This is usually caused by modded entities declaring methods that have a return type or parameter type that is annotated with @Environment(value=EnvType.CLIENT). Loading the type is not possible, because it only exists in the CLIENT environment. The recommended fix is to annotate the method with this argument or return type with the same annotation. Lithium handles this error by assuming the class cannot be included in some optimizations.
[02:18:11] [main/WARN]: Lithium Class Analysis Error: Class de.mrjulsen.crn.block.AbstractAdvancedDisplayBlock cannot be analysed, because getting declared methods crashes with NoClassDefFoundError: net/minecraft/class_322. This is usually caused by modded entities declaring methods that have a return type or parameter type that is annotated with @Environment(value=EnvType.CLIENT). Loading the type is not possible, because it only exists in the CLIENT environment. The recommended fix is to annotate the method with this argument or return type with the same annotation. Lithium handles this error by assuming the class cannot be included in some optimizations.
[02:18:11] [main/WARN]: Lithium Class Analysis Error: Class de.mrjulsen.crn.block.AbstractAdvancedDisplayBlock cannot be analysed, because getting declared methods crashes with NoClassDefFoundError: net/minecraft/class_322. This is usually caused by modded entities declaring methods that have a return type or parameter type that is annotated with @Environment(value=EnvType.CLIENT). Loading the type is not possible, because it only exists in the CLIENT environment. The recommended fix is to annotate the method with this argument or return type with the same annotation. Lithium handles this error by assuming the class cannot be included in some optimizations.
[02:18:11] [main/WARN]: Lithium Class Analysis Error: Class de.mrjulsen.crn.block.AbstractAdvancedDisplayBlock cannot be analysed, because getting declared methods crashes with NoClassDefFoundError: net/minecraft/class_322. This is usually caused by modded entities declaring methods that have a return type or parameter type that is annotated with @Environment(value=EnvType.CLIENT). Loading the type is not possible, because it only exists in the CLIENT environment. The recommended fix is to annotate the method with this argument or return type with the same annotation. Lithium handles this error by assuming the class cannot be included in some optimizations.
[02:18:11] [main/WARN]: Lithium Class Analysis Error: Class de.mrjulsen.crn.block.AbstractAdvancedDisplayBlock cannot be analysed, because getting declared methods crashes with NoClassDefFoundError: net/minecraft/class_322. This is usually caused by modded entities declaring methods that have a return type or parameter type that is annotated with @Environment(value=EnvType.CLIENT). Loading the type is not possible, because it only exists in the CLIENT environment. The recommended fix is to annotate the method with this argument or return type with the same annotation. Lithium handles this error by assuming the class cannot be included in some optimizations.
[02:18:11] [main/WARN]: Lithium Class Analysis Error: Class de.mrjulsen.crn.block.AbstractAdvancedDisplayBlock cannot be analysed, because getting declared methods crashes with NoClassDefFoundError: net/minecraft/class_322. This is usually caused by modded entities declaring methods that have a return type or parameter type that is annotated with @Environment(value=EnvType.CLIENT). Loading the type is not possible, because it only exists in the CLIENT environment. The recommended fix is to annotate the method with this argument or return type with the same annotation. Lithium handles this error by assuming the class cannot be included in some optimizations.
[02:18:11] [main/WARN]: Lithium Class Analysis Error: Class de.mrjulsen.crn.block.AbstractAdvancedDisplayBlock cannot be analysed, because getting declared methods crashes with NoClassDefFoundError: net/minecraft/class_322. This is usually caused by modded entities declaring methods that have a return type or parameter type that is annotated with @Environment(value=EnvType.CLIENT). Loading the type is not possible, because it only exists in the CLIENT environment. The recommended fix is to annotate the method with this argument or return type with the same annotation. Lithium handles this error by assuming the class cannot be included in some optimizations.
[02:18:11] [main/WARN]: Lithium Class Analysis Error: Class de.mrjulsen.crn.block.AbstractAdvancedDisplayBlock cannot be analysed, because getting declared methods crashes with NoClassDefFoundError: net/minecraft/class_322. This is usually caused by modded entities declaring methods that have a return type or parameter type that is annotated with @Environment(value=EnvType.CLIENT). Loading the type is not possible, because it only exists in the CLIENT environment. The recommended fix is to annotate the method with this argument or return type with the same annotation. Lithium handles this error by assuming the class cannot be included in some optimizations.
[02:18:11] [main/WARN]: Lithium Class Analysis Error: Class de.mrjulsen.crn.block.AbstractAdvancedDisplayBlock cannot be analysed, because getting declared methods crashes with NoClassDefFoundError: net/minecraft/class_322. This is usually caused by modded entities declaring methods that have a return type or parameter type that is annotated with @Environment(value=EnvType.CLIENT). Loading the type is not possible, because it only exists in the CLIENT environment. The recommended fix is to annotate the method with this argument or return type with the same annotation. Lithium handles this error by assuming the class cannot be included in some optimizations.
[02:18:11] [main/WARN]: Lithium Class Analysis Error: Class de.mrjulsen.crn.block.AbstractAdvancedDisplayBlock cannot be analysed, because getting declared methods crashes with NoClassDefFoundError: net/minecraft/class_322. This is usually caused by modded entities declaring methods that have a return type or parameter type that is annotated with @Environment(value=EnvType.CLIENT). Loading the type is not possible, because it only exists in the CLIENT environment. The recommended fix is to annotate the method with this argument or return type with the same annotation. Lithium handles this error by assuming the class cannot be included in some optimizations.
[02:18:11] [main/WARN]: Lithium Class Analysis Error: Class de.mrjulsen.crn.block.AbstractAdvancedDisplayBlock cannot be analysed, because getting declared methods crashes with NoClassDefFoundError: net/minecraft/class_322. This is usually caused by modded entities declaring methods that have a return type or parameter type that is annotated with @Environment(value=EnvType.CLIENT). Loading the type is not possible, because it only exists in the CLIENT environment. The recommended fix is to annotate the method with this argument or return type with the same annotation. Lithium handles this error by assuming the class cannot be included in some optimizations.
[02:18:11] [main/WARN]: Lithium Class Analysis Error: Class de.mrjulsen.crn.block.AbstractAdvancedDisplayBlock cannot be analysed, because getting declared methods crashes with NoClassDefFoundError: net/minecraft/class_322. This is usually caused by modded entities declaring methods that have a return type or parameter type that is annotated with @Environment(value=EnvType.CLIENT). Loading the type is not possible, because it only exists in the CLIENT environment. The recommended fix is to annotate the method with this argument or return type with the same annotation. Lithium handles this error by assuming the class cannot be included in some optimizations.
[02:18:11] [main/WARN]: Lithium Class Analysis Error: Class de.mrjulsen.crn.block.AbstractAdvancedDisplayBlock cannot be analysed, because getting declared methods crashes with NoClassDefFoundError: net/minecraft/class_322. This is usually caused by modded entities declaring methods that have a return type or parameter type that is annotated with @Environment(value=EnvType.CLIENT). Loading the type is not possible, because it only exists in the CLIENT environment. The recommended fix is to annotate the method with this argument or return type with the same annotation. Lithium handles this error by assuming the class cannot be included in some optimizations.
[02:18:11] [main/WARN]: Lithium Class Analysis Error: Class de.mrjulsen.crn.block.AbstractAdvancedDisplayBlock cannot be analysed, because getting declared methods crashes with NoClassDefFoundError: net/minecraft/class_322. This is usually caused by modded entities declaring methods that have a return type or parameter type that is annotated with @Environment(value=EnvType.CLIENT). Loading the type is not possible, because it only exists in the CLIENT environment. The recommended fix is to annotate the method with this argument or return type with the same annotation. Lithium handles this error by assuming the class cannot be included in some optimizations.
[02:18:11] [main/WARN]: Lithium Class Analysis Error: Class de.mrjulsen.crn.block.AbstractAdvancedDisplayBlock cannot be analysed, because getting declared methods crashes with NoClassDefFoundError: net/minecraft/class_322. This is usually caused by modded entities declaring methods that have a return type or parameter type that is annotated with @Environment(value=EnvType.CLIENT). Loading the type is not possible, because it only exists in the CLIENT environment. The recommended fix is to annotate the method with this argument or return type with the same annotation. Lithium handles this error by assuming the class cannot be included in some optimizations.
[02:18:11] [main/WARN]: Lithium Class Analysis Error: Class de.mrjulsen.crn.block.AbstractAdvancedDisplayBlock cannot be analysed, because getting declared methods crashes with NoClassDefFoundError: net/minecraft/class_322. This is usually caused by modded entities declaring methods that have a return type or parameter type that is annotated with @Environment(value=EnvType.CLIENT). Loading the type is not possible, because it only exists in the CLIENT environment. The recommended fix is to annotate the method with this argument or return type with the same annotation. Lithium handles this error by assuming the class cannot be included in some optimizations.
[02:18:11] [main/WARN]: Lithium Class Analysis Error: Class de.mrjulsen.crn.block.AbstractAdvancedDisplayBlock cannot be analysed, because getting declared methods crashes with NoClassDefFoundError: net/minecraft/class_322. This is usually caused by modded entities declaring methods that have a return type or parameter type that is annotated with @Environment(value=EnvType.CLIENT). Loading the type is not possible, because it only exists in the CLIENT environment. The recommended fix is to annotate the method with this argument or return type with the same annotation. Lithium handles this error by assuming the class cannot be included in some optimizations.
[02:18:11] [main/WARN]: Lithium Class Analysis Error: Class de.mrjulsen.crn.block.AbstractAdvancedDisplayBlock cannot be analysed, because getting declared methods crashes with NoClassDefFoundError: net/minecraft/class_322. This is usually caused by modded entities declaring methods that have a return type or parameter type that is annotated with @Environment(value=EnvType.CLIENT). Loading the type is not possible, because it only exists in the CLIENT environment. The recommended fix is to annotate the method with this argument or return type with the same annotation. Lithium handles this error by assuming the class cannot be included in some optimizations.
[02:18:11] [main/WARN]: Lithium Class Analysis Error: Class de.mrjulsen.crn.block.AbstractAdvancedDisplayBlock cannot be analysed, because getting declared methods crashes with NoClassDefFoundError: net/minecraft/class_322. This is usually caused by modded entities declaring methods that have a return type or parameter type that is annotated with @Environment(value=EnvType.CLIENT). Loading the type is not possible, because it only exists in the CLIENT environment. The recommended fix is to annotate the method with this argument or return type with the same annotation. Lithium handles this error by assuming the class cannot be included in some optimizations.
[02:18:11] [main/WARN]: Lithium Class Analysis Error: Class de.mrjulsen.crn.block.AbstractAdvancedDisplayBlock cannot be analysed, because getting declared methods crashes with NoClassDefFoundError: net/minecraft/class_322. This is usually caused by modded entities declaring methods that have a return type or parameter type that is annotated with @Environment(value=EnvType.CLIENT). Loading the type is not possible, because it only exists in the CLIENT environment. The recommended fix is to annotate the method with this argument or return type with the same annotation. Lithium handles this error by assuming the class cannot be included in some optimizations.
[02:18:11] [main/WARN]: Lithium Class Analysis Error: Class de.mrjulsen.crn.block.AbstractAdvancedDisplayBlock cannot be analysed, because getting declared methods crashes with NoClassDefFoundError: net/minecraft/class_322. This is usually caused by modded entities declaring methods that have a return type or parameter type that is annotated with @Environment(value=EnvType.CLIENT). Loading the type is not possible, because it only exists in the CLIENT environment. The recommended fix is to annotate the method with this argument or return type with the same annotation. Lithium handles this error by assuming the class cannot be included in some optimizations.
[02:18:11] [main/WARN]: Lithium Class Analysis Error: Class de.mrjulsen.crn.block.AbstractAdvancedDisplayBlock cannot be analysed, because getting declared methods crashes with NoClassDefFoundError: net/minecraft/class_322. This is usually caused by modded entities declaring methods that have a return type or parameter type that is annotated with @Environment(value=EnvType.CLIENT). Loading the type is not possible, because it only exists in the CLIENT environment. The recommended fix is to annotate the method with this argument or return type with the same annotation. Lithium handles this error by assuming the class cannot be included in some optimizations.
[02:18:11] [main/WARN]: Lithium Class Analysis Error: Class de.mrjulsen.crn.block.AbstractAdvancedDisplayBlock cannot be analysed, because getting declared methods crashes with NoClassDefFoundError: net/minecraft/class_322. This is usually caused by modded entities declaring methods that have a return type or parameter type that is annotated with @Environment(value=EnvType.CLIENT). Loading the type is not possible, because it only exists in the CLIENT environment. The recommended fix is to annotate the method with this argument or return type with the same annotation. Lithium handles this error by assuming the class cannot be included in some optimizations.
[02:18:11] [main/WARN]: Lithium Class Analysis Error: Class de.mrjulsen.crn.block.AbstractAdvancedDisplayBlock cannot be analysed, because getting declared methods crashes with NoClassDefFoundError: net/minecraft/class_322. This is usually caused by modded entities declaring methods that have a return type or parameter type that is annotated with @Environment(value=EnvType.CLIENT). Loading the type is not possible, because it only exists in the CLIENT environment. The recommended fix is to annotate the method with this argument or return type with the same annotation. Lithium handles this error by assuming the class cannot be included in some optimizations.
[02:18:11] [main/WARN]: Lithium Class Analysis Error: Class de.mrjulsen.crn.block.AbstractAdvancedDisplayBlock cannot be analysed, because getting declared methods crashes with NoClassDefFoundError: net/minecraft/class_322. This is usually caused by modded entities declaring methods that have a return type or parameter type that is annotated with @Environment(value=EnvType.CLIENT). Loading the type is not possible, because it only exists in the CLIENT environment. The recommended fix is to annotate the method with this argument or return type with the same annotation. Lithium handles this error by assuming the class cannot be included in some optimizations.
[02:18:11] [main/WARN]: Lithium Class Analysis Error: Class de.mrjulsen.crn.block.AbstractAdvancedDisplayBlock cannot be analysed, because getting declared methods crashes with NoClassDefFoundError: net/minecraft/class_322. This is usually caused by modded entities declaring methods that have a return type or parameter type that is annotated with @Environment(value=EnvType.CLIENT). Loading the type is not possible, because it only exists in the CLIENT environment. The recommended fix is to annotate the method with this argument or return type with the same annotation. Lithium handles this error by assuming the class cannot be included in some optimizations.
[02:18:11] [main/WARN]: Lithium Class Analysis Error: Class de.mrjulsen.crn.block.AbstractAdvancedDisplayBlock cannot be analysed, because getting declared methods crashes with NoClassDefFoundError: net/minecraft/class_322. This is usually caused by modded entities declaring methods that have a return type or parameter type that is annotated with @Environment(value=EnvType.CLIENT). Loading the type is not possible, because it only exists in the CLIENT environment. The recommended fix is to annotate the method with this argument or return type with the same annotation. Lithium handles this error by assuming the class cannot be included in some optimizations.
[02:18:11] [main/WARN]: Lithium Class Analysis Error: Class de.mrjulsen.crn.block.AbstractAdvancedDisplayBlock cannot be analysed, because getting declared methods crashes with NoClassDefFoundError: net/minecraft/class_322. This is usually caused by modded entities declaring methods that have a return type or parameter type that is annotated with @Environment(value=EnvType.CLIENT). Loading the type is not possible, because it only exists in the CLIENT environment. The recommended fix is to annotate the method with this argument or return type with the same annotation. Lithium handles this error by assuming the class cannot be included in some optimizations.
[02:18:11] [main/WARN]: Lithium Class Analysis Error: Class de.mrjulsen.crn.block.AbstractAdvancedDisplayBlock cannot be analysed, because getting declared methods crashes with NoClassDefFoundError: net/minecraft/class_322. This is usually caused by modded entities declaring methods that have a return type or parameter type that is annotated with @Environment(value=EnvType.CLIENT). Loading the type is not possible, because it only exists in the CLIENT environment. The recommended fix is to annotate the method with this argument or return type with the same annotation. Lithium handles this error by assuming the class cannot be included in some optimizations.
[02:18:11] [main/WARN]: Lithium Class Analysis Error: Class de.mrjulsen.crn.block.AbstractAdvancedDisplayBlock cannot be analysed, because getting declared methods crashes with NoClassDefFoundError: net/minecraft/class_322. This is usually caused by modded entities declaring methods that have a return type or parameter type that is annotated with @Environment(value=EnvType.CLIENT). Loading the type is not possible, because it only exists in the CLIENT environment. The recommended fix is to annotate the method with this argument or return type with the same annotation. Lithium handles this error by assuming the class cannot be included in some optimizations.
[02:18:11] [main/WARN]: Lithium Class Analysis Error: Class de.mrjulsen.crn.block.AbstractAdvancedDisplayBlock cannot be analysed, because getting declared methods crashes with NoClassDefFoundError: net/minecraft/class_322. This is usually caused by modded entities declaring methods that have a return type or parameter type that is annotated with @Environment(value=EnvType.CLIENT). Loading the type is not possible, because it only exists in the CLIENT environment. The recommended fix is to annotate the method with this argument or return type with the same annotation. Lithium handles this error by assuming the class cannot be included in some optimizations.
[02:18:11] [main/WARN]: Lithium Class Analysis Error: Class de.mrjulsen.crn.block.AbstractAdvancedDisplayBlock cannot be analysed, because getting declared methods crashes with NoClassDefFoundError: net/minecraft/class_322. This is usually caused by modded entities declaring methods that have a return type or parameter type that is annotated with @Environment(value=EnvType.CLIENT). Loading the type is not possible, because it only exists in the CLIENT environment. The recommended fix is to annotate the method with this argument or return type with the same annotation. Lithium handles this error by assuming the class cannot be included in some optimizations.
[02:18:11] [main/WARN]: Lithium Class Analysis Error: Class de.mrjulsen.crn.block.AbstractAdvancedDisplayBlock cannot be analysed, because getting declared methods crashes with NoClassDefFoundError: net/minecraft/class_322. This is usually caused by modded entities declaring methods that have a return type or parameter type that is annotated with @Environment(value=EnvType.CLIENT). Loading the type is not possible, because it only exists in the CLIENT environment. The recommended fix is to annotate the method with this argument or return type with the same annotation. Lithium handles this error by assuming the class cannot be included in some optimizations.
[02:18:11] [main/WARN]: Lithium Class Analysis Error: Class de.mrjulsen.crn.block.AbstractAdvancedDisplayBlock cannot be analysed, because getting declared methods crashes with NoClassDefFoundError: net/minecraft/class_322. This is usually caused by modded entities declaring methods that have a return type or parameter type that is annotated with @Environment(value=EnvType.CLIENT). Loading the type is not possible, because it only exists in the CLIENT environment. The recommended fix is to annotate the method with this argument or return type with the same annotation. Lithium handles this error by assuming the class cannot be included in some optimizations.
[02:18:11] [main/WARN]: Lithium Class Analysis Error: Class de.mrjulsen.crn.block.AbstractAdvancedDisplayBlock cannot be analysed, because getting declared methods crashes with NoClassDefFoundError: net/minecraft/class_322. This is usually caused by modded entities declaring methods that have a return type or parameter type that is annotated with @Environment(value=EnvType.CLIENT). Loading the type is not possible, because it only exists in the CLIENT environment. The recommended fix is to annotate the method with this argument or return type with the same annotation. Lithium handles this error by assuming the class cannot be included in some optimizations.
[02:18:11] [main/WARN]: Lithium Class Analysis Error: Class de.mrjulsen.crn.block.AbstractAdvancedDisplayBlock cannot be analysed, because getting declared methods crashes with NoClassDefFoundError: net/minecraft/class_322. This is usually caused by modded entities declaring methods that have a return type or parameter type that is annotated with @Environment(value=EnvType.CLIENT). Loading the type is not possible, because it only exists in the CLIENT environment. The recommended fix is to annotate the method with this argument or return type with the same annotation. Lithium handles this error by assuming the class cannot be included in some optimizations.
[02:18:11] [main/WARN]: Lithium Class Analysis Error: Class de.mrjulsen.crn.block.AbstractAdvancedDisplayBlock cannot be analysed, because getting declared methods crashes with NoClassDefFoundError: net/minecraft/class_322. This is usually caused by modded entities declaring methods that have a return type or parameter type that is annotated with @Environment(value=EnvType.CLIENT). Loading the type is not possible, because it only exists in the CLIENT environment. The recommended fix is to annotate the method with this argument or return type with the same annotation. Lithium handles this error by assuming the class cannot be included in some optimizations.
[02:18:11] [main/WARN]: Lithium Class Analysis Error: Class de.mrjulsen.crn.block.AbstractAdvancedDisplayBlock cannot be analysed, because getting declared methods crashes with NoClassDefFoundError: net/minecraft/class_322. This is usually caused by modded entities declaring methods that have a return type or parameter type that is annotated with @Environment(value=EnvType.CLIENT). Loading the type is not possible, because it only exists in the CLIENT environment. The recommended fix is to annotate the method with this argument or return type with the same annotation. Lithium handles this error by assuming the class cannot be included in some optimizations.
[02:18:11] [main/WARN]: Lithium Class Analysis Error: Class de.mrjulsen.crn.block.AbstractAdvancedDisplayBlock cannot be analysed, because getting declared methods crashes with NoClassDefFoundError: net/minecraft/class_322. This is usually caused by modded entities declaring methods that have a return type or parameter type that is annotated with @Environment(value=EnvType.CLIENT). Loading the type is not possible, because it only exists in the CLIENT environment. The recommended fix is to annotate the method with this argument or return type with the same annotation. Lithium handles this error by assuming the class cannot be included in some optimizations.
[02:18:11] [main/WARN]: Lithium Class Analysis Error: Class de.mrjulsen.crn.block.AbstractAdvancedDisplayBlock cannot be analysed, because getting declared methods crashes with NoClassDefFoundError: net/minecraft/class_322. This is usually caused by modded entities declaring methods that have a return type or parameter type that is annotated with @Environment(value=EnvType.CLIENT). Loading the type is not possible, because it only exists in the CLIENT environment. The recommended fix is to annotate the method with this argument or return type with the same annotation. Lithium handles this error by assuming the class cannot be included in some optimizations.
[02:18:11] [main/WARN]: Lithium Class Analysis Error: Class de.mrjulsen.crn.block.AbstractAdvancedDisplayBlock cannot be analysed, because getting declared methods crashes with NoClassDefFoundError: net/minecraft/class_322. This is usually caused by modded entities declaring methods that have a return type or parameter type that is annotated with @Environment(value=EnvType.CLIENT). Loading the type is not possible, because it only exists in the CLIENT environment. The recommended fix is to annotate the method with this argument or return type with the same annotation. Lithium handles this error by assuming the class cannot be included in some optimizations.
[02:18:11] [main/WARN]: Lithium Class Analysis Error: Class de.mrjulsen.crn.block.AbstractAdvancedDisplayBlock cannot be analysed, because getting declared methods crashes with NoClassDefFoundError: net/minecraft/class_322. This is usually caused by modded entities declaring methods that have a return type or parameter type that is annotated with @Environment(value=EnvType.CLIENT). Loading the type is not possible, because it only exists in the CLIENT environment. The recommended fix is to annotate the method with this argument or return type with the same annotation. Lithium handles this error by assuming the class cannot be included in some optimizations.
[02:18:11] [main/WARN]: Lithium Class Analysis Error: Class de.mrjulsen.crn.block.AbstractAdvancedDisplayBlock cannot be analysed, because getting declared methods crashes with NoClassDefFoundError: net/minecraft/class_322. This is usually caused by modded entities declaring methods that have a return type or parameter type that is annotated with @Environment(value=EnvType.CLIENT). Loading the type is not possible, because it only exists in the CLIENT environment. The recommended fix is to annotate the method with this argument or return type with the same annotation. Lithium handles this error by assuming the class cannot be included in some optimizations.
[02:18:11] [main/WARN]: Lithium Class Analysis Error: Class de.mrjulsen.crn.block.AbstractAdvancedDisplayBlock cannot be analysed, because getting declared methods crashes with NoClassDefFoundError: net/minecraft/class_322. This is usually caused by modded entities declaring methods that have a return type or parameter type that is annotated with @Environment(value=EnvType.CLIENT). Loading the type is not possible, because it only exists in the CLIENT environment. The recommended fix is to annotate the method with this argument or return type with the same annotation. Lithium handles this error by assuming the class cannot be included in some optimizations.
[02:18:11] [main/WARN]: Lithium Class Analysis Error: Class de.mrjulsen.crn.block.AbstractAdvancedDisplayBlock cannot be analysed, because getting declared methods crashes with NoClassDefFoundError: net/minecraft/class_322. This is usually caused by modded entities declaring methods that have a return type or parameter type that is annotated with @Environment(value=EnvType.CLIENT). Loading the type is not possible, because it only exists in the CLIENT environment. The recommended fix is to annotate the method with this argument or return type with the same annotation. Lithium handles this error by assuming the class cannot be included in some optimizations.
[02:18:11] [main/WARN]: Lithium Class Analysis Error: Class de.mrjulsen.crn.block.AbstractAdvancedDisplayBlock cannot be analysed, because getting declared methods crashes with NoClassDefFoundError: net/minecraft/class_322. This is usually caused by modded entities declaring methods that have a return type or parameter type that is annotated with @Environment(value=EnvType.CLIENT). Loading the type is not possible, because it only exists in the CLIENT environment. The recommended fix is to annotate the method with this argument or return type with the same annotation. Lithium handles this error by assuming the class cannot be included in some optimizations.
[02:18:11] [main/WARN]: Lithium Class Analysis Error: Class de.mrjulsen.crn.block.AbstractAdvancedDisplayBlock cannot be analysed, because getting declared methods crashes with NoClassDefFoundError: net/minecraft/class_322. This is usually caused by modded entities declaring methods that have a return type or parameter type that is annotated with @Environment(value=EnvType.CLIENT). Loading the type is not possible, because it only exists in the CLIENT environment. The recommended fix is to annotate the method with this argument or return type with the same annotation. Lithium handles this error by assuming the class cannot be included in some optimizations.
[02:18:11] [main/WARN]: Lithium Class Analysis Error: Class de.mrjulsen.crn.block.AbstractAdvancedDisplayBlock cannot be analysed, because getting declared methods crashes with NoClassDefFoundError: net/minecraft/class_322. This is usually caused by modded entities declaring methods that have a return type or parameter type that is annotated with @Environment(value=EnvType.CLIENT). Loading the type is not possible, because it only exists in the CLIENT environment. The recommended fix is to annotate the method with this argument or return type with the same annotation. Lithium handles this error by assuming the class cannot be included in some optimizations.
[02:18:11] [main/WARN]: Lithium Class Analysis Error: Class de.mrjulsen.crn.block.AbstractAdvancedDisplayBlock cannot be analysed, because getting declared methods crashes with NoClassDefFoundError: net/minecraft/class_322. This is usually caused by modded entities declaring methods that have a return type or parameter type that is annotated with @Environment(value=EnvType.CLIENT). Loading the type is not possible, because it only exists in the CLIENT environment. The recommended fix is to annotate the method with this argument or return type with the same annotation. Lithium handles this error by assuming the class cannot be included in some optimizations.
[02:18:11] [main/WARN]: Lithium Class Analysis Error: Class de.mrjulsen.crn.block.AbstractAdvancedDisplayBlock cannot be analysed, because getting declared methods crashes with NoClassDefFoundError: net/minecraft/class_322. This is usually caused by modded entities declaring methods that have a return type or parameter type that is annotated with @Environment(value=EnvType.CLIENT). Loading the type is not possible, because it only exists in the CLIENT environment. The recommended fix is to annotate the method with this argument or return type with the same annotation. Lithium handles this error by assuming the class cannot be included in some optimizations.
[02:18:11] [main/WARN]: Lithium Class Analysis Error: Class de.mrjulsen.crn.block.AbstractAdvancedDisplayBlock cannot be analysed, because getting declared methods crashes with NoClassDefFoundError: net/minecraft/class_322. This is usually caused by modded entities declaring methods that have a return type or parameter type that is annotated with @Environment(value=EnvType.CLIENT). Loading the type is not possible, because it only exists in the CLIENT environment. The recommended fix is to annotate the method with this argument or return type with the same annotation. Lithium handles this error by assuming the class cannot be included in some optimizations.
[02:18:11] [main/WARN]: Lithium Class Analysis Error: Class de.mrjulsen.crn.block.AbstractAdvancedDisplayBlock cannot be analysed, because getting declared methods crashes with NoClassDefFoundError: net/minecraft/class_322. This is usually caused by modded entities declaring methods that have a return type or parameter type that is annotated with @Environment(value=EnvType.CLIENT). Loading the type is not possible, because it only exists in the CLIENT environment. The recommended fix is to annotate the method with this argument or return type with the same annotation. Lithium handles this error by assuming the class cannot be included in some optimizations.
[02:18:11] [main/WARN]: Lithium Class Analysis Error: Class de.mrjulsen.crn.block.AbstractAdvancedDisplayBlock cannot be analysed, because getting declared methods crashes with NoClassDefFoundError: net/minecraft/class_322. This is usually caused by modded entities declaring methods that have a return type or parameter type that is annotated with @Environment(value=EnvType.CLIENT). Loading the type is not possible, because it only exists in the CLIENT environment. The recommended fix is to annotate the method with this argument or return type with the same annotation. Lithium handles this error by assuming the class cannot be included in some optimizations.
[02:18:11] [main/WARN]: Lithium Class Analysis Error: Class de.mrjulsen.crn.block.AbstractAdvancedDisplayBlock cannot be analysed, because getting declared methods crashes with NoClassDefFoundError: net/minecraft/class_322. This is usually caused by modded entities declaring methods that have a return type or parameter type that is annotated with @Environment(value=EnvType.CLIENT). Loading the type is not possible, because it only exists in the CLIENT environment. The recommended fix is to annotate the method with this argument or return type with the same annotation. Lithium handles this error by assuming the class cannot be included in some optimizations.
[02:18:11] [main/WARN]: Lithium Class Analysis Error: Class de.mrjulsen.crn.block.AbstractAdvancedDisplayBlock cannot be analysed, because getting declared methods crashes with NoClassDefFoundError: net/minecraft/class_322. This is usually caused by modded entities declaring methods that have a return type or parameter type that is annotated with @Environment(value=EnvType.CLIENT). Loading the type is not possible, because it only exists in the CLIENT environment. The recommended fix is to annotate the method with this argument or return type with the same annotation. Lithium handles this error by assuming the class cannot be included in some optimizations.
[02:18:11] [main/WARN]: Lithium Class Analysis Error: Class de.mrjulsen.crn.block.AbstractAdvancedDisplayBlock cannot be analysed, because getting declared methods crashes with NoClassDefFoundError: net/minecraft/class_322. This is usually caused by modded entities declaring methods that have a return type or parameter type that is annotated with @Environment(value=EnvType.CLIENT). Loading the type is not possible, because it only exists in the CLIENT environment. The recommended fix is to annotate the method with this argument or return type with the same annotation. Lithium handles this error by assuming the class cannot be included in some optimizations.
[02:18:11] [main/WARN]: Lithium Class Analysis Error: Class de.mrjulsen.crn.block.AbstractAdvancedDisplayBlock cannot be analysed, because getting declared methods crashes with NoClassDefFoundError: net/minecraft/class_322. This is usually caused by modded entities declaring methods that have a return type or parameter type that is annotated with @Environment(value=EnvType.CLIENT). Loading the type is not possible, because it only exists in the CLIENT environment. The recommended fix is to annotate the method with this argument or return type with the same annotation. Lithium handles this error by assuming the class cannot be included in some optimizations.
[02:18:11] [main/WARN]: Lithium Class Analysis Error: Class de.mrjulsen.crn.block.AbstractAdvancedDisplayBlock cannot be analysed, because getting declared methods crashes with NoClassDefFoundError: net/minecraft/class_322. This is usually caused by modded entities declaring methods that have a return type or parameter type that is annotated with @Environment(value=EnvType.CLIENT). Loading the type is not possible, because it only exists in the CLIENT environment. The recommended fix is to annotate the method with this argument or return type with the same annotation. Lithium handles this error by assuming the class cannot be included in some optimizations.
[02:18:11] [main/WARN]: Lithium Class Analysis Error: Class de.mrjulsen.crn.block.AbstractAdvancedDisplayBlock cannot be analysed, because getting declared methods crashes with NoClassDefFoundError: net/minecraft/class_322. This is usually caused by modded entities declaring methods that have a return type or parameter type that is annotated with @Environment(value=EnvType.CLIENT). Loading the type is not possible, because it only exists in the CLIENT environment. The recommended fix is to annotate the method with this argument or return type with the same annotation. Lithium handles this error by assuming the class cannot be included in some optimizations.
[02:18:11] [main/WARN]: Lithium Class Analysis Error: Class de.mrjulsen.crn.block.AbstractAdvancedDisplayBlock cannot be analysed, because getting declared methods crashes with NoClassDefFoundError: net/minecraft/class_322. This is usually caused by modded entities declaring methods that have a return type or parameter type that is annotated with @Environment(value=EnvType.CLIENT). Loading the type is not possible, because it only exists in the CLIENT environment. The recommended fix is to annotate the method with this argument or return type with the same annotation. Lithium handles this error by assuming the class cannot be included in some optimizations.
[02:18:11] [main/WARN]: Lithium Class Analysis Error: Class de.mrjulsen.crn.block.AbstractAdvancedDisplayBlock cannot be analysed, because getting declared methods crashes with NoClassDefFoundError: net/minecraft/class_322. This is usually caused by modded entities declaring methods that have a return type or parameter type that is annotated with @Environment(value=EnvType.CLIENT). Loading the type is not possible, because it only exists in the CLIENT environment. The recommended fix is to annotate the method with this argument or return type with the same annotation. Lithium handles this error by assuming the class cannot be included in some optimizations.
[02:18:11] [main/WARN]: Lithium Class Analysis Error: Class de.mrjulsen.crn.block.AbstractAdvancedDisplayBlock cannot be analysed, because getting declared methods crashes with NoClassDefFoundError: net/minecraft/class_322. This is usually caused by modded entities declaring methods that have a return type or parameter type that is annotated with @Environment(value=EnvType.CLIENT). Loading the type is not possible, because it only exists in the CLIENT environment. The recommended fix is to annotate the method with this argument or return type with the same annotation. Lithium handles this error by assuming the class cannot be included in some optimizations.
[02:18:11] [main/WARN]: Lithium Class Analysis Error: Class de.mrjulsen.crn.block.AbstractAdvancedDisplayBlock cannot be analysed, because getting declared methods crashes with NoClassDefFoundError: net/minecraft/class_322. This is usually caused by modded entities declaring methods that have a return type or parameter type that is annotated with @Environment(value=EnvType.CLIENT). Loading the type is not possible, because it only exists in the CLIENT environment. The recommended fix is to annotate the method with this argument or return type with the same annotation. Lithium handles this error by assuming the class cannot be included in some optimizations.
[02:18:11] [main/WARN]: Lithium Class Analysis Error: Class de.mrjulsen.crn.block.AbstractAdvancedDisplayBlock cannot be analysed, because getting declared methods crashes with NoClassDefFoundError: net/minecraft/class_322. This is usually caused by modded entities declaring methods that have a return type or parameter type that is annotated with @Environment(value=EnvType.CLIENT). Loading the type is not possible, because it only exists in the CLIENT environment. The recommended fix is to annotate the method with this argument or return type with the same annotation. Lithium handles this error by assuming the class cannot be included in some optimizations.
[02:18:11] [main/WARN]: Lithium Class Analysis Error: Class de.mrjulsen.crn.block.AbstractAdvancedDisplayBlock cannot be analysed, because getting declared methods crashes with NoClassDefFoundError: net/minecraft/class_322. This is usually caused by modded entities declaring methods that have a return type or parameter type that is annotated with @Environment(value=EnvType.CLIENT). Loading the type is not possible, because it only exists in the CLIENT environment. The recommended fix is to annotate the method with this argument or return type with the same annotation. Lithium handles this error by assuming the class cannot be included in some optimizations.
[02:18:11] [main/WARN]: Lithium Class Analysis Error: Class de.mrjulsen.crn.block.AbstractAdvancedDisplayBlock cannot be analysed, because getting declared methods crashes with NoClassDefFoundError: net/minecraft/class_322. This is usually caused by modded entities declaring methods that have a return type or parameter type that is annotated with @Environment(value=EnvType.CLIENT). Loading the type is not possible, because it only exists in the CLIENT environment. The recommended fix is to annotate the method with this argument or return type with the same annotation. Lithium handles this error by assuming the class cannot be included in some optimizations.
[02:18:11] [main/WARN]: Lithium Class Analysis Error: Class de.mrjulsen.crn.block.AbstractAdvancedDisplayBlock cannot be analysed, because getting declared methods crashes with NoClassDefFoundError: net/minecraft/class_322. This is usually caused by modded entities declaring methods that have a return type or parameter type that is annotated with @Environment(value=EnvType.CLIENT). Loading the type is not possible, because it only exists in the CLIENT environment. The recommended fix is to annotate the method with this argument or return type with the same annotation. Lithium handles this error by assuming the class cannot be included in some optimizations.
[02:18:11] [main/WARN]: Lithium Class Analysis Error: Class de.mrjulsen.crn.block.AbstractAdvancedDisplayBlock cannot be analysed, because getting declared methods crashes with NoClassDefFoundError: net/minecraft/class_322. This is usually caused by modded entities declaring methods that have a return type or parameter type that is annotated with @Environment(value=EnvType.CLIENT). Loading the type is not possible, because it only exists in the CLIENT environment. The recommended fix is to annotate the method with this argument or return type with the same annotation. Lithium handles this error by assuming the class cannot be included in some optimizations.
[02:18:11] [main/WARN]: Lithium Class Analysis Error: Class de.mrjulsen.crn.block.AbstractAdvancedDisplayBlock cannot be analysed, because getting declared methods crashes with NoClassDefFoundError: net/minecraft/class_322. This is usually caused by modded entities declaring methods that have a return type or parameter type that is annotated with @Environment(value=EnvType.CLIENT). Loading the type is not possible, because it only exists in the CLIENT environment. The recommended fix is to annotate the method with this argument or return type with the same annotation. Lithium handles this error by assuming the class cannot be included in some optimizations.
[02:18:11] [main/WARN]: Lithium Class Analysis Error: Class de.mrjulsen.crn.block.AbstractAdvancedDisplayBlock cannot be analysed, because getting declared methods crashes with NoClassDefFoundError: net/minecraft/class_322. This is usually caused by modded entities declaring methods that have a return type or parameter type that is annotated with @Environment(value=EnvType.CLIENT). Loading the type is not possible, because it only exists in the CLIENT environment. The recommended fix is to annotate the method with this argument or return type with the same annotation. Lithium handles this error by assuming the class cannot be included in some optimizations.
[02:18:11] [main/WARN]: Lithium Class Analysis Error: Class de.mrjulsen.crn.block.AbstractAdvancedDisplayBlock cannot be analysed, because getting declared methods crashes with NoClassDefFoundError: net/minecraft/class_322. This is usually caused by modded entities declaring methods that have a return type or parameter type that is annotated with @Environment(value=EnvType.CLIENT). Loading the type is not possible, because it only exists in the CLIENT environment. The recommended fix is to annotate the method with this argument or return type with the same annotation. Lithium handles this error by assuming the class cannot be included in some optimizations.
[02:18:11] [main/WARN]: Lithium Class Analysis Error: Class de.mrjulsen.crn.block.AbstractAdvancedDisplayBlock cannot be analysed, because getting declared methods crashes with NoClassDefFoundError: net/minecraft/class_322. This is usually caused by modded entities declaring methods that have a return type or parameter type that is annotated with @Environment(value=EnvType.CLIENT). Loading the type is not possible, because it only exists in the CLIENT environment. The recommended fix is to annotate the method with this argument or return type with the same annotation. Lithium handles this error by assuming the class cannot be included in some optimizations.
[02:18:11] [main/WARN]: Lithium Class Analysis Error: Class de.mrjulsen.crn.block.AbstractAdvancedDisplayBlock cannot be analysed, because getting declared methods crashes with NoClassDefFoundError: net/minecraft/class_322. This is usually caused by modded entities declaring methods that have a return type or parameter type that is annotated with @Environment(value=EnvType.CLIENT). Loading the type is not possible, because it only exists in the CLIENT environment. The recommended fix is to annotate the method with this argument or return type with the same annotation. Lithium handles this error by assuming the class cannot be included in some optimizations.
[02:18:11] [main/WARN]: Lithium Class Analysis Error: Class de.mrjulsen.crn.block.AbstractAdvancedDisplayBlock cannot be analysed, because getting declared methods crashes with NoClassDefFoundError: net/minecraft/class_322. This is usually caused by modded entities declaring methods that have a return type or parameter type that is annotated with @Environment(value=EnvType.CLIENT). Loading the type is not possible, because it only exists in the CLIENT environment. The recommended fix is to annotate the method with this argument or return type with the same annotation. Lithium handles this error by assuming the class cannot be included in some optimizations.
[02:18:11] [main/WARN]: Lithium Class Analysis Error: Class de.mrjulsen.crn.block.AbstractAdvancedDisplayBlock cannot be analysed, because getting declared methods crashes with NoClassDefFoundError: net/minecraft/class_322. This is usually caused by modded entities declaring methods that have a return type or parameter type that is annotated with @Environment(value=EnvType.CLIENT). Loading the type is not possible, because it only exists in the CLIENT environment. The recommended fix is to annotate the method with this argument or return type with the same annotation. Lithium handles this error by assuming the class cannot be included in some optimizations.
[02:18:11] [main/WARN]: Lithium Class Analysis Error: Class de.mrjulsen.crn.block.AbstractAdvancedDisplayBlock cannot be analysed, because getting declared methods crashes with NoClassDefFoundError: net/minecraft/class_322. This is usually caused by modded entities declaring methods that have a return type or parameter type that is annotated with @Environment(value=EnvType.CLIENT). Loading the type is not possible, because it only exists in the CLIENT environment. The recommended fix is to annotate the method with this argument or return type with the same annotation. Lithium handles this error by assuming the class cannot be included in some optimizations.
[02:18:11] [main/WARN]: Lithium Class Analysis Error: Class de.mrjulsen.crn.block.AbstractAdvancedDisplayBlock cannot be analysed, because getting declared methods crashes with NoClassDefFoundError: net/minecraft/class_322. This is usually caused by modded entities declaring methods that have a return type or parameter type that is annotated with @Environment(value=EnvType.CLIENT). Loading the type is not possible, because it only exists in the CLIENT environment. The recommended fix is to annotate the method with this argument or return type with the same annotation. Lithium handles this error by assuming the class cannot be included in some optimizations.
[02:18:11] [main/WARN]: Lithium Class Analysis Error: Class de.mrjulsen.crn.block.AbstractAdvancedDisplayBlock cannot be analysed, because getting declared methods crashes with NoClassDefFoundError: net/minecraft/class_322. This is usually caused by modded entities declaring methods that have a return type or parameter type that is annotated with @Environment(value=EnvType.CLIENT). Loading the type is not possible, because it only exists in the CLIENT environment. The recommended fix is to annotate the method with this argument or return type with the same annotation. Lithium handles this error by assuming the class cannot be included in some optimizations.
[02:18:11] [main/WARN]: Lithium Class Analysis Error: Class de.mrjulsen.crn.block.AbstractAdvancedDisplayBlock cannot be analysed, because getting declared methods crashes with NoClassDefFoundError: net/minecraft/class_322. This is usually caused by modded entities declaring methods that have a return type or parameter type that is annotated with @Environment(value=EnvType.CLIENT). Loading the type is not possible, because it only exists in the CLIENT environment. The recommended fix is to annotate the method with this argument or return type with the same annotation. Lithium handles this error by assuming the class cannot be included in some optimizations.
[02:18:11] [main/WARN]: Lithium Class Analysis Error: Class de.mrjulsen.crn.block.AbstractAdvancedDisplayBlock cannot be analysed, because getting declared methods crashes with NoClassDefFoundError: net/minecraft/class_322. This is usually caused by modded entities declaring methods that have a return type or parameter type that is annotated with @Environment(value=EnvType.CLIENT). Loading the type is not possible, because it only exists in the CLIENT environment. The recommended fix is to annotate the method with this argument or return type with the same annotation. Lithium handles this error by assuming the class cannot be included in some optimizations.
[02:18:11] [main/WARN]: Lithium Class Analysis Error: Class de.mrjulsen.crn.block.AbstractAdvancedDisplayBlock cannot be analysed, because getting declared methods crashes with NoClassDefFoundError: net/minecraft/class_322. This is usually caused by modded entities declaring methods that have a return type or parameter type that is annotated with @Environment(value=EnvType.CLIENT). Loading the type is not possible, because it only exists in the CLIENT environment. The recommended fix is to annotate the method with this argument or return type with the same annotation. Lithium handles this error by assuming the class cannot be included in some optimizations.
[02:18:11] [main/WARN]: Lithium Class Analysis Error: Class de.mrjulsen.crn.block.AbstractAdvancedDisplayBlock cannot be analysed, because getting declared methods crashes with NoClassDefFoundError: net/minecraft/class_322. This is usually caused by modded entities declaring methods that have a return type or parameter type that is annotated with @Environment(value=EnvType.CLIENT). Loading the type is not possible, because it only exists in the CLIENT environment. The recommended fix is to annotate the method with this argument or return type with the same annotation. Lithium handles this error by assuming the class cannot be included in some optimizations.
[02:18:11] [main/WARN]: Lithium Class Analysis Error: Class de.mrjulsen.crn.block.AbstractAdvancedDisplayBlock cannot be analysed, because getting declared methods crashes with NoClassDefFoundError: net/minecraft/class_322. This is usually caused by modded entities declaring methods that have a return type or parameter type that is annotated with @Environment(value=EnvType.CLIENT). Loading the type is not possible, because it only exists in the CLIENT environment. The recommended fix is to annotate the method with this argument or return type with the same annotation. Lithium handles this error by assuming the class cannot be included in some optimizations.
[02:18:11] [main/WARN]: Lithium Class Analysis Error: Class de.mrjulsen.crn.block.AbstractAdvancedDisplayBlock cannot be analysed, because getting declared methods crashes with NoClassDefFoundError: net/minecraft/class_322. This is usually caused by modded entities declaring methods that have a return type or parameter type that is annotated with @Environment(value=EnvType.CLIENT). Loading the type is not possible, because it only exists in the CLIENT environment. The recommended fix is to annotate the method with this argument or return type with the same annotation. Lithium handles this error by assuming the class cannot be included in some optimizations.
[02:18:11] [main/WARN]: Lithium Class Analysis Error: Class de.mrjulsen.crn.block.AbstractAdvancedDisplayBlock cannot be analysed, because getting declared methods crashes with NoClassDefFoundError: net/minecraft/class_322. This is usually caused by modded entities declaring methods that have a return type or parameter type that is annotated with @Environment(value=EnvType.CLIENT). Loading the type is not possible, because it only exists in the CLIENT environment. The recommended fix is to annotate the method with this argument or return type with the same annotation. Lithium handles this error by assuming the class cannot be included in some optimizations.
[02:18:11] [main/WARN]: Lithium Class Analysis Error: Class de.mrjulsen.crn.block.AbstractAdvancedDisplayBlock cannot be analysed, because getting declared methods crashes with NoClassDefFoundError: net/minecraft/class_322. This is usually caused by modded entities declaring methods that have a return type or parameter type that is annotated with @Environment(value=EnvType.CLIENT). Loading the type is not possible, because it only exists in the CLIENT environment. The recommended fix is to annotate the method with this argument or return type with the same annotation. Lithium handles this error by assuming the class cannot be included in some optimizations.
[02:18:11] [main/WARN]: Lithium Class Analysis Error: Class de.mrjulsen.crn.block.AbstractAdvancedDisplayBlock cannot be analysed, because getting declared methods crashes with NoClassDefFoundError: net/minecraft/class_322. This is usually caused by modded entities declaring methods that have a return type or parameter type that is annotated with @Environment(value=EnvType.CLIENT). Loading the type is not possible, because it only exists in the CLIENT environment. The recommended fix is to annotate the method with this argument or return type with the same annotation. Lithium handles this error by assuming the class cannot be included in some optimizations.
[02:18:11] [main/WARN]: Lithium Class Analysis Error: Class de.mrjulsen.crn.block.AbstractAdvancedDisplayBlock cannot be analysed, because getting declared methods crashes with NoClassDefFoundError: net/minecraft/class_322. This is usually caused by modded entities declaring methods that have a return type or parameter type that is annotated with @Environment(value=EnvType.CLIENT). Loading the type is not possible, because it only exists in the CLIENT environment. The recommended fix is to annotate the method with this argument or return type with the same annotation. Lithium handles this error by assuming the class cannot be included in some optimizations.
[02:18:11] [main/WARN]: Lithium Class Analysis Error: Class de.mrjulsen.crn.block.AbstractAdvancedDisplayBlock cannot be analysed, because getting declared methods crashes with NoClassDefFoundError: net/minecraft/class_322. This is usually caused by modded entities declaring methods that have a return type or parameter type that is annotated with @Environment(value=EnvType.CLIENT). Loading the type is not possible, because it only exists in the CLIENT environment. The recommended fix is to annotate the method with this argument or return type with the same annotation. Lithium handles this error by assuming the class cannot be included in some optimizations.
[02:18:11] [main/WARN]: Lithium Class Analysis Error: Class de.mrjulsen.crn.block.AbstractAdvancedDisplayBlock cannot be analysed, because getting declared methods crashes with NoClassDefFoundError: net/minecraft/class_322. This is usually caused by modded entities declaring methods that have a return type or parameter type that is annotated with @Environment(value=EnvType.CLIENT). Loading the type is not possible, because it only exists in the CLIENT environment. The recommended fix is to annotate the method with this argument or return type with the same annotation. Lithium handles this error by assuming the class cannot be included in some optimizations.
[02:18:11] [main/WARN]: Lithium Class Analysis Error: Class de.mrjulsen.crn.block.AbstractAdvancedDisplayBlock cannot be analysed, because getting declared methods crashes with NoClassDefFoundError: net/minecraft/class_322. This is usually caused by modded entities declaring methods that have a return type or parameter type that is annotated with @Environment(value=EnvType.CLIENT). Loading the type is not possible, because it only exists in the CLIENT environment. The recommended fix is to annotate the method with this argument or return type with the same annotation. Lithium handles this error by assuming the class cannot be included in some optimizations.
[02:18:11] [main/WARN]: Lithium Class Analysis Error: Class de.mrjulsen.crn.block.AbstractAdvancedDisplayBlock cannot be analysed, because getting declared methods crashes with NoClassDefFoundError: net/minecraft/class_322. This is usually caused by modded entities declaring methods that have a return type or parameter type that is annotated with @Environment(value=EnvType.CLIENT). Loading the type is not possible, because it only exists in the CLIENT environment. The recommended fix is to annotate the method with this argument or return type with the same annotation. Lithium handles this error by assuming the class cannot be included in some optimizations.
[02:18:11] [main/WARN]: Lithium Class Analysis Error: Class de.mrjulsen.crn.block.AbstractAdvancedDisplayBlock cannot be analysed, because getting declared methods crashes with NoClassDefFoundError: net/minecraft/class_322. This is usually caused by modded entities declaring methods that have a return type or parameter type that is annotated with @Environment(value=EnvType.CLIENT). Loading the type is not possible, because it only exists in the CLIENT environment. The recommended fix is to annotate the method with this argument or return type with the same annotation. Lithium handles this error by assuming the class cannot be included in some optimizations.
[02:18:11] [main/WARN]: Lithium Class Analysis Error: Class de.mrjulsen.crn.block.AbstractAdvancedDisplayBlock cannot be analysed, because getting declared methods crashes with NoClassDefFoundError: net/minecraft/class_322. This is usually caused by modded entities declaring methods that have a return type or parameter type that is annotated with @Environment(value=EnvType.CLIENT). Loading the type is not possible, because it only exists in the CLIENT environment. The recommended fix is to annotate the method with this argument or return type with the same annotation. Lithium handles this error by assuming the class cannot be included in some optimizations.
[02:18:11] [main/WARN]: Lithium Class Analysis Error: Class de.mrjulsen.crn.block.AbstractAdvancedDisplayBlock cannot be analysed, because getting declared methods crashes with NoClassDefFoundError: net/minecraft/class_322. This is usually caused by modded entities declaring methods that have a return type or parameter type that is annotated with @Environment(value=EnvType.CLIENT). Loading the type is not possible, because it only exists in the CLIENT environment. The recommended fix is to annotate the method with this argument or return type with the same annotation. Lithium handles this error by assuming the class cannot be included in some optimizations.
[02:18:11] [main/WARN]: Lithium Class Analysis Error: Class de.mrjulsen.crn.block.AbstractAdvancedDisplayBlock cannot be analysed, because getting declared methods crashes with NoClassDefFoundError: net/minecraft/class_322. This is usually caused by modded entities declaring methods that have a return type or parameter type that is annotated with @Environment(value=EnvType.CLIENT). Loading the type is not possible, because it only exists in the CLIENT environment. The recommended fix is to annotate the method with this argument or return type with the same annotation. Lithium handles this error by assuming the class cannot be included in some optimizations.
[02:18:11] [main/WARN]: Lithium Class Analysis Error: Class de.mrjulsen.crn.block.AbstractAdvancedDisplayBlock cannot be analysed, because getting declared methods crashes with NoClassDefFoundError: net/minecraft/class_322. This is usually caused by modded entities declaring methods that have a return type or parameter type that is annotated with @Environment(value=EnvType.CLIENT). Loading the type is not possible, because it only exists in the CLIENT environment. The recommended fix is to annotate the method with this argument or return type with the same annotation. Lithium handles this error by assuming the class cannot be included in some optimizations.
[02:18:11] [main/WARN]: Lithium Class Analysis Error: Class de.mrjulsen.crn.block.AbstractAdvancedDisplayBlock cannot be analysed, because getting declared methods crashes with NoClassDefFoundError: net/minecraft/class_322. This is usually caused by modded entities declaring methods that have a return type or parameter type that is annotated with @Environment(value=EnvType.CLIENT). Loading the type is not possible, because it only exists in the CLIENT environment. The recommended fix is to annotate the method with this argument or return type with the same annotation. Lithium handles this error by assuming the class cannot be included in some optimizations.
[02:18:11] [main/WARN]: Lithium Class Analysis Error: Class de.mrjulsen.crn.block.AbstractAdvancedDisplayBlock cannot be analysed, because getting declared methods crashes with NoClassDefFoundError: net/minecraft/class_322. This is usually caused by modded entities declaring methods that have a return type or parameter type that is annotated with @Environment(value=EnvType.CLIENT). Loading the type is not possible, because it only exists in the CLIENT environment. The recommended fix is to annotate the method with this argument or return type with the same annotation. Lithium handles this error by assuming the class cannot be included in some optimizations.
[02:18:11] [main/WARN]: Lithium Class Analysis Error: Class de.mrjulsen.crn.block.AbstractAdvancedDisplayBlock cannot be analysed, because getting declared methods crashes with NoClassDefFoundError: net/minecraft/class_322. This is usually caused by modded entities declaring methods that have a return type or parameter type that is annotated with @Environment(value=EnvType.CLIENT). Loading the type is not possible, because it only exists in the CLIENT environment. The recommended fix is to annotate the method with this argument or return type with the same annotation. Lithium handles this error by assuming the class cannot be included in some optimizations.
[02:18:11] [main/WARN]: Lithium Class Analysis Error: Class de.mrjulsen.crn.block.AbstractAdvancedDisplayBlock cannot be analysed, because getting declared methods crashes with NoClassDefFoundError: net/minecraft/class_322. This is usually caused by modded entities declaring methods that have a return type or parameter type that is annotated with @Environment(value=EnvType.CLIENT). Loading the type is not possible, because it only exists in the CLIENT environment. The recommended fix is to annotate the method with this argument or return type with the same annotation. Lithium handles this error by assuming the class cannot be included in some optimizations.
[02:18:11] [main/WARN]: Lithium Class Analysis Error: Class de.mrjulsen.crn.block.AbstractAdvancedDisplayBlock cannot be analysed, because getting declared methods crashes with NoClassDefFoundError: net/minecraft/class_322. This is usually caused by modded entities declaring methods that have a return type or parameter type that is annotated with @Environment(value=EnvType.CLIENT). Loading the type is not possible, because it only exists in the CLIENT environment. The recommended fix is to annotate the method with this argument or return type with the same annotation. Lithium handles this error by assuming the class cannot be included in some optimizations.
[02:18:11] [main/WARN]: Lithium Class Analysis Error: Class de.mrjulsen.crn.block.AbstractAdvancedDisplayBlock cannot be analysed, because getting declared methods crashes with NoClassDefFoundError: net/minecraft/class_322. This is usually caused by modded entities declaring methods that have a return type or parameter type that is annotated with @Environment(value=EnvType.CLIENT). Loading the type is not possible, because it only exists in the CLIENT environment. The recommended fix is to annotate the method with this argument or return type with the same annotation. Lithium handles this error by assuming the class cannot be included in some optimizations.
[02:18:11] [main/WARN]: Lithium Class Analysis Error: Class de.mrjulsen.crn.block.AbstractAdvancedDisplayBlock cannot be analysed, because getting declared methods crashes with NoClassDefFoundError: net/minecraft/class_322. This is usually caused by modded entities declaring methods that have a return type or parameter type that is annotated with @Environment(value=EnvType.CLIENT). Loading the type is not possible, because it only exists in the CLIENT environment. The recommended fix is to annotate the method with this argument or return type with the same annotation. Lithium handles this error by assuming the class cannot be included in some optimizations.
[02:18:11] [main/WARN]: Lithium Class Analysis Error: Class de.mrjulsen.crn.block.AbstractAdvancedDisplayBlock cannot be analysed, because getting declared methods crashes with NoClassDefFoundError: net/minecraft/class_322. This is usually caused by modded entities declaring methods that have a return type or parameter type that is annotated with @Environment(value=EnvType.CLIENT). Loading the type is not possible, because it only exists in the CLIENT environment. The recommended fix is to annotate the method with this argument or return type with the same annotation. Lithium handles this error by assuming the class cannot be included in some optimizations.
[02:18:11] [main/WARN]: Lithium Class Analysis Error: Class de.mrjulsen.crn.block.AbstractAdvancedDisplayBlock cannot be analysed, because getting declared methods crashes with NoClassDefFoundError: net/minecraft/class_322. This is usually caused by modded entities declaring methods that have a return type or parameter type that is annotated with @Environment(value=EnvType.CLIENT). Loading the type is not possible, because it only exists in the CLIENT environment. The recommended fix is to annotate the method with this argument or return type with the same annotation. Lithium handles this error by assuming the class cannot be included in some optimizations.
[02:18:11] [main/WARN]: Lithium Class Analysis Error: Class de.mrjulsen.crn.block.AbstractAdvancedDisplayBlock cannot be analysed, because getting declared methods crashes with NoClassDefFoundError: net/minecraft/class_322. This is usually caused by modded entities declaring methods that have a return type or parameter type that is annotated with @Environment(value=EnvType.CLIENT). Loading the type is not possible, because it only exists in the CLIENT environment. The recommended fix is to annotate the method with this argument or return type with the same annotation. Lithium handles this error by assuming the class cannot be included in some optimizations.
[02:18:11] [main/WARN]: Lithium Class Analysis Error: Class de.mrjulsen.crn.block.AbstractAdvancedDisplayBlock cannot be analysed, because getting declared methods crashes with NoClassDefFoundError: net/minecraft/class_322. This is usually caused by modded entities declaring methods that have a return type or parameter type that is annotated with @Environment(value=EnvType.CLIENT). Loading the type is not possible, because it only exists in the CLIENT environment. The recommended fix is to annotate the method with this argument or return type with the same annotation. Lithium handles this error by assuming the class cannot be included in some optimizations.
[02:18:11] [main/WARN]: Lithium Class Analysis Error: Class de.mrjulsen.crn.block.AbstractAdvancedDisplayBlock cannot be analysed, because getting declared methods crashes with NoClassDefFoundError: net/minecraft/class_322. This is usually caused by modded entities declaring methods that have a return type or parameter type that is annotated with @Environment(value=EnvType.CLIENT). Loading the type is not possible, because it only exists in the CLIENT environment. The recommended fix is to annotate the method with this argument or return type with the same annotation. Lithium handles this error by assuming the class cannot be included in some optimizations.
[02:18:11] [main/WARN]: Lithium Class Analysis Error: Class de.mrjulsen.crn.block.AbstractAdvancedDisplayBlock cannot be analysed, because getting declared methods crashes with NoClassDefFoundError: net/minecraft/class_322. This is usually caused by modded entities declaring methods that have a return type or parameter type that is annotated with @Environment(value=EnvType.CLIENT). Loading the type is not possible, because it only exists in the CLIENT environment. The recommended fix is to annotate the method with this argument or return type with the same annotation. Lithium handles this error by assuming the class cannot be included in some optimizations.
[02:18:11] [main/WARN]: Lithium Class Analysis Error: Class de.mrjulsen.crn.block.AbstractAdvancedDisplayBlock cannot be analysed, because getting declared methods crashes with NoClassDefFoundError: net/minecraft/class_322. This is usually caused by modded entities declaring methods that have a return type or parameter type that is annotated with @Environment(value=EnvType.CLIENT). Loading the type is not possible, because it only exists in the CLIENT environment. The recommended fix is to annotate the method with this argument or return type with the same annotation. Lithium handles this error by assuming the class cannot be included in some optimizations.
[02:18:11] [main/WARN]: Lithium Class Analysis Error: Class de.mrjulsen.crn.block.AbstractAdvancedDisplayBlock cannot be analysed, because getting declared methods crashes with NoClassDefFoundError: net/minecraft/class_322. This is usually caused by modded entities declaring methods that have a return type or parameter type that is annotated with @Environment(value=EnvType.CLIENT). Loading the type is not possible, because it only exists in the CLIENT environment. The recommended fix is to annotate the method with this argument or return type with the same annotation. Lithium handles this error by assuming the class cannot be included in some optimizations.
[02:18:11] [main/WARN]: Lithium Class Analysis Error: Class de.mrjulsen.crn.block.AbstractAdvancedDisplayBlock cannot be analysed, because getting declared methods crashes with NoClassDefFoundError: net/minecraft/class_322. This is usually caused by modded entities declaring methods that have a return type or parameter type that is annotated with @Environment(value=EnvType.CLIENT). Loading the type is not possible, because it only exists in the CLIENT environment. The recommended fix is to annotate the method with this argument or return type with the same annotation. Lithium handles this error by assuming the class cannot be included in some optimizations.
[02:18:11] [main/WARN]: Lithium Class Analysis Error: Class de.mrjulsen.crn.block.AbstractAdvancedDisplayBlock cannot be analysed, because getting declared methods crashes with NoClassDefFoundError: net/minecraft/class_322. This is usually caused by modded entities declaring methods that have a return type or parameter type that is annotated with @Environment(value=EnvType.CLIENT). Loading the type is not possible, because it only exists in the CLIENT environment. The recommended fix is to annotate the method with this argument or return type with the same annotation. Lithium handles this error by assuming the class cannot be included in some optimizations.
[02:18:11] [main/WARN]: Lithium Class Analysis Error: Class de.mrjulsen.crn.block.AbstractAdvancedDisplayBlock cannot be analysed, because getting declared methods crashes with NoClassDefFoundError: net/minecraft/class_322. This is usually caused by modded entities declaring methods that have a return type or parameter type that is annotated with @Environment(value=EnvType.CLIENT). Loading the type is not possible, because it only exists in the CLIENT environment. The recommended fix is to annotate the method with this argument or return type with the same annotation. Lithium handles this error by assuming the class cannot be included in some optimizations.
[02:18:11] [main/WARN]: Lithium Class Analysis Error: Class de.mrjulsen.crn.block.AbstractAdvancedDisplayBlock cannot be analysed, because getting declared methods crashes with NoClassDefFoundError: net/minecraft/class_322. This is usually caused by modded entities declaring methods that have a return type or parameter type that is annotated with @Environment(value=EnvType.CLIENT). Loading the type is not possible, because it only exists in the CLIENT environment. The recommended fix is to annotate the method with this argument or return type with the same annotation. Lithium handles this error by assuming the class cannot be included in some optimizations.
[02:18:11] [main/WARN]: Lithium Class Analysis Error: Class de.mrjulsen.crn.block.AbstractAdvancedDisplayBlock cannot be analysed, because getting declared methods crashes with NoClassDefFoundError: net/minecraft/class_322. This is usually caused by modded entities declaring methods that have a return type or parameter type that is annotated with @Environment(value=EnvType.CLIENT). Loading the type is not possible, because it only exists in the CLIENT environment. The recommended fix is to annotate the method with this argument or return type with the same annotation. Lithium handles this error by assuming the class cannot be included in some optimizations.
[02:18:11] [main/WARN]: Lithium Class Analysis Error: Class de.mrjulsen.crn.block.AbstractAdvancedDisplayBlock cannot be analysed, because getting declared methods crashes with NoClassDefFoundError: net/minecraft/class_322. This is usually caused by modded entities declaring methods that have a return type or parameter type that is annotated with @Environment(value=EnvType.CLIENT). Loading the type is not possible, because it only exists in the CLIENT environment. The recommended fix is to annotate the method with this argument or return type with the same annotation. Lithium handles this error by assuming the class cannot be included in some optimizations.
[02:18:11] [main/WARN]: Lithium Class Analysis Error: Class de.mrjulsen.crn.block.AbstractAdvancedDisplayBlock cannot be analysed, because getting declared methods crashes with NoClassDefFoundError: net/minecraft/class_322. This is usually caused by modded entities declaring methods that have a return type or parameter type that is annotated with @Environment(value=EnvType.CLIENT). Loading the type is not possible, because it only exists in the CLIENT environment. The recommended fix is to annotate the method with this argument or return type with the same annotation. Lithium handles this error by assuming the class cannot be included in some optimizations.
[02:18:11] [main/WARN]: Lithium Class Analysis Error: Class de.mrjulsen.crn.block.AbstractAdvancedDisplayBlock cannot be analysed, because getting declared methods crashes with NoClassDefFoundError: net/minecraft/class_322. This is usually caused by modded entities declaring methods that have a return type or parameter type that is annotated with @Environment(value=EnvType.CLIENT). Loading the type is not possible, because it only exists in the CLIENT environment. The recommended fix is to annotate the method with this argument or return type with the same annotation. Lithium handles this error by assuming the class cannot be included in some optimizations.
[02:18:11] [main/WARN]: Lithium Class Analysis Error: Class de.mrjulsen.crn.block.AbstractAdvancedDisplayBlock cannot be analysed, because getting declared methods crashes with NoClassDefFoundError: net/minecraft/class_322. This is usually caused by modded entities declaring methods that have a return type or parameter type that is annotated with @Environment(value=EnvType.CLIENT). Loading the type is not possible, because it only exists in the CLIENT environment. The recommended fix is to annotate the method with this argument or return type with the same annotation. Lithium handles this error by assuming the class cannot be included in some optimizations.
[02:18:11] [main/WARN]: Lithium Class Analysis Error: Class de.mrjulsen.crn.block.AbstractAdvancedDisplayBlock cannot be analysed, because getting declared methods crashes with NoClassDefFoundError: net/minecraft/class_322. This is usually caused by modded entities declaring methods that have a return type or parameter type that is annotated with @Environment(value=EnvType.CLIENT). Loading the type is not possible, because it only exists in the CLIENT environment. The recommended fix is to annotate the method with this argument or return type with the same annotation. Lithium handles this error by assuming the class cannot be included in some optimizations.
[02:18:11] [main/WARN]: Lithium Class Analysis Error: Class de.mrjulsen.crn.block.AbstractAdvancedDisplayBlock cannot be analysed, because getting declared methods crashes with NoClassDefFoundError: net/minecraft/class_322. This is usually caused by modded entities declaring methods that have a return type or parameter type that is annotated with @Environment(value=EnvType.CLIENT). Loading the type is not possible, because it only exists in the CLIENT environment. The recommended fix is to annotate the method with this argument or return type with the same annotation. Lithium handles this error by assuming the class cannot be included in some optimizations.
[02:18:11] [main/WARN]: Lithium Class Analysis Error: Class de.mrjulsen.crn.block.AbstractAdvancedDisplayBlock cannot be analysed, because getting declared methods crashes with NoClassDefFoundError: net/minecraft/class_322. This is usually caused by modded entities declaring methods that have a return type or parameter type that is annotated with @Environment(value=EnvType.CLIENT). Loading the type is not possible, because it only exists in the CLIENT environment. The recommended fix is to annotate the method with this argument or return type with the same annotation. Lithium handles this error by assuming the class cannot be included in some optimizations.
[02:18:11] [main/WARN]: Lithium Class Analysis Error: Class de.mrjulsen.crn.block.AbstractAdvancedDisplayBlock cannot be analysed, because getting declared methods crashes with NoClassDefFoundError: net/minecraft/class_322. This is usually caused by modded entities declaring methods that have a return type or parameter type that is annotated with @Environment(value=EnvType.CLIENT). Loading the type is not possible, because it only exists in the CLIENT environment. The recommended fix is to annotate the method with this argument or return type with the same annotation. Lithium handles this error by assuming the class cannot be included in some optimizations.
[02:18:11] [main/WARN]: Lithium Class Analysis Error: Class de.mrjulsen.crn.block.AbstractAdvancedDisplayBlock cannot be analysed, because getting declared methods crashes with NoClassDefFoundError: net/minecraft/class_322. This is usually caused by modded entities declaring methods that have a return type or parameter type that is annotated with @Environment(value=EnvType.CLIENT). Loading the type is not possible, because it only exists in the CLIENT environment. The recommended fix is to annotate the method with this argument or return type with the same annotation. Lithium handles this error by assuming the class cannot be included in some optimizations.
[02:18:11] [main/WARN]: Lithium Class Analysis Error: Class de.mrjulsen.crn.block.AbstractAdvancedDisplayBlock cannot be analysed, because getting declared methods crashes with NoClassDefFoundError: net/minecraft/class_322. This is usually caused by modded entities declaring methods that have a return type or parameter type that is annotated with @Environment(value=EnvType.CLIENT). Loading the type is not possible, because it only exists in the CLIENT environment. The recommended fix is to annotate the method with this argument or return type with the same annotation. Lithium handles this error by assuming the class cannot be included in some optimizations.
[02:18:11] [main/WARN]: Lithium Class Analysis Error: Class de.mrjulsen.crn.block.AbstractAdvancedDisplayBlock cannot be analysed, because getting declared methods crashes with NoClassDefFoundError: net/minecraft/class_322. This is usually caused by modded entities declaring methods that have a return type or parameter type that is annotated with @Environment(value=EnvType.CLIENT). Loading the type is not possible, because it only exists in the CLIENT environment. The recommended fix is to annotate the method with this argument or return type with the same annotation. Lithium handles this error by assuming the class cannot be included in some optimizations.
[02:18:11] [main/WARN]: Lithium Class Analysis Error: Class de.mrjulsen.crn.block.AbstractAdvancedDisplayBlock cannot be analysed, because getting declared methods crashes with NoClassDefFoundError: net/minecraft/class_322. This is usually caused by modded entities declaring methods that have a return type or parameter type that is annotated with @Environment(value=EnvType.CLIENT). Loading the type is not possible, because it only exists in the CLIENT environment. The recommended fix is to annotate the method with this argument or return type with the same annotation. Lithium handles this error by assuming the class cannot be included in some optimizations.
[02:18:11] [main/WARN]: Lithium Class Analysis Error: Class de.mrjulsen.crn.block.AbstractAdvancedDisplayBlock cannot be analysed, because getting declared methods crashes with NoClassDefFoundError: net/minecraft/class_322. This is usually caused by modded entities declaring methods that have a return type or parameter type that is annotated with @Environment(value=EnvType.CLIENT). Loading the type is not possible, because it only exists in the CLIENT environment. The recommended fix is to annotate the method with this argument or return type with the same annotation. Lithium handles this error by assuming the class cannot be included in some optimizations.
[02:18:11] [main/WARN]: Lithium Class Analysis Error: Class de.mrjulsen.crn.block.AbstractAdvancedDisplayBlock cannot be analysed, because getting declared methods crashes with NoClassDefFoundError: net/minecraft/class_322. This is usually caused by modded entities declaring methods that have a return type or parameter type that is annotated with @Environment(value=EnvType.CLIENT). Loading the type is not possible, because it only exists in the CLIENT environment. The recommended fix is to annotate the method with this argument or return type with the same annotation. Lithium handles this error by assuming the class cannot be included in some optimizations.
[02:18:11] [main/WARN]: Lithium Class Analysis Error: Class de.mrjulsen.crn.block.AbstractAdvancedDisplayBlock cannot be analysed, because getting declared methods crashes with NoClassDefFoundError: net/minecraft/class_322. This is usually caused by modded entities declaring methods that have a return type or parameter type that is annotated with @Environment(value=EnvType.CLIENT). Loading the type is not possible, because it only exists in the CLIENT environment. The recommended fix is to annotate the method with this argument or return type with the same annotation. Lithium handles this error by assuming the class cannot be included in some optimizations.
[02:18:11] [main/WARN]: Lithium Class Analysis Error: Class de.mrjulsen.crn.block.AbstractAdvancedDisplayBlock cannot be analysed, because getting declared methods crashes with NoClassDefFoundError: net/minecraft/class_322. This is usually caused by modded entities declaring methods that have a return type or parameter type that is annotated with @Environment(value=EnvType.CLIENT). Loading the type is not possible, because it only exists in the CLIENT environment. The recommended fix is to annotate the method with this argument or return type with the same annotation. Lithium handles this error by assuming the class cannot be included in some optimizations.
[02:18:11] [main/WARN]: Lithium Class Analysis Error: Class de.mrjulsen.crn.block.AbstractAdvancedDisplayBlock cannot be analysed, because getting declared methods crashes with NoClassDefFoundError: net/minecraft/class_322. This is usually caused by modded entities declaring methods that have a return type or parameter type that is annotated with @Environment(value=EnvType.CLIENT). Loading the type is not possible, because it only exists in the CLIENT environment. The recommended fix is to annotate the method with this argument or return type with the same annotation. Lithium handles this error by assuming the class cannot be included in some optimizations.
[02:18:11] [main/WARN]: Lithium Class Analysis Error: Class de.mrjulsen.crn.block.AbstractAdvancedDisplayBlock cannot be analysed, because getting declared methods crashes with NoClassDefFoundError: net/minecraft/class_322. This is usually caused by modded entities declaring methods that have a return type or parameter type that is annotated with @Environment(value=EnvType.CLIENT). Loading the type is not possible, because it only exists in the CLIENT environment. The recommended fix is to annotate the method with this argument or return type with the same annotation. Lithium handles this error by assuming the class cannot be included in some optimizations.
[02:18:11] [main/WARN]: Lithium Class Analysis Error: Class de.mrjulsen.crn.block.AbstractAdvancedDisplayBlock cannot be analysed, because getting declared methods crashes with NoClassDefFoundError: net/minecraft/class_322. This is usually caused by modded entities declaring methods that have a return type or parameter type that is annotated with @Environment(value=EnvType.CLIENT). Loading the type is not possible, because it only exists in the CLIENT environment. The recommended fix is to annotate the method with this argument or return type with the same annotation. Lithium handles this error by assuming the class cannot be included in some optimizations.
[02:18:11] [main/WARN]: Lithium Class Analysis Error: Class de.mrjulsen.crn.block.AbstractAdvancedDisplayBlock cannot be analysed, because getting declared methods crashes with NoClassDefFoundError: net/minecraft/class_322. This is usually caused by modded entities declaring methods that have a return type or parameter type that is annotated with @Environment(value=EnvType.CLIENT). Loading the type is not possible, because it only exists in the CLIENT environment. The recommended fix is to annotate the method with this argument or return type with the same annotation. Lithium handles this error by assuming the class cannot be included in some optimizations.
[02:18:11] [main/WARN]: Lithium Class Analysis Error: Class de.mrjulsen.crn.block.AbstractAdvancedDisplayBlock cannot be analysed, because getting declared methods crashes with NoClassDefFoundError: net/minecraft/class_322. This is usually caused by modded entities declaring methods that have a return type or parameter type that is annotated with @Environment(value=EnvType.CLIENT). Loading the type is not possible, because it only exists in the CLIENT environment. The recommended fix is to annotate the method with this argument or return type with the same annotation. Lithium handles this error by assuming the class cannot be included in some optimizations.
[02:18:11] [main/WARN]: Lithium Class Analysis Error: Class de.mrjulsen.crn.block.AbstractAdvancedDisplayBlock cannot be analysed, because getting declared methods crashes with NoClassDefFoundError: net/minecraft/class_322. This is usually caused by modded entities declaring methods that have a return type or parameter type that is annotated with @Environment(value=EnvType.CLIENT). Loading the type is not possible, because it only exists in the CLIENT environment. The recommended fix is to annotate the method with this argument or return type with the same annotation. Lithium handles this error by assuming the class cannot be included in some optimizations.
[02:18:11] [main/WARN]: Lithium Class Analysis Error: Class de.mrjulsen.crn.block.AbstractAdvancedDisplayBlock cannot be analysed, because getting declared methods crashes with NoClassDefFoundError: net/minecraft/class_322. This is usually caused by modded entities declaring methods that have a return type or parameter type that is annotated with @Environment(value=EnvType.CLIENT). Loading the type is not possible, because it only exists in the CLIENT environment. The recommended fix is to annotate the method with this argument or return type with the same annotation. Lithium handles this error by assuming the class cannot be included in some optimizations.
[02:18:11] [main/WARN]: Lithium Class Analysis Error: Class de.mrjulsen.crn.block.AbstractAdvancedDisplayBlock cannot be analysed, because getting declared methods crashes with NoClassDefFoundError: net/minecraft/class_322. This is usually caused by modded entities declaring methods that have a return type or parameter type that is annotated with @Environment(value=EnvType.CLIENT). Loading the type is not possible, because it only exists in the CLIENT environment. The recommended fix is to annotate the method with this argument or return type with the same annotation. Lithium handles this error by assuming the class cannot be included in some optimizations.
[02:18:11] [main/WARN]: Lithium Class Analysis Error: Class de.mrjulsen.crn.block.AbstractAdvancedDisplayBlock cannot be analysed, because getting declared methods crashes with NoClassDefFoundError: net/minecraft/class_322. This is usually caused by modded entities declaring methods that have a return type or parameter type that is annotated with @Environment(value=EnvType.CLIENT). Loading the type is not possible, because it only exists in the CLIENT environment. The recommended fix is to annotate the method with this argument or return type with the same annotation. Lithium handles this error by assuming the class cannot be included in some optimizations.
[02:18:11] [main/WARN]: Lithium Class Analysis Error: Class de.mrjulsen.crn.block.AbstractAdvancedDisplayBlock cannot be analysed, because getting declared methods crashes with NoClassDefFoundError: net/minecraft/class_322. This is usually caused by modded entities declaring methods that have a return type or parameter type that is annotated with @Environment(value=EnvType.CLIENT). Loading the type is not possible, because it only exists in the CLIENT environment. The recommended fix is to annotate the method with this argument or return type with the same annotation. Lithium handles this error by assuming the class cannot be included in some optimizations.
[02:18:11] [main/WARN]: Lithium Class Analysis Error: Class de.mrjulsen.crn.block.AbstractAdvancedDisplayBlock cannot be analysed, because getting declared methods crashes with NoClassDefFoundError: net/minecraft/class_322. This is usually caused by modded entities declaring methods that have a return type or parameter type that is annotated with @Environment(value=EnvType.CLIENT). Loading the type is not possible, because it only exists in the CLIENT environment. The recommended fix is to annotate the method with this argument or return type with the same annotation. Lithium handles this error by assuming the class cannot be included in some optimizations.
[02:18:11] [main/WARN]: Lithium Class Analysis Error: Class de.mrjulsen.crn.block.AbstractAdvancedDisplayBlock cannot be analysed, because getting declared methods crashes with NoClassDefFoundError: net/minecraft/class_322. This is usually caused by modded entities declaring methods that have a return type or parameter type that is annotated with @Environment(value=EnvType.CLIENT). Loading the type is not possible, because it only exists in the CLIENT environment. The recommended fix is to annotate the method with this argument or return type with the same annotation. Lithium handles this error by assuming the class cannot be included in some optimizations.
[02:18:11] [main/WARN]: Lithium Class Analysis Error: Class de.mrjulsen.crn.block.AbstractAdvancedDisplayBlock cannot be analysed, because getting declared methods crashes with NoClassDefFoundError: net/minecraft/class_322. This is usually caused by modded entities declaring methods that have a return type or parameter type that is annotated with @Environment(value=EnvType.CLIENT). Loading the type is not possible, because it only exists in the CLIENT environment. The recommended fix is to annotate the method with this argument or return type with the same annotation. Lithium handles this error by assuming the class cannot be included in some optimizations.
[02:18:11] [main/WARN]: Lithium Class Analysis Error: Class de.mrjulsen.crn.block.AbstractAdvancedDisplayBlock cannot be analysed, because getting declared methods crashes with NoClassDefFoundError: net/minecraft/class_322. This is usually caused by modded entities declaring methods that have a return type or parameter type that is annotated with @Environment(value=EnvType.CLIENT). Loading the type is not possible, because it only exists in the CLIENT environment. The recommended fix is to annotate the method with this argument or return type with the same annotation. Lithium handles this error by assuming the class cannot be included in some optimizations.
[02:18:11] [main/WARN]: Lithium Class Analysis Error: Class de.mrjulsen.crn.block.AbstractAdvancedDisplayBlock cannot be analysed, because getting declared methods crashes with NoClassDefFoundError: net/minecraft/class_322. This is usually caused by modded entities declaring methods that have a return type or parameter type that is annotated with @Environment(value=EnvType.CLIENT). Loading the type is not possible, because it only exists in the CLIENT environment. The recommended fix is to annotate the method with this argument or return type with the same annotation. Lithium handles this error by assuming the class cannot be included in some optimizations.
[02:18:11] [main/WARN]: Lithium Class Analysis Error: Class de.mrjulsen.crn.block.AbstractAdvancedDisplayBlock cannot be analysed, because getting declared methods crashes with NoClassDefFoundError: net/minecraft/class_322. This is usually caused by modded entities declaring methods that have a return type or parameter type that is annotated with @Environment(value=EnvType.CLIENT). Loading the type is not possible, because it only exists in the CLIENT environment. The recommended fix is to annotate the method with this argument or return type with the same annotation. Lithium handles this error by assuming the class cannot be included in some optimizations.
[02:18:11] [main/WARN]: Lithium Class Analysis Error: Class de.mrjulsen.crn.block.AbstractAdvancedDisplayBlock cannot be analysed, because getting declared methods crashes with NoClassDefFoundError: net/minecraft/class_322. This is usually caused by modded entities declaring methods that have a return type or parameter type that is annotated with @Environment(value=EnvType.CLIENT). Loading the type is not possible, because it only exists in the CLIENT environment. The recommended fix is to annotate the method with this argument or return type with the same annotation. Lithium handles this error by assuming the class cannot be included in some optimizations.
[02:18:11] [main/WARN]: Lithium Class Analysis Error: Class de.mrjulsen.crn.block.AbstractAdvancedDisplayBlock cannot be analysed, because getting declared methods crashes with NoClassDefFoundError: net/minecraft/class_322. This is usually caused by modded entities declaring methods that have a return type or parameter type that is annotated with @Environment(value=EnvType.CLIENT). Loading the type is not possible, because it only exists in the CLIENT environment. The recommended fix is to annotate the method with this argument or return type with the same annotation. Lithium handles this error by assuming the class cannot be included in some optimizations.
[02:18:11] [main/WARN]: Lithium Class Analysis Error: Class de.mrjulsen.crn.block.AbstractAdvancedDisplayBlock cannot be analysed, because getting declared methods crashes with NoClassDefFoundError: net/minecraft/class_322. This is usually caused by modded entities declaring methods that have a return type or parameter type that is annotated with @Environment(value=EnvType.CLIENT). Loading the type is not possible, because it only exists in the CLIENT environment. The recommended fix is to annotate the method with this argument or return type with the same annotation. Lithium handles this error by assuming the class cannot be included in some optimizations.
[02:18:11] [main/WARN]: Lithium Class Analysis Error: Class de.mrjulsen.crn.block.AbstractAdvancedDisplayBlock cannot be analysed, because getting declared methods crashes with NoClassDefFoundError: net/minecraft/class_322. This is usually caused by modded entities declaring methods that have a return type or parameter type that is annotated with @Environment(value=EnvType.CLIENT). Loading the type is not possible, because it only exists in the CLIENT environment. The recommended fix is to annotate the method with this argument or return type with the same annotation. Lithium handles this error by assuming the class cannot be included in some optimizations.
[02:18:11] [main/WARN]: Lithium Class Analysis Error: Class de.mrjulsen.crn.block.AbstractAdvancedDisplayBlock cannot be analysed, because getting declared methods crashes with NoClassDefFoundError: net/minecraft/class_322. This is usually caused by modded entities declaring methods that have a return type or parameter type that is annotated with @Environment(value=EnvType.CLIENT). Loading the type is not possible, because it only exists in the CLIENT environment. The recommended fix is to annotate the method with this argument or return type with the same annotation. Lithium handles this error by assuming the class cannot be included in some optimizations.
[02:18:11] [main/WARN]: Lithium Class Analysis Error: Class de.mrjulsen.crn.block.AbstractAdvancedDisplayBlock cannot be analysed, because getting declared methods crashes with NoClassDefFoundError: net/minecraft/class_322. This is usually caused by modded entities declaring methods that have a return type or parameter type that is annotated with @Environment(value=EnvType.CLIENT). Loading the type is not possible, because it only exists in the CLIENT environment. The recommended fix is to annotate the method with this argument or return type with the same annotation. Lithium handles this error by assuming the class cannot be included in some optimizations.
[02:18:11] [main/WARN]: Lithium Class Analysis Error: Class de.mrjulsen.crn.block.AbstractAdvancedDisplayBlock cannot be analysed, because getting declared methods crashes with NoClassDefFoundError: net/minecraft/class_322. This is usually caused by modded entities declaring methods that have a return type or parameter type that is annotated with @Environment(value=EnvType.CLIENT). Loading the type is not possible, because it only exists in the CLIENT environment. The recommended fix is to annotate the method with this argument or return type with the same annotation. Lithium handles this error by assuming the class cannot be included in some optimizations.
[02:18:11] [main/WARN]: Lithium Class Analysis Error: Class de.mrjulsen.crn.block.AbstractAdvancedDisplayBlock cannot be analysed, because getting declared methods crashes with NoClassDefFoundError: net/minecraft/class_322. This is usually caused by modded entities declaring methods that have a return type or parameter type that is annotated with @Environment(value=EnvType.CLIENT). Loading the type is not possible, because it only exists in the CLIENT environment. The recommended fix is to annotate the method with this argument or return type with the same annotation. Lithium handles this error by assuming the class cannot be included in some optimizations.
[02:18:11] [main/WARN]: Lithium Class Analysis Error: Class de.mrjulsen.crn.block.AbstractAdvancedDisplayBlock cannot be analysed, because getting declared methods crashes with NoClassDefFoundError: net/minecraft/class_322. This is usually caused by modded entities declaring methods that have a return type or parameter type that is annotated with @Environment(value=EnvType.CLIENT). Loading the type is not possible, because it only exists in the CLIENT environment. The recommended fix is to annotate the method with this argument or return type with the same annotation. Lithium handles this error by assuming the class cannot be included in some optimizations.
[02:18:11] [main/WARN]: Lithium Class Analysis Error: Class de.mrjulsen.crn.block.AbstractAdvancedDisplayBlock cannot be analysed, because getting declared methods crashes with NoClassDefFoundError: net/minecraft/class_322. This is usually caused by modded entities declaring methods that have a return type or parameter type that is annotated with @Environment(value=EnvType.CLIENT). Loading the type is not possible, because it only exists in the CLIENT environment. The recommended fix is to annotate the method with this argument or return type with the same annotation. Lithium handles this error by assuming the class cannot be included in some optimizations.
[02:18:11] [main/WARN]: Lithium Class Analysis Error: Class de.mrjulsen.crn.block.AbstractAdvancedDisplayBlock cannot be analysed, because getting declared methods crashes with NoClassDefFoundError: net/minecraft/class_322. This is usually caused by modded entities declaring methods that have a return type or parameter type that is annotated with @Environment(value=EnvType.CLIENT). Loading the type is not possible, because it only exists in the CLIENT environment. The recommended fix is to annotate the method with this argument or return type with the same annotation. Lithium handles this error by assuming the class cannot be included in some optimizations.
[02:18:11] [main/WARN]: Lithium Class Analysis Error: Class de.mrjulsen.crn.block.AbstractAdvancedDisplayBlock cannot be analysed, because getting declared methods crashes with NoClassDefFoundError: net/minecraft/class_322. This is usually caused by modded entities declaring methods that have a return type or parameter type that is annotated with @Environment(value=EnvType.CLIENT). Loading the type is not possible, because it only exists in the CLIENT environment. The recommended fix is to annotate the method with this argument or return type with the same annotation. Lithium handles this error by assuming the class cannot be included in some optimizations.
[02:18:11] [main/WARN]: Lithium Class Analysis Error: Class de.mrjulsen.crn.block.AbstractAdvancedDisplayBlock cannot be analysed, because getting declared methods crashes with NoClassDefFoundError: net/minecraft/class_322. This is usually caused by modded entities declaring methods that have a return type or parameter type that is annotated with @Environment(value=EnvType.CLIENT). Loading the type is not possible, because it only exists in the CLIENT environment. The recommended fix is to annotate the method with this argument or return type with the same annotation. Lithium handles this error by assuming the class cannot be included in some optimizations.
[02:18:11] [main/WARN]: Lithium Class Analysis Error: Class de.mrjulsen.crn.block.AbstractAdvancedDisplayBlock cannot be analysed, because getting declared methods crashes with NoClassDefFoundError: net/minecraft/class_322. This is usually caused by modded entities declaring methods that have a return type or parameter type that is annotated with @Environment(value=EnvType.CLIENT). Loading the type is not possible, because it only exists in the CLIENT environment. The recommended fix is to annotate the method with this argument or return type with the same annotation. Lithium handles this error by assuming the class cannot be included in some optimizations.
[02:18:11] [main/WARN]: Lithium Class Analysis Error: Class de.mrjulsen.crn.block.AbstractAdvancedDisplayBlock cannot be analysed, because getting declared methods crashes with NoClassDefFoundError: net/minecraft/class_322. This is usually caused by modded entities declaring methods that have a return type or parameter type that is annotated with @Environment(value=EnvType.CLIENT). Loading the type is not possible, because it only exists in the CLIENT environment. The recommended fix is to annotate the method with this argument or return type with the same annotation. Lithium handles this error by assuming the class cannot be included in some optimizations.
[02:18:11] [main/WARN]: Lithium Class Analysis Error: Class de.mrjulsen.crn.block.AbstractAdvancedDisplayBlock cannot be analysed, because getting declared methods crashes with NoClassDefFoundError: net/minecraft/class_322. This is usually caused by modded entities declaring methods that have a return type or parameter type that is annotated with @Environment(value=EnvType.CLIENT). Loading the type is not possible, because it only exists in the CLIENT environment. The recommended fix is to annotate the method with this argument or return type with the same annotation. Lithium handles this error by assuming the class cannot be included in some optimizations.
[02:18:11] [main/WARN]: Lithium Class Analysis Error: Class de.mrjulsen.crn.block.AbstractAdvancedDisplayBlock cannot be analysed, because getting declared methods crashes with NoClassDefFoundError: net/minecraft/class_322. This is usually caused by modded entities declaring methods that have a return type or parameter type that is annotated with @Environment(value=EnvType.CLIENT). Loading the type is not possible, because it only exists in the CLIENT environment. The recommended fix is to annotate the method with this argument or return type with the same annotation. Lithium handles this error by assuming the class cannot be included in some optimizations.
[02:18:11] [main/WARN]: Lithium Class Analysis Error: Class de.mrjulsen.crn.block.AbstractAdvancedDisplayBlock cannot be analysed, because getting declared methods crashes with NoClassDefFoundError: net/minecraft/class_322. This is usually caused by modded entities declaring methods that have a return type or parameter type that is annotated with @Environment(value=EnvType.CLIENT). Loading the type is not possible, because it only exists in the CLIENT environment. The recommended fix is to annotate the method with this argument or return type with the same annotation. Lithium handles this error by assuming the class cannot be included in some optimizations.
[02:18:11] [main/WARN]: Lithium Class Analysis Error: Class de.mrjulsen.crn.block.AbstractAdvancedDisplayBlock cannot be analysed, because getting declared methods crashes with NoClassDefFoundError: net/minecraft/class_322. This is usually caused by modded entities declaring methods that have a return type or parameter type that is annotated with @Environment(value=EnvType.CLIENT). Loading the type is not possible, because it only exists in the CLIENT environment. The recommended fix is to annotate the method with this argument or return type with the same annotation. Lithium handles this error by assuming the class cannot be included in some optimizations.
[02:18:11] [main/WARN]: Lithium Class Analysis Error: Class de.mrjulsen.crn.block.AbstractAdvancedDisplayBlock cannot be analysed, because getting declared methods crashes with NoClassDefFoundError: net/minecraft/class_322. This is usually caused by modded entities declaring methods that have a return type or parameter type that is annotated with @Environment(value=EnvType.CLIENT). Loading the type is not possible, because it only exists in the CLIENT environment. The recommended fix is to annotate the method with this argument or return type with the same annotation. Lithium handles this error by assuming the class cannot be included in some optimizations.
[02:18:11] [main/WARN]: Lithium Class Analysis Error: Class de.mrjulsen.crn.block.AbstractAdvancedDisplayBlock cannot be analysed, because getting declared methods crashes with NoClassDefFoundError: net/minecraft/class_322. This is usually caused by modded entities declaring methods that have a return type or parameter type that is annotated with @Environment(value=EnvType.CLIENT). Loading the type is not possible, because it only exists in the CLIENT environment. The recommended fix is to annotate the method with this argument or return type with the same annotation. Lithium handles this error by assuming the class cannot be included in some optimizations.
[02:18:11] [main/WARN]: Lithium Class Analysis Error: Class de.mrjulsen.crn.block.AbstractAdvancedDisplayBlock cannot be analysed, because getting declared methods crashes with NoClassDefFoundError: net/minecraft/class_322. This is usually caused by modded entities declaring methods that have a return type or parameter type that is annotated with @Environment(value=EnvType.CLIENT). Loading the type is not possible, because it only exists in the CLIENT environment. The recommended fix is to annotate the method with this argument or return type with the same annotation. Lithium handles this error by assuming the class cannot be included in some optimizations.
[02:18:11] [main/WARN]: Lithium Class Analysis Error: Class de.mrjulsen.crn.block.AbstractAdvancedDisplayBlock cannot be analysed, because getting declared methods crashes with NoClassDefFoundError: net/minecraft/class_322. This is usually caused by modded entities declaring methods that have a return type or parameter type that is annotated with @Environment(value=EnvType.CLIENT). Loading the type is not possible, because it only exists in the CLIENT environment. The recommended fix is to annotate the method with this argument or return type with the same annotation. Lithium handles this error by assuming the class cannot be included in some optimizations.
[02:18:11] [main/WARN]: Lithium Class Analysis Error: Class de.mrjulsen.crn.block.AbstractAdvancedDisplayBlock cannot be analysed, because getting declared methods crashes with NoClassDefFoundError: net/minecraft/class_322. This is usually caused by modded entities declaring methods that have a return type or parameter type that is annotated with @Environment(value=EnvType.CLIENT). Loading the type is not possible, because it only exists in the CLIENT environment. The recommended fix is to annotate the method with this argument or return type with the same annotation. Lithium handles this error by assuming the class cannot be included in some optimizations.
[02:18:11] [main/WARN]: Lithium Class Analysis Error: Class de.mrjulsen.crn.block.AbstractAdvancedDisplayBlock cannot be analysed, because getting declared methods crashes with NoClassDefFoundError: net/minecraft/class_322. This is usually caused by modded entities declaring methods that have a return type or parameter type that is annotated with @Environment(value=EnvType.CLIENT). Loading the type is not possible, because it only exists in the CLIENT environment. The recommended fix is to annotate the method with this argument or return type with the same annotation. Lithium handles this error by assuming the class cannot be included in some optimizations.
[02:18:11] [main/WARN]: Lithium Class Analysis Error: Class de.mrjulsen.crn.block.AbstractAdvancedDisplayBlock cannot be analysed, because getting declared methods crashes with NoClassDefFoundError: net/minecraft/class_322. This is usually caused by modded entities declaring methods that have a return type or parameter type that is annotated with @Environment(value=EnvType.CLIENT). Loading the type is not possible, because it only exists in the CLIENT environment. The recommended fix is to annotate the method with this argument or return type with the same annotation. Lithium handles this error by assuming the class cannot be included in some optimizations.
[02:18:11] [main/WARN]: Lithium Class Analysis Error: Class de.mrjulsen.crn.block.AbstractAdvancedDisplayBlock cannot be analysed, because getting declared methods crashes with NoClassDefFoundError: net/minecraft/class_322. This is usually caused by modded entities declaring methods that have a return type or parameter type that is annotated with @Environment(value=EnvType.CLIENT). Loading the type is not possible, because it only exists in the CLIENT environment. The recommended fix is to annotate the method with this argument or return type with the same annotation. Lithium handles this error by assuming the class cannot be included in some optimizations.
[02:18:11] [main/WARN]: Lithium Class Analysis Error: Class de.mrjulsen.crn.block.AbstractAdvancedDisplayBlock cannot be analysed, because getting declared methods crashes with NoClassDefFoundError: net/minecraft/class_322. This is usually caused by modded entities declaring methods that have a return type or parameter type that is annotated with @Environment(value=EnvType.CLIENT). Loading the type is not possible, because it only exists in the CLIENT environment. The recommended fix is to annotate the method with this argument or return type with the same annotation. Lithium handles this error by assuming the class cannot be included in some optimizations.
[02:18:11] [main/WARN]: Lithium Class Analysis Error: Class de.mrjulsen.crn.block.AbstractAdvancedDisplayBlock cannot be analysed, because getting declared methods crashes with NoClassDefFoundError: net/minecraft/class_322. This is usually caused by modded entities declaring methods that have a return type or parameter type that is annotated with @Environment(value=EnvType.CLIENT). Loading the type is not possible, because it only exists in the CLIENT environment. The recommended fix is to annotate the method with this argument or return type with the same annotation. Lithium handles this error by assuming the class cannot be included in some optimizations.
[02:18:11] [main/WARN]: Lithium Class Analysis Error: Class de.mrjulsen.crn.block.AbstractAdvancedDisplayBlock cannot be analysed, because getting declared methods crashes with NoClassDefFoundError: net/minecraft/class_322. This is usually caused by modded entities declaring methods that have a return type or parameter type that is annotated with @Environment(value=EnvType.CLIENT). Loading the type is not possible, because it only exists in the CLIENT environment. The recommended fix is to annotate the method with this argument or return type with the same annotation. Lithium handles this error by assuming the class cannot be included in some optimizations.
[02:18:11] [main/WARN]: Lithium Class Analysis Error: Class de.mrjulsen.crn.block.AbstractAdvancedDisplayBlock cannot be analysed, because getting declared methods crashes with NoClassDefFoundError: net/minecraft/class_322. This is usually caused by modded entities declaring methods that have a return type or parameter type that is annotated with @Environment(value=EnvType.CLIENT). Loading the type is not possible, because it only exists in the CLIENT environment. The recommended fix is to annotate the method with this argument or return type with the same annotation. Lithium handles this error by assuming the class cannot be included in some optimizations.
[02:18:11] [main/WARN]: Lithium Class Analysis Error: Class de.mrjulsen.crn.block.AbstractAdvancedDisplayBlock cannot be analysed, because getting declared methods crashes with NoClassDefFoundError: net/minecraft/class_322. This is usually caused by modded entities declaring methods that have a return type or parameter type that is annotated with @Environment(value=EnvType.CLIENT). Loading the type is not possible, because it only exists in the CLIENT environment. The recommended fix is to annotate the method with this argument or return type with the same annotation. Lithium handles this error by assuming the class cannot be included in some optimizations.
[02:18:11] [main/WARN]: Lithium Class Analysis Error: Class de.mrjulsen.crn.block.AbstractAdvancedDisplayBlock cannot be analysed, because getting declared methods crashes with NoClassDefFoundError: net/minecraft/class_322. This is usually caused by modded entities declaring methods that have a return type or parameter type that is annotated with @Environment(value=EnvType.CLIENT). Loading the type is not possible, because it only exists in the CLIENT environment. The recommended fix is to annotate the method with this argument or return type with the same annotation. Lithium handles this error by assuming the class cannot be included in some optimizations.
[02:18:11] [main/WARN]: Lithium Class Analysis Error: Class de.mrjulsen.crn.block.AbstractAdvancedDisplayBlock cannot be analysed, because getting declared methods crashes with NoClassDefFoundError: net/minecraft/class_322. This is usually caused by modded entities declaring methods that have a return type or parameter type that is annotated with @Environment(value=EnvType.CLIENT). Loading the type is not possible, because it only exists in the CLIENT environment. The recommended fix is to annotate the method with this argument or return type with the same annotation. Lithium handles this error by assuming the class cannot be included in some optimizations.
[02:18:11] [main/WARN]: Lithium Class Analysis Error: Class de.mrjulsen.crn.block.AbstractAdvancedDisplayBlock cannot be analysed, because getting declared methods crashes with NoClassDefFoundError: net/minecraft/class_322. This is usually caused by modded entities declaring methods that have a return type or parameter type that is annotated with @Environment(value=EnvType.CLIENT). Loading the type is not possible, because it only exists in the CLIENT environment. The recommended fix is to annotate the method with this argument or return type with the same annotation. Lithium handles this error by assuming the class cannot be included in some optimizations.
[02:18:11] [main/WARN]: Lithium Class Analysis Error: Class de.mrjulsen.crn.block.AbstractAdvancedDisplayBlock cannot be analysed, because getting declared methods crashes with NoClassDefFoundError: net/minecraft/class_322. This is usually caused by modded entities declaring methods that have a return type or parameter type that is annotated with @Environment(value=EnvType.CLIENT). Loading the type is not possible, because it only exists in the CLIENT environment. The recommended fix is to annotate the method with this argument or return type with the same annotation. Lithium handles this error by assuming the class cannot be included in some optimizations.
[02:18:11] [main/WARN]: Lithium Class Analysis Error: Class de.mrjulsen.crn.block.AbstractAdvancedDisplayBlock cannot be analysed, because getting declared methods crashes with NoClassDefFoundError: net/minecraft/class_322. This is usually caused by modded entities declaring methods that have a return type or parameter type that is annotated with @Environment(value=EnvType.CLIENT). Loading the type is not possible, because it only exists in the CLIENT environment. The recommended fix is to annotate the method with this argument or return type with the same annotation. Lithium handles this error by assuming the class cannot be included in some optimizations.
[02:18:11] [main/WARN]: Lithium Class Analysis Error: Class de.mrjulsen.crn.block.AbstractAdvancedDisplayBlock cannot be analysed, because getting declared methods crashes with NoClassDefFoundError: net/minecraft/class_322. This is usually caused by modded entities declaring methods that have a return type or parameter type that is annotated with @Environment(value=EnvType.CLIENT). Loading the type is not possible, because it only exists in the CLIENT environment. The recommended fix is to annotate the method with this argument or return type with the same annotation. Lithium handles this error by assuming the class cannot be included in some optimizations.
[02:18:11] [main/WARN]: Lithium Class Analysis Error: Class de.mrjulsen.crn.block.AbstractAdvancedDisplayBlock cannot be analysed, because getting declared methods crashes with NoClassDefFoundError: net/minecraft/class_322. This is usually caused by modded entities declaring methods that have a return type or parameter type that is annotated with @Environment(value=EnvType.CLIENT). Loading the type is not possible, because it only exists in the CLIENT environment. The recommended fix is to annotate the method with this argument or return type with the same annotation. Lithium handles this error by assuming the class cannot be included in some optimizations.
[02:18:11] [main/WARN]: Lithium Class Analysis Error: Class de.mrjulsen.crn.block.AbstractAdvancedDisplayBlock cannot be analysed, because getting declared methods crashes with NoClassDefFoundError: net/minecraft/class_322. This is usually caused by modded entities declaring methods that have a return type or parameter type that is annotated with @Environment(value=EnvType.CLIENT). Loading the type is not possible, because it only exists in the CLIENT environment. The recommended fix is to annotate the method with this argument or return type with the same annotation. Lithium handles this error by assuming the class cannot be included in some optimizations.
[02:18:11] [main/WARN]: Lithium Class Analysis Error: Class de.mrjulsen.crn.block.AbstractAdvancedDisplayBlock cannot be analysed, because getting declared methods crashes with NoClassDefFoundError: net/minecraft/class_322. This is usually caused by modded entities declaring methods that have a return type or parameter type that is annotated with @Environment(value=EnvType.CLIENT). Loading the type is not possible, because it only exists in the CLIENT environment. The recommended fix is to annotate the method with this argument or return type with the same annotation. Lithium handles this error by assuming the class cannot be included in some optimizations.
[02:18:11] [main/WARN]: Lithium Class Analysis Error: Class de.mrjulsen.crn.block.AbstractAdvancedDisplayBlock cannot be analysed, because getting declared methods crashes with NoClassDefFoundError: net/minecraft/class_322. This is usually caused by modded entities declaring methods that have a return type or parameter type that is annotated with @Environment(value=EnvType.CLIENT). Loading the type is not possible, because it only exists in the CLIENT environment. The recommended fix is to annotate the method with this argument or return type with the same annotation. Lithium handles this error by assuming the class cannot be included in some optimizations.
[02:18:11] [main/WARN]: Lithium Class Analysis Error: Class de.mrjulsen.crn.block.AbstractAdvancedDisplayBlock cannot be analysed, because getting declared methods crashes with NoClassDefFoundError: net/minecraft/class_322. This is usually caused by modded entities declaring methods that have a return type or parameter type that is annotated with @Environment(value=EnvType.CLIENT). Loading the type is not possible, because it only exists in the CLIENT environment. The recommended fix is to annotate the method with this argument or return type with the same annotation. Lithium handles this error by assuming the class cannot be included in some optimizations.
[02:18:11] [main/WARN]: Lithium Class Analysis Error: Class de.mrjulsen.crn.block.AbstractAdvancedDisplayBlock cannot be analysed, because getting declared methods crashes with NoClassDefFoundError: net/minecraft/class_322. This is usually caused by modded entities declaring methods that have a return type or parameter type that is annotated with @Environment(value=EnvType.CLIENT). Loading the type is not possible, because it only exists in the CLIENT environment. The recommended fix is to annotate the method with this argument or return type with the same annotation. Lithium handles this error by assuming the class cannot be included in some optimizations.
[02:18:11] [main/WARN]: Lithium Class Analysis Error: Class de.mrjulsen.crn.block.AbstractAdvancedDisplayBlock cannot be analysed, because getting declared methods crashes with NoClassDefFoundError: net/minecraft/class_322. This is usually caused by modded entities declaring methods that have a return type or parameter type that is annotated with @Environment(value=EnvType.CLIENT). Loading the type is not possible, because it only exists in the CLIENT environment. The recommended fix is to annotate the method with this argument or return type with the same annotation. Lithium handles this error by assuming the class cannot be included in some optimizations.
[02:18:11] [main/WARN]: Lithium Class Analysis Error: Class de.mrjulsen.crn.block.AbstractAdvancedDisplayBlock cannot be analysed, because getting declared methods crashes with NoClassDefFoundError: net/minecraft/class_322. This is usually caused by modded entities declaring methods that have a return type or parameter type that is annotated with @Environment(value=EnvType.CLIENT). Loading the type is not possible, because it only exists in the CLIENT environment. The recommended fix is to annotate the method with this argument or return type with the same annotation. Lithium handles this error by assuming the class cannot be included in some optimizations.
[02:18:11] [main/WARN]: Lithium Class Analysis Error: Class de.mrjulsen.crn.block.AbstractAdvancedDisplayBlock cannot be analysed, because getting declared methods crashes with NoClassDefFoundError: net/minecraft/class_322. This is usually caused by modded entities declaring methods that have a return type or parameter type that is annotated with @Environment(value=EnvType.CLIENT). Loading the type is not possible, because it only exists in the CLIENT environment. The recommended fix is to annotate the method with this argument or return type with the same annotation. Lithium handles this error by assuming the class cannot be included in some optimizations.
[02:18:11] [main/WARN]: Lithium Class Analysis Error: Class de.mrjulsen.crn.block.AbstractAdvancedDisplayBlock cannot be analysed, because getting declared methods crashes with NoClassDefFoundError: net/minecraft/class_322. This is usually caused by modded entities declaring methods that have a return type or parameter type that is annotated with @Environment(value=EnvType.CLIENT). Loading the type is not possible, because it only exists in the CLIENT environment. The recommended fix is to annotate the method with this argument or return type with the same annotation. Lithium handles this error by assuming the class cannot be included in some optimizations.
[02:18:11] [main/WARN]: Lithium Class Analysis Error: Class de.mrjulsen.crn.block.AbstractAdvancedDisplayBlock cannot be analysed, because getting declared methods crashes with NoClassDefFoundError: net/minecraft/class_322. This is usually caused by modded entities declaring methods that have a return type or parameter type that is annotated with @Environment(value=EnvType.CLIENT). Loading the type is not possible, because it only exists in the CLIENT environment. The recommended fix is to annotate the method with this argument or return type with the same annotation. Lithium handles this error by assuming the class cannot be included in some optimizations.
[02:18:11] [main/WARN]: Lithium Class Analysis Error: Class de.mrjulsen.crn.block.AbstractAdvancedDisplayBlock cannot be analysed, because getting declared methods crashes with NoClassDefFoundError: net/minecraft/class_322. This is usually caused by modded entities declaring methods that have a return type or parameter type that is annotated with @Environment(value=EnvType.CLIENT). Loading the type is not possible, because it only exists in the CLIENT environment. The recommended fix is to annotate the method with this argument or return type with the same annotation. Lithium handles this error by assuming the class cannot be included in some optimizations.
[02:18:11] [main/WARN]: Lithium Class Analysis Error: Class de.mrjulsen.crn.block.AbstractAdvancedDisplayBlock cannot be analysed, because getting declared methods crashes with NoClassDefFoundError: net/minecraft/class_322. This is usually caused by modded entities declaring methods that have a return type or parameter type that is annotated with @Environment(value=EnvType.CLIENT). Loading the type is not possible, because it only exists in the CLIENT environment. The recommended fix is to annotate the method with this argument or return type with the same annotation. Lithium handles this error by assuming the class cannot be included in some optimizations.
[02:18:11] [main/WARN]: Lithium Class Analysis Error: Class de.mrjulsen.crn.block.AbstractAdvancedDisplayBlock cannot be analysed, because getting declared methods crashes with NoClassDefFoundError: net/minecraft/class_322. This is usually caused by modded entities declaring methods that have a return type or parameter type that is annotated with @Environment(value=EnvType.CLIENT). Loading the type is not possible, because it only exists in the CLIENT environment. The recommended fix is to annotate the method with this argument or return type with the same annotation. Lithium handles this error by assuming the class cannot be included in some optimizations.
[02:18:11] [main/WARN]: Lithium Class Analysis Error: Class de.mrjulsen.crn.block.AbstractAdvancedDisplayBlock cannot be analysed, because getting declared methods crashes with NoClassDefFoundError: net/minecraft/class_322. This is usually caused by modded entities declaring methods that have a return type or parameter type that is annotated with @Environment(value=EnvType.CLIENT). Loading the type is not possible, because it only exists in the CLIENT environment. The recommended fix is to annotate the method with this argument or return type with the same annotation. Lithium handles this error by assuming the class cannot be included in some optimizations.
[02:18:11] [main/WARN]: Lithium Class Analysis Error: Class de.mrjulsen.crn.block.AbstractAdvancedDisplayBlock cannot be analysed, because getting declared methods crashes with NoClassDefFoundError: net/minecraft/class_322. This is usually caused by modded entities declaring methods that have a return type or parameter type that is annotated with @Environment(value=EnvType.CLIENT). Loading the type is not possible, because it only exists in the CLIENT environment. The recommended fix is to annotate the method with this argument or return type with the same annotation. Lithium handles this error by assuming the class cannot be included in some optimizations.
[02:18:11] [main/WARN]: Lithium Class Analysis Error: Class de.mrjulsen.crn.block.AbstractAdvancedDisplayBlock cannot be analysed, because getting declared methods crashes with NoClassDefFoundError: net/minecraft/class_322. This is usually caused by modded entities declaring methods that have a return type or parameter type that is annotated with @Environment(value=EnvType.CLIENT). Loading the type is not possible, because it only exists in the CLIENT environment. The recommended fix is to annotate the method with this argument or return type with the same annotation. Lithium handles this error by assuming the class cannot be included in some optimizations.
[02:18:11] [main/WARN]: Lithium Class Analysis Error: Class de.mrjulsen.crn.block.AbstractAdvancedDisplayBlock cannot be analysed, because getting declared methods crashes with NoClassDefFoundError: net/minecraft/class_322. This is usually caused by modded entities declaring methods that have a return type or parameter type that is annotated with @Environment(value=EnvType.CLIENT). Loading the type is not possible, because it only exists in the CLIENT environment. The recommended fix is to annotate the method with this argument or return type with the same annotation. Lithium handles this error by assuming the class cannot be included in some optimizations.
[02:18:11] [main/WARN]: Lithium Class Analysis Error: Class de.mrjulsen.crn.block.AbstractAdvancedDisplayBlock cannot be analysed, because getting declared methods crashes with NoClassDefFoundError: net/minecraft/class_322. This is usually caused by modded entities declaring methods that have a return type or parameter type that is annotated with @Environment(value=EnvType.CLIENT). Loading the type is not possible, because it only exists in the CLIENT environment. The recommended fix is to annotate the method with this argument or return type with the same annotation. Lithium handles this error by assuming the class cannot be included in some optimizations.
[02:18:11] [main/WARN]: Lithium Class Analysis Error: Class de.mrjulsen.crn.block.AbstractAdvancedDisplayBlock cannot be analysed, because getting declared methods crashes with NoClassDefFoundError: net/minecraft/class_322. This is usually caused by modded entities declaring methods that have a return type or parameter type that is annotated with @Environment(value=EnvType.CLIENT). Loading the type is not possible, because it only exists in the CLIENT environment. The recommended fix is to annotate the method with this argument or return type with the same annotation. Lithium handles this error by assuming the class cannot be included in some optimizations.
[02:18:11] [main/WARN]: Lithium Class Analysis Error: Class de.mrjulsen.crn.block.AbstractAdvancedDisplayBlock cannot be analysed, because getting declared methods crashes with NoClassDefFoundError: net/minecraft/class_322. This is usually caused by modded entities declaring methods that have a return type or parameter type that is annotated with @Environment(value=EnvType.CLIENT). Loading the type is not possible, because it only exists in the CLIENT environment. The recommended fix is to annotate the method with this argument or return type with the same annotation. Lithium handles this error by assuming the class cannot be included in some optimizations.
[02:18:11] [main/WARN]: Lithium Class Analysis Error: Class de.mrjulsen.crn.block.AbstractAdvancedDisplayBlock cannot be analysed, because getting declared methods crashes with NoClassDefFoundError: net/minecraft/class_322. This is usually caused by modded entities declaring methods that have a return type or parameter type that is annotated with @Environment(value=EnvType.CLIENT). Loading the type is not possible, because it only exists in the CLIENT environment. The recommended fix is to annotate the method with this argument or return type with the same annotation. Lithium handles this error by assuming the class cannot be included in some optimizations.
[02:18:11] [main/WARN]: Lithium Class Analysis Error: Class de.mrjulsen.crn.block.AbstractAdvancedDisplayBlock cannot be analysed, because getting declared methods crashes with NoClassDefFoundError: net/minecraft/class_322. This is usually caused by modded entities declaring methods that have a return type or parameter type that is annotated with @Environment(value=EnvType.CLIENT). Loading the type is not possible, because it only exists in the CLIENT environment. The recommended fix is to annotate the method with this argument or return type with the same annotation. Lithium handles this error by assuming the class cannot be included in some optimizations.
[02:18:11] [main/WARN]: Lithium Class Analysis Error: Class de.mrjulsen.crn.block.AbstractAdvancedDisplayBlock cannot be analysed, because getting declared methods crashes with NoClassDefFoundError: net/minecraft/class_322. This is usually caused by modded entities declaring methods that have a return type or parameter type that is annotated with @Environment(value=EnvType.CLIENT). Loading the type is not possible, because it only exists in the CLIENT environment. The recommended fix is to annotate the method with this argument or return type with the same annotation. Lithium handles this error by assuming the class cannot be included in some optimizations.
[02:18:11] [main/WARN]: Lithium Class Analysis Error: Class de.mrjulsen.crn.block.AbstractAdvancedDisplayBlock cannot be analysed, because getting declared methods crashes with NoClassDefFoundError: net/minecraft/class_322. This is usually caused by modded entities declaring methods that have a return type or parameter type that is annotated with @Environment(value=EnvType.CLIENT). Loading the type is not possible, because it only exists in the CLIENT environment. The recommended fix is to annotate the method with this argument or return type with the same annotation. Lithium handles this error by assuming the class cannot be included in some optimizations.
[02:18:11] [main/WARN]: Lithium Class Analysis Error: Class de.mrjulsen.crn.block.AbstractAdvancedDisplayBlock cannot be analysed, because getting declared methods crashes with NoClassDefFoundError: net/minecraft/class_322. This is usually caused by modded entities declaring methods that have a return type or parameter type that is annotated with @Environment(value=EnvType.CLIENT). Loading the type is not possible, because it only exists in the CLIENT environment. The recommended fix is to annotate the method with this argument or return type with the same annotation. Lithium handles this error by assuming the class cannot be included in some optimizations.
[02:18:11] [main/WARN]: Lithium Class Analysis Error: Class de.mrjulsen.crn.block.AbstractAdvancedDisplayBlock cannot be analysed, because getting declared methods crashes with NoClassDefFoundError: net/minecraft/class_322. This is usually caused by modded entities declaring methods that have a return type or parameter type that is annotated with @Environment(value=EnvType.CLIENT). Loading the type is not possible, because it only exists in the CLIENT environment. The recommended fix is to annotate the method with this argument or return type with the same annotation. Lithium handles this error by assuming the class cannot be included in some optimizations.
[02:18:11] [main/WARN]: Lithium Class Analysis Error: Class de.mrjulsen.crn.block.AbstractAdvancedDisplayBlock cannot be analysed, because getting declared methods crashes with NoClassDefFoundError: net/minecraft/class_322. This is usually caused by modded entities declaring methods that have a return type or parameter type that is annotated with @Environment(value=EnvType.CLIENT). Loading the type is not possible, because it only exists in the CLIENT environment. The recommended fix is to annotate the method with this argument or return type with the same annotation. Lithium handles this error by assuming the class cannot be included in some optimizations.
[02:18:11] [main/WARN]: Lithium Class Analysis Error: Class de.mrjulsen.crn.block.AbstractAdvancedDisplayBlock cannot be analysed, because getting declared methods crashes with NoClassDefFoundError: net/minecraft/class_322. This is usually caused by modded entities declaring methods that have a return type or parameter type that is annotated with @Environment(value=EnvType.CLIENT). Loading the type is not possible, because it only exists in the CLIENT environment. The recommended fix is to annotate the method with this argument or return type with the same annotation. Lithium handles this error by assuming the class cannot be included in some optimizations.
[02:18:11] [main/WARN]: Lithium Class Analysis Error: Class de.mrjulsen.crn.block.AbstractAdvancedDisplayBlock cannot be analysed, because getting declared methods crashes with NoClassDefFoundError: net/minecraft/class_322. This is usually caused by modded entities declaring methods that have a return type or parameter type that is annotated with @Environment(value=EnvType.CLIENT). Loading the type is not possible, because it only exists in the CLIENT environment. The recommended fix is to annotate the method with this argument or return type with the same annotation. Lithium handles this error by assuming the class cannot be included in some optimizations.
[02:18:11] [main/WARN]: Lithium Class Analysis Error: Class de.mrjulsen.crn.block.AbstractAdvancedDisplayBlock cannot be analysed, because getting declared methods crashes with NoClassDefFoundError: net/minecraft/class_322. This is usually caused by modded entities declaring methods that have a return type or parameter type that is annotated with @Environment(value=EnvType.CLIENT). Loading the type is not possible, because it only exists in the CLIENT environment. The recommended fix is to annotate the method with this argument or return type with the same annotation. Lithium handles this error by assuming the class cannot be included in some optimizations.
[02:18:11] [main/WARN]: Lithium Class Analysis Error: Class de.mrjulsen.crn.block.AbstractAdvancedDisplayBlock cannot be analysed, because getting declared methods crashes with NoClassDefFoundError: net/minecraft/class_322. This is usually caused by modded entities declaring methods that have a return type or parameter type that is annotated with @Environment(value=EnvType.CLIENT). Loading the type is not possible, because it only exists in the CLIENT environment. The recommended fix is to annotate the method with this argument or return type with the same annotation. Lithium handles this error by assuming the class cannot be included in some optimizations.
[02:18:11] [main/WARN]: Lithium Class Analysis Error: Class de.mrjulsen.crn.block.AbstractAdvancedDisplayBlock cannot be analysed, because getting declared methods crashes with NoClassDefFoundError: net/minecraft/class_322. This is usually caused by modded entities declaring methods that have a return type or parameter type that is annotated with @Environment(value=EnvType.CLIENT). Loading the type is not possible, because it only exists in the CLIENT environment. The recommended fix is to annotate the method with this argument or return type with the same annotation. Lithium handles this error by assuming the class cannot be included in some optimizations.
[02:18:11] [main/WARN]: Lithium Class Analysis Error: Class de.mrjulsen.crn.block.AbstractAdvancedDisplayBlock cannot be analysed, because getting declared methods crashes with NoClassDefFoundError: net/minecraft/class_322. This is usually caused by modded entities declaring methods that have a return type or parameter type that is annotated with @Environment(value=EnvType.CLIENT). Loading the type is not possible, because it only exists in the CLIENT environment. The recommended fix is to annotate the method with this argument or return type with the same annotation. Lithium handles this error by assuming the class cannot be included in some optimizations.
[02:18:11] [main/WARN]: Lithium Class Analysis Error: Class de.mrjulsen.crn.block.AbstractAdvancedDisplayBlock cannot be analysed, because getting declared methods crashes with NoClassDefFoundError: net/minecraft/class_322. This is usually caused by modded entities declaring methods that have a return type or parameter type that is annotated with @Environment(value=EnvType.CLIENT). Loading the type is not possible, because it only exists in the CLIENT environment. The recommended fix is to annotate the method with this argument or return type with the same annotation. Lithium handles this error by assuming the class cannot be included in some optimizations.
[02:18:11] [main/WARN]: Lithium Class Analysis Error: Class de.mrjulsen.crn.block.AbstractAdvancedDisplayBlock cannot be analysed, because getting declared methods crashes with NoClassDefFoundError: net/minecraft/class_322. This is usually caused by modded entities declaring methods that have a return type or parameter type that is annotated with @Environment(value=EnvType.CLIENT). Loading the type is not possible, because it only exists in the CLIENT environment. The recommended fix is to annotate the method with this argument or return type with the same annotation. Lithium handles this error by assuming the class cannot be included in some optimizations.
[02:18:11] [main/WARN]: Lithium Class Analysis Error: Class de.mrjulsen.crn.block.AbstractAdvancedDisplayBlock cannot be analysed, because getting declared methods crashes with NoClassDefFoundError: net/minecraft/class_322. This is usually caused by modded entities declaring methods that have a return type or parameter type that is annotated with @Environment(value=EnvType.CLIENT). Loading the type is not possible, because it only exists in the CLIENT environment. The recommended fix is to annotate the method with this argument or return type with the same annotation. Lithium handles this error by assuming the class cannot be included in some optimizations.
[02:18:11] [main/WARN]: Lithium Class Analysis Error: Class de.mrjulsen.crn.block.AbstractAdvancedDisplayBlock cannot be analysed, because getting declared methods crashes with NoClassDefFoundError: net/minecraft/class_322. This is usually caused by modded entities declaring methods that have a return type or parameter type that is annotated with @Environment(value=EnvType.CLIENT). Loading the type is not possible, because it only exists in the CLIENT environment. The recommended fix is to annotate the method with this argument or return type with the same annotation. Lithium handles this error by assuming the class cannot be included in some optimizations.
[02:18:11] [main/WARN]: Lithium Class Analysis Error: Class de.mrjulsen.crn.block.AbstractAdvancedDisplayBlock cannot be analysed, because getting declared methods crashes with NoClassDefFoundError: net/minecraft/class_322. This is usually caused by modded entities declaring methods that have a return type or parameter type that is annotated with @Environment(value=EnvType.CLIENT). Loading the type is not possible, because it only exists in the CLIENT environment. The recommended fix is to annotate the method with this argument or return type with the same annotation. Lithium handles this error by assuming the class cannot be included in some optimizations.
[02:18:11] [main/WARN]: Lithium Class Analysis Error: Class de.mrjulsen.crn.block.AbstractAdvancedDisplayBlock cannot be analysed, because getting declared methods crashes with NoClassDefFoundError: net/minecraft/class_322. This is usually caused by modded entities declaring methods that have a return type or parameter type that is annotated with @Environment(value=EnvType.CLIENT). Loading the type is not possible, because it only exists in the CLIENT environment. The recommended fix is to annotate the method with this argument or return type with the same annotation. Lithium handles this error by assuming the class cannot be included in some optimizations.
[02:18:11] [main/WARN]: Lithium Class Analysis Error: Class de.mrjulsen.crn.block.AbstractAdvancedDisplayBlock cannot be analysed, because getting declared methods crashes with NoClassDefFoundError: net/minecraft/class_322. This is usually caused by modded entities declaring methods that have a return type or parameter type that is annotated with @Environment(value=EnvType.CLIENT). Loading the type is not possible, because it only exists in the CLIENT environment. The recommended fix is to annotate the method with this argument or return type with the same annotation. Lithium handles this error by assuming the class cannot be included in some optimizations.
[02:18:11] [main/WARN]: Lithium Class Analysis Error: Class de.mrjulsen.crn.block.AbstractAdvancedDisplayBlock cannot be analysed, because getting declared methods crashes with NoClassDefFoundError: net/minecraft/class_322. This is usually caused by modded entities declaring methods that have a return type or parameter type that is annotated with @Environment(value=EnvType.CLIENT). Loading the type is not possible, because it only exists in the CLIENT environment. The recommended fix is to annotate the method with this argument or return type with the same annotation. Lithium handles this error by assuming the class cannot be included in some optimizations.
[02:18:11] [main/WARN]: Lithium Class Analysis Error: Class de.mrjulsen.crn.block.AbstractAdvancedDisplayBlock cannot be analysed, because getting declared methods crashes with NoClassDefFoundError: net/minecraft/class_322. This is usually caused by modded entities declaring methods that have a return type or parameter type that is annotated with @Environment(value=EnvType.CLIENT). Loading the type is not possible, because it only exists in the CLIENT environment. The recommended fix is to annotate the method with this argument or return type with the same annotation. Lithium handles this error by assuming the class cannot be included in some optimizations.
[02:18:11] [main/WARN]: Lithium Class Analysis Error: Class de.mrjulsen.crn.block.AbstractAdvancedDisplayBlock cannot be analysed, because getting declared methods crashes with NoClassDefFoundError: net/minecraft/class_322. This is usually caused by modded entities declaring methods that have a return type or parameter type that is annotated with @Environment(value=EnvType.CLIENT). Loading the type is not possible, because it only exists in the CLIENT environment. The recommended fix is to annotate the method with this argument or return type with the same annotation. Lithium handles this error by assuming the class cannot be included in some optimizations.
[02:18:11] [main/WARN]: Lithium Class Analysis Error: Class de.mrjulsen.crn.block.AbstractAdvancedDisplayBlock cannot be analysed, because getting declared methods crashes with NoClassDefFoundError: net/minecraft/class_322. This is usually caused by modded entities declaring methods that have a return type or parameter type that is annotated with @Environment(value=EnvType.CLIENT). Loading the type is not possible, because it only exists in the CLIENT environment. The recommended fix is to annotate the method with this argument or return type with the same annotation. Lithium handles this error by assuming the class cannot be included in some optimizations.
[02:18:11] [main/WARN]: Lithium Class Analysis Error: Class de.mrjulsen.crn.block.AbstractAdvancedDisplayBlock cannot be analysed, because getting declared methods crashes with NoClassDefFoundError: net/minecraft/class_322. This is usually caused by modded entities declaring methods that have a return type or parameter type that is annotated with @Environment(value=EnvType.CLIENT). Loading the type is not possible, because it only exists in the CLIENT environment. The recommended fix is to annotate the method with this argument or return type with the same annotation. Lithium handles this error by assuming the class cannot be included in some optimizations.
[02:18:11] [main/WARN]: Lithium Class Analysis Error: Class de.mrjulsen.crn.block.AbstractAdvancedDisplayBlock cannot be analysed, because getting declared methods crashes with NoClassDefFoundError: net/minecraft/class_322. This is usually caused by modded entities declaring methods that have a return type or parameter type that is annotated with @Environment(value=EnvType.CLIENT). Loading the type is not possible, because it only exists in the CLIENT environment. The recommended fix is to annotate the method with this argument or return type with the same annotation. Lithium handles this error by assuming the class cannot be included in some optimizations.
[02:18:11] [main/WARN]: Lithium Class Analysis Error: Class de.mrjulsen.crn.block.AbstractAdvancedDisplayBlock cannot be analysed, because getting declared methods crashes with NoClassDefFoundError: net/minecraft/class_322. This is usually caused by modded entities declaring methods that have a return type or parameter type that is annotated with @Environment(value=EnvType.CLIENT). Loading the type is not possible, because it only exists in the CLIENT environment. The recommended fix is to annotate the method with this argument or return type with the same annotation. Lithium handles this error by assuming the class cannot be included in some optimizations.
[02:18:11] [main/WARN]: Lithium Class Analysis Error: Class de.mrjulsen.crn.block.AbstractAdvancedDisplayBlock cannot be analysed, because getting declared methods crashes with NoClassDefFoundError: net/minecraft/class_322. This is usually caused by modded entities declaring methods that have a return type or parameter type that is annotated with @Environment(value=EnvType.CLIENT). Loading the type is not possible, because it only exists in the CLIENT environment. The recommended fix is to annotate the method with this argument or return type with the same annotation. Lithium handles this error by assuming the class cannot be included in some optimizations.
[02:18:11] [main/WARN]: Lithium Class Analysis Error: Class de.mrjulsen.crn.block.AbstractAdvancedDisplayBlock cannot be analysed, because getting declared methods crashes with NoClassDefFoundError: net/minecraft/class_322. This is usually caused by modded entities declaring methods that have a return type or parameter type that is annotated with @Environment(value=EnvType.CLIENT). Loading the type is not possible, because it only exists in the CLIENT environment. The recommended fix is to annotate the method with this argument or return type with the same annotation. Lithium handles this error by assuming the class cannot be included in some optimizations.
[02:18:11] [main/WARN]: Lithium Class Analysis Error: Class de.mrjulsen.crn.block.AbstractAdvancedDisplayBlock cannot be analysed, because getting declared methods crashes with NoClassDefFoundError: net/minecraft/class_322. This is usually caused by modded entities declaring methods that have a return type or parameter type that is annotated with @Environment(value=EnvType.CLIENT). Loading the type is not possible, because it only exists in the CLIENT environment. The recommended fix is to annotate the method with this argument or return type with the same annotation. Lithium handles this error by assuming the class cannot be included in some optimizations.
[02:18:11] [main/WARN]: Lithium Class Analysis Error: Class de.mrjulsen.crn.block.AbstractAdvancedDisplayBlock cannot be analysed, because getting declared methods crashes with NoClassDefFoundError: net/minecraft/class_322. This is usually caused by modded entities declaring methods that have a return type or parameter type that is annotated with @Environment(value=EnvType.CLIENT). Loading the type is not possible, because it only exists in the CLIENT environment. The recommended fix is to annotate the method with this argument or return type with the same annotation. Lithium handles this error by assuming the class cannot be included in some optimizations.
[02:18:11] [main/WARN]: Lithium Class Analysis Error: Class de.mrjulsen.crn.block.AbstractAdvancedDisplayBlock cannot be analysed, because getting declared methods crashes with NoClassDefFoundError: net/minecraft/class_322. This is usually caused by modded entities declaring methods that have a return type or parameter type that is annotated with @Environment(value=EnvType.CLIENT). Loading the type is not possible, because it only exists in the CLIENT environment. The recommended fix is to annotate the method with this argument or return type with the same annotation. Lithium handles this error by assuming the class cannot be included in some optimizations.
[02:18:11] [main/WARN]: Lithium Class Analysis Error: Class de.mrjulsen.crn.block.AbstractAdvancedDisplayBlock cannot be analysed, because getting declared methods crashes with NoClassDefFoundError: net/minecraft/class_322. This is usually caused by modded entities declaring methods that have a return type or parameter type that is annotated with @Environment(value=EnvType.CLIENT). Loading the type is not possible, because it only exists in the CLIENT environment. The recommended fix is to annotate the method with this argument or return type with the same annotation. Lithium handles this error by assuming the class cannot be included in some optimizations.
[02:18:11] [main/WARN]: Lithium Class Analysis Error: Class de.mrjulsen.crn.block.AbstractAdvancedDisplayBlock cannot be analysed, because getting declared methods crashes with NoClassDefFoundError: net/minecraft/class_322. This is usually caused by modded entities declaring methods that have a return type or parameter type that is annotated with @Environment(value=EnvType.CLIENT). Loading the type is not possible, because it only exists in the CLIENT environment. The recommended fix is to annotate the method with this argument or return type with the same annotation. Lithium handles this error by assuming the class cannot be included in some optimizations.
[02:18:11] [main/WARN]: Lithium Class Analysis Error: Class de.mrjulsen.crn.block.AbstractAdvancedDisplayBlock cannot be analysed, because getting declared methods crashes with NoClassDefFoundError: net/minecraft/class_322. This is usually caused by modded entities declaring methods that have a return type or parameter type that is annotated with @Environment(value=EnvType.CLIENT). Loading the type is not possible, because it only exists in the CLIENT environment. The recommended fix is to annotate the method with this argument or return type with the same annotation. Lithium handles this error by assuming the class cannot be included in some optimizations.
[02:18:11] [main/WARN]: Lithium Class Analysis Error: Class de.mrjulsen.crn.block.AbstractAdvancedDisplayBlock cannot be analysed, because getting declared methods crashes with NoClassDefFoundError: net/minecraft/class_322. This is usually caused by modded entities declaring methods that have a return type or parameter type that is annotated with @Environment(value=EnvType.CLIENT). Loading the type is not possible, because it only exists in the CLIENT environment. The recommended fix is to annotate the method with this argument or return type with the same annotation. Lithium handles this error by assuming the class cannot be included in some optimizations.
[02:18:11] [main/WARN]: Lithium Class Analysis Error: Class de.mrjulsen.crn.block.AbstractAdvancedDisplayBlock cannot be analysed, because getting declared methods crashes with NoClassDefFoundError: net/minecraft/class_322. This is usually caused by modded entities declaring methods that have a return type or parameter type that is annotated with @Environment(value=EnvType.CLIENT). Loading the type is not possible, because it only exists in the CLIENT environment. The recommended fix is to annotate the method with this argument or return type with the same annotation. Lithium handles this error by assuming the class cannot be included in some optimizations.
[02:18:11] [main/WARN]: Lithium Class Analysis Error: Class de.mrjulsen.crn.block.AbstractAdvancedDisplayBlock cannot be analysed, because getting declared methods crashes with NoClassDefFoundError: net/minecraft/class_322. This is usually caused by modded entities declaring methods that have a return type or parameter type that is annotated with @Environment(value=EnvType.CLIENT). Loading the type is not possible, because it only exists in the CLIENT environment. The recommended fix is to annotate the method with this argument or return type with the same annotation. Lithium handles this error by assuming the class cannot be included in some optimizations.
[02:18:11] [main/WARN]: Lithium Class Analysis Error: Class de.mrjulsen.crn.block.AbstractAdvancedDisplayBlock cannot be analysed, because getting declared methods crashes with NoClassDefFoundError: net/minecraft/class_322. This is usually caused by modded entities declaring methods that have a return type or parameter type that is annotated with @Environment(value=EnvType.CLIENT). Loading the type is not possible, because it only exists in the CLIENT environment. The recommended fix is to annotate the method with this argument or return type with the same annotation. Lithium handles this error by assuming the class cannot be included in some optimizations.
[02:18:11] [main/WARN]: Lithium Class Analysis Error: Class de.mrjulsen.crn.block.AbstractAdvancedDisplayBlock cannot be analysed, because getting declared methods crashes with NoClassDefFoundError: net/minecraft/class_322. This is usually caused by modded entities declaring methods that have a return type or parameter type that is annotated with @Environment(value=EnvType.CLIENT). Loading the type is not possible, because it only exists in the CLIENT environment. The recommended fix is to annotate the method with this argument or return type with the same annotation. Lithium handles this error by assuming the class cannot be included in some optimizations.
[02:18:11] [main/WARN]: Lithium Class Analysis Error: Class de.mrjulsen.crn.block.AbstractAdvancedDisplayBlock cannot be analysed, because getting declared methods crashes with NoClassDefFoundError: net/minecraft/class_322. This is usually caused by modded entities declaring methods that have a return type or parameter type that is annotated with @Environment(value=EnvType.CLIENT). Loading the type is not possible, because it only exists in the CLIENT environment. The recommended fix is to annotate the method with this argument or return type with the same annotation. Lithium handles this error by assuming the class cannot be included in some optimizations.
[02:18:11] [main/WARN]: Lithium Class Analysis Error: Class de.mrjulsen.crn.block.AbstractAdvancedDisplayBlock cannot be analysed, because getting declared methods crashes with NoClassDefFoundError: net/minecraft/class_322. This is usually caused by modded entities declaring methods that have a return type or parameter type that is annotated with @Environment(value=EnvType.CLIENT). Loading the type is not possible, because it only exists in the CLIENT environment. The recommended fix is to annotate the method with this argument or return type with the same annotation. Lithium handles this error by assuming the class cannot be included in some optimizations.
[02:18:11] [main/WARN]: Lithium Class Analysis Error: Class de.mrjulsen.crn.block.AbstractAdvancedDisplayBlock cannot be analysed, because getting declared methods crashes with NoClassDefFoundError: net/minecraft/class_322. This is usually caused by modded entities declaring methods that have a return type or parameter type that is annotated with @Environment(value=EnvType.CLIENT). Loading the type is not possible, because it only exists in the CLIENT environment. The recommended fix is to annotate the method with this argument or return type with the same annotation. Lithium handles this error by assuming the class cannot be included in some optimizations.
[02:18:11] [main/WARN]: Lithium Class Analysis Error: Class de.mrjulsen.crn.block.AbstractAdvancedDisplayBlock cannot be analysed, because getting declared methods crashes with NoClassDefFoundError: net/minecraft/class_322. This is usually caused by modded entities declaring methods that have a return type or parameter type that is annotated with @Environment(value=EnvType.CLIENT). Loading the type is not possible, because it only exists in the CLIENT environment. The recommended fix is to annotate the method with this argument or return type with the same annotation. Lithium handles this error by assuming the class cannot be included in some optimizations.
[02:18:11] [main/WARN]: Lithium Class Analysis Error: Class de.mrjulsen.crn.block.AbstractAdvancedDisplayBlock cannot be analysed, because getting declared methods crashes with NoClassDefFoundError: net/minecraft/class_322. This is usually caused by modded entities declaring methods that have a return type or parameter type that is annotated with @Environment(value=EnvType.CLIENT). Loading the type is not possible, because it only exists in the CLIENT environment. The recommended fix is to annotate the method with this argument or return type with the same annotation. Lithium handles this error by assuming the class cannot be included in some optimizations.
[02:18:11] [main/WARN]: Lithium Class Analysis Error: Class de.mrjulsen.crn.block.AbstractAdvancedDisplayBlock cannot be analysed, because getting declared methods crashes with NoClassDefFoundError: net/minecraft/class_322. This is usually caused by modded entities declaring methods that have a return type or parameter type that is annotated with @Environment(value=EnvType.CLIENT). Loading the type is not possible, because it only exists in the CLIENT environment. The recommended fix is to annotate the method with this argument or return type with the same annotation. Lithium handles this error by assuming the class cannot be included in some optimizations.
[02:18:11] [main/WARN]: Lithium Class Analysis Error: Class de.mrjulsen.crn.block.AbstractAdvancedDisplayBlock cannot be analysed, because getting declared methods crashes with NoClassDefFoundError: net/minecraft/class_322. This is usually caused by modded entities declaring methods that have a return type or parameter type that is annotated with @Environment(value=EnvType.CLIENT). Loading the type is not possible, because it only exists in the CLIENT environment. The recommended fix is to annotate the method with this argument or return type with the same annotation. Lithium handles this error by assuming the class cannot be included in some optimizations.
[02:18:11] [main/WARN]: Lithium Class Analysis Error: Class de.mrjulsen.crn.block.AbstractAdvancedDisplayBlock cannot be analysed, because getting declared methods crashes with NoClassDefFoundError: net/minecraft/class_322. This is usually caused by modded entities declaring methods that have a return type or parameter type that is annotated with @Environment(value=EnvType.CLIENT). Loading the type is not possible, because it only exists in the CLIENT environment. The recommended fix is to annotate the method with this argument or return type with the same annotation. Lithium handles this error by assuming the class cannot be included in some optimizations.
[02:18:11] [main/WARN]: Lithium Class Analysis Error: Class de.mrjulsen.crn.block.AbstractAdvancedDisplayBlock cannot be analysed, because getting declared methods crashes with NoClassDefFoundError: net/minecraft/class_322. This is usually caused by modded entities declaring methods that have a return type or parameter type that is annotated with @Environment(value=EnvType.CLIENT). Loading the type is not possible, because it only exists in the CLIENT environment. The recommended fix is to annotate the method with this argument or return type with the same annotation. Lithium handles this error by assuming the class cannot be included in some optimizations.
[02:18:11] [main/WARN]: Lithium Class Analysis Error: Class de.mrjulsen.crn.block.AbstractAdvancedDisplayBlock cannot be analysed, because getting declared methods crashes with NoClassDefFoundError: net/minecraft/class_322. This is usually caused by modded entities declaring methods that have a return type or parameter type that is annotated with @Environment(value=EnvType.CLIENT). Loading the type is not possible, because it only exists in the CLIENT environment. The recommended fix is to annotate the method with this argument or return type with the same annotation. Lithium handles this error by assuming the class cannot be included in some optimizations.
[02:18:11] [main/WARN]: Lithium Class Analysis Error: Class de.mrjulsen.crn.block.AbstractAdvancedDisplayBlock cannot be analysed, because getting declared methods crashes with NoClassDefFoundError: net/minecraft/class_322. This is usually caused by modded entities declaring methods that have a return type or parameter type that is annotated with @Environment(value=EnvType.CLIENT). Loading the type is not possible, because it only exists in the CLIENT environment. The recommended fix is to annotate the method with this argument or return type with the same annotation. Lithium handles this error by assuming the class cannot be included in some optimizations.
[02:18:11] [main/WARN]: Lithium Class Analysis Error: Class de.mrjulsen.crn.block.AbstractAdvancedDisplayBlock cannot be analysed, because getting declared methods crashes with NoClassDefFoundError: net/minecraft/class_322. This is usually caused by modded entities declaring methods that have a return type or parameter type that is annotated with @Environment(value=EnvType.CLIENT). Loading the type is not possible, because it only exists in the CLIENT environment. The recommended fix is to annotate the method with this argument or return type with the same annotation. Lithium handles this error by assuming the class cannot be included in some optimizations.
[02:18:11] [main/WARN]: Lithium Class Analysis Error: Class de.mrjulsen.crn.block.AbstractAdvancedDisplayBlock cannot be analysed, because getting declared methods crashes with NoClassDefFoundError: net/minecraft/class_322. This is usually caused by modded entities declaring methods that have a return type or parameter type that is annotated with @Environment(value=EnvType.CLIENT). Loading the type is not possible, because it only exists in the CLIENT environment. The recommended fix is to annotate the method with this argument or return type with the same annotation. Lithium handles this error by assuming the class cannot be included in some optimizations.
[02:18:11] [main/WARN]: Lithium Class Analysis Error: Class de.mrjulsen.crn.block.AbstractAdvancedDisplayBlock cannot be analysed, because getting declared methods crashes with NoClassDefFoundError: net/minecraft/class_322. This is usually caused by modded entities declaring methods that have a return type or parameter type that is annotated with @Environment(value=EnvType.CLIENT). Loading the type is not possible, because it only exists in the CLIENT environment. The recommended fix is to annotate the method with this argument or return type with the same annotation. Lithium handles this error by assuming the class cannot be included in some optimizations.
[02:18:11] [main/WARN]: Lithium Class Analysis Error: Class de.mrjulsen.crn.block.AbstractAdvancedDisplayBlock cannot be analysed, because getting declared methods crashes with NoClassDefFoundError: net/minecraft/class_322. This is usually caused by modded entities declaring methods that have a return type or parameter type that is annotated with @Environment(value=EnvType.CLIENT). Loading the type is not possible, because it only exists in the CLIENT environment. The recommended fix is to annotate the method with this argument or return type with the same annotation. Lithium handles this error by assuming the class cannot be included in some optimizations.
[02:18:11] [main/WARN]: Lithium Class Analysis Error: Class de.mrjulsen.crn.block.AbstractAdvancedDisplayBlock cannot be analysed, because getting declared methods crashes with NoClassDefFoundError: net/minecraft/class_322. This is usually caused by modded entities declaring methods that have a return type or parameter type that is annotated with @Environment(value=EnvType.CLIENT). Loading the type is not possible, because it only exists in the CLIENT environment. The recommended fix is to annotate the method with this argument or return type with the same annotation. Lithium handles this error by assuming the class cannot be included in some optimizations.
[02:18:11] [main/WARN]: Lithium Class Analysis Error: Class de.mrjulsen.crn.block.AbstractAdvancedDisplayBlock cannot be analysed, because getting declared methods crashes with NoClassDefFoundError: net/minecraft/class_322. This is usually caused by modded entities declaring methods that have a return type or parameter type that is annotated with @Environment(value=EnvType.CLIENT). Loading the type is not possible, because it only exists in the CLIENT environment. The recommended fix is to annotate the method with this argument or return type with the same annotation. Lithium handles this error by assuming the class cannot be included in some optimizations.
[02:18:11] [main/WARN]: Lithium Class Analysis Error: Class de.mrjulsen.crn.block.AbstractAdvancedDisplayBlock cannot be analysed, because getting declared methods crashes with NoClassDefFoundError: net/minecraft/class_322. This is usually caused by modded entities declaring methods that have a return type or parameter type that is annotated with @Environment(value=EnvType.CLIENT). Loading the type is not possible, because it only exists in the CLIENT environment. The recommended fix is to annotate the method with this argument or return type with the same annotation. Lithium handles this error by assuming the class cannot be included in some optimizations.
[02:18:11] [main/WARN]: Lithium Class Analysis Error: Class de.mrjulsen.crn.block.AbstractAdvancedDisplayBlock cannot be analysed, because getting declared methods crashes with NoClassDefFoundError: net/minecraft/class_322. This is usually caused by modded entities declaring methods that have a return type or parameter type that is annotated with @Environment(value=EnvType.CLIENT). Loading the type is not possible, because it only exists in the CLIENT environment. The recommended fix is to annotate the method with this argument or return type with the same annotation. Lithium handles this error by assuming the class cannot be included in some optimizations.
[02:18:11] [main/WARN]: Lithium Class Analysis Error: Class de.mrjulsen.crn.block.AbstractAdvancedDisplayBlock cannot be analysed, because getting declared methods crashes with NoClassDefFoundError: net/minecraft/class_322. This is usually caused by modded entities declaring methods that have a return type or parameter type that is annotated with @Environment(value=EnvType.CLIENT). Loading the type is not possible, because it only exists in the CLIENT environment. The recommended fix is to annotate the method with this argument or return type with the same annotation. Lithium handles this error by assuming the class cannot be included in some optimizations.
[02:18:11] [main/WARN]: Lithium Class Analysis Error: Class de.mrjulsen.crn.block.AbstractAdvancedDisplayBlock cannot be analysed, because getting declared methods crashes with NoClassDefFoundError: net/minecraft/class_322. This is usually caused by modded entities declaring methods that have a return type or parameter type that is annotated with @Environment(value=EnvType.CLIENT). Loading the type is not possible, because it only exists in the CLIENT environment. The recommended fix is to annotate the method with this argument or return type with the same annotation. Lithium handles this error by assuming the class cannot be included in some optimizations.
[02:18:11] [main/WARN]: Lithium Class Analysis Error: Class de.mrjulsen.crn.block.AbstractAdvancedDisplayBlock cannot be analysed, because getting declared methods crashes with NoClassDefFoundError: net/minecraft/class_322. This is usually caused by modded entities declaring methods that have a return type or parameter type that is annotated with @Environment(value=EnvType.CLIENT). Loading the type is not possible, because it only exists in the CLIENT environment. The recommended fix is to annotate the method with this argument or return type with the same annotation. Lithium handles this error by assuming the class cannot be included in some optimizations.
[02:18:11] [main/WARN]: Lithium Class Analysis Error: Class de.mrjulsen.crn.block.AbstractAdvancedDisplayBlock cannot be analysed, because getting declared methods crashes with NoClassDefFoundError: net/minecraft/class_322. This is usually caused by modded entities declaring methods that have a return type or parameter type that is annotated with @Environment(value=EnvType.CLIENT). Loading the type is not possible, because it only exists in the CLIENT environment. The recommended fix is to annotate the method with this argument or return type with the same annotation. Lithium handles this error by assuming the class cannot be included in some optimizations.
[02:18:11] [main/WARN]: Lithium Class Analysis Error: Class de.mrjulsen.crn.block.AbstractAdvancedDisplayBlock cannot be analysed, because getting declared methods crashes with NoClassDefFoundError: net/minecraft/class_322. This is usually caused by modded entities declaring methods that have a return type or parameter type that is annotated with @Environment(value=EnvType.CLIENT). Loading the type is not possible, because it only exists in the CLIENT environment. The recommended fix is to annotate the method with this argument or return type with the same annotation. Lithium handles this error by assuming the class cannot be included in some optimizations.
[02:18:11] [main/WARN]: Lithium Class Analysis Error: Class de.mrjulsen.crn.block.AbstractAdvancedDisplayBlock cannot be analysed, because getting declared methods crashes with NoClassDefFoundError: net/minecraft/class_322. This is usually caused by modded entities declaring methods that have a return type or parameter type that is annotated with @Environment(value=EnvType.CLIENT). Loading the type is not possible, because it only exists in the CLIENT environment. The recommended fix is to annotate the method with this argument or return type with the same annotation. Lithium handles this error by assuming the class cannot be included in some optimizations.
[02:18:11] [main/WARN]: Lithium Class Analysis Error: Class de.mrjulsen.crn.block.AbstractAdvancedDisplayBlock cannot be analysed, because getting declared methods crashes with NoClassDefFoundError: net/minecraft/class_322. This is usually caused by modded entities declaring methods that have a return type or parameter type that is annotated with @Environment(value=EnvType.CLIENT). Loading the type is not possible, because it only exists in the CLIENT environment. The recommended fix is to annotate the method with this argument or return type with the same annotation. Lithium handles this error by assuming the class cannot be included in some optimizations.
[02:18:11] [main/WARN]: Lithium Class Analysis Error: Class de.mrjulsen.crn.block.AbstractAdvancedDisplayBlock cannot be analysed, because getting declared methods crashes with NoClassDefFoundError: net/minecraft/class_322. This is usually caused by modded entities declaring methods that have a return type or parameter type that is annotated with @Environment(value=EnvType.CLIENT). Loading the type is not possible, because it only exists in the CLIENT environment. The recommended fix is to annotate the method with this argument or return type with the same annotation. Lithium handles this error by assuming the class cannot be included in some optimizations.
[02:18:11] [main/WARN]: Lithium Class Analysis Error: Class de.mrjulsen.crn.block.AbstractAdvancedDisplayBlock cannot be analysed, because getting declared methods crashes with NoClassDefFoundError: net/minecraft/class_322. This is usually caused by modded entities declaring methods that have a return type or parameter type that is annotated with @Environment(value=EnvType.CLIENT). Loading the type is not possible, because it only exists in the CLIENT environment. The recommended fix is to annotate the method with this argument or return type with the same annotation. Lithium handles this error by assuming the class cannot be included in some optimizations.
[02:18:11] [main/WARN]: Lithium Class Analysis Error: Class de.mrjulsen.crn.block.AbstractAdvancedDisplayBlock cannot be analysed, because getting declared methods crashes with NoClassDefFoundError: net/minecraft/class_322. This is usually caused by modded entities declaring methods that have a return type or parameter type that is annotated with @Environment(value=EnvType.CLIENT). Loading the type is not possible, because it only exists in the CLIENT environment. The recommended fix is to annotate the method with this argument or return type with the same annotation. Lithium handles this error by assuming the class cannot be included in some optimizations.
[02:18:11] [main/WARN]: Lithium Class Analysis Error: Class de.mrjulsen.crn.block.AbstractAdvancedDisplayBlock cannot be analysed, because getting declared methods crashes with NoClassDefFoundError: net/minecraft/class_322. This is usually caused by modded entities declaring methods that have a return type or parameter type that is annotated with @Environment(value=EnvType.CLIENT). Loading the type is not possible, because it only exists in the CLIENT environment. The recommended fix is to annotate the method with this argument or return type with the same annotation. Lithium handles this error by assuming the class cannot be included in some optimizations.
[02:18:11] [main/WARN]: Lithium Class Analysis Error: Class de.mrjulsen.crn.block.AbstractAdvancedDisplayBlock cannot be analysed, because getting declared methods crashes with NoClassDefFoundError: net/minecraft/class_322. This is usually caused by modded entities declaring methods that have a return type or parameter type that is annotated with @Environment(value=EnvType.CLIENT). Loading the type is not possible, because it only exists in the CLIENT environment. The recommended fix is to annotate the method with this argument or return type with the same annotation. Lithium handles this error by assuming the class cannot be included in some optimizations.
[02:18:11] [main/WARN]: Lithium Class Analysis Error: Class de.mrjulsen.crn.block.AbstractAdvancedDisplayBlock cannot be analysed, because getting declared methods crashes with NoClassDefFoundError: net/minecraft/class_322. This is usually caused by modded entities declaring methods that have a return type or parameter type that is annotated with @Environment(value=EnvType.CLIENT). Loading the type is not possible, because it only exists in the CLIENT environment. The recommended fix is to annotate the method with this argument or return type with the same annotation. Lithium handles this error by assuming the class cannot be included in some optimizations.
[02:18:11] [main/WARN]: Lithium Class Analysis Error: Class de.mrjulsen.crn.block.AbstractAdvancedDisplayBlock cannot be analysed, because getting declared methods crashes with NoClassDefFoundError: net/minecraft/class_322. This is usually caused by modded entities declaring methods that have a return type or parameter type that is annotated with @Environment(value=EnvType.CLIENT). Loading the type is not possible, because it only exists in the CLIENT environment. The recommended fix is to annotate the method with this argument or return type with the same annotation. Lithium handles this error by assuming the class cannot be included in some optimizations.
[02:18:11] [main/WARN]: Lithium Class Analysis Error: Class de.mrjulsen.crn.block.AbstractAdvancedDisplayBlock cannot be analysed, because getting declared methods crashes with NoClassDefFoundError: net/minecraft/class_322. This is usually caused by modded entities declaring methods that have a return type or parameter type that is annotated with @Environment(value=EnvType.CLIENT). Loading the type is not possible, because it only exists in the CLIENT environment. The recommended fix is to annotate the method with this argument or return type with the same annotation. Lithium handles this error by assuming the class cannot be included in some optimizations.
[02:18:11] [main/WARN]: Lithium Class Analysis Error: Class de.mrjulsen.crn.block.AbstractAdvancedDisplayBlock cannot be analysed, because getting declared methods crashes with NoClassDefFoundError: net/minecraft/class_322. This is usually caused by modded entities declaring methods that have a return type or parameter type that is annotated with @Environment(value=EnvType.CLIENT). Loading the type is not possible, because it only exists in the CLIENT environment. The recommended fix is to annotate the method with this argument or return type with the same annotation. Lithium handles this error by assuming the class cannot be included in some optimizations.
[02:18:11] [main/WARN]: Lithium Class Analysis Error: Class de.mrjulsen.crn.block.AbstractAdvancedDisplayBlock cannot be analysed, because getting declared methods crashes with NoClassDefFoundError: net/minecraft/class_322. This is usually caused by modded entities declaring methods that have a return type or parameter type that is annotated with @Environment(value=EnvType.CLIENT). Loading the type is not possible, because it only exists in the CLIENT environment. The recommended fix is to annotate the method with this argument or return type with the same annotation. Lithium handles this error by assuming the class cannot be included in some optimizations.
[02:18:11] [main/WARN]: Lithium Class Analysis Error: Class de.mrjulsen.crn.block.AbstractAdvancedDisplayBlock cannot be analysed, because getting declared methods crashes with NoClassDefFoundError: net/minecraft/class_322. This is usually caused by modded entities declaring methods that have a return type or parameter type that is annotated with @Environment(value=EnvType.CLIENT). Loading the type is not possible, because it only exists in the CLIENT environment. The recommended fix is to annotate the method with this argument or return type with the same annotation. Lithium handles this error by assuming the class cannot be included in some optimizations.
[02:18:11] [main/WARN]: Lithium Class Analysis Error: Class de.mrjulsen.crn.block.AbstractAdvancedDisplayBlock cannot be analysed, because getting declared methods crashes with NoClassDefFoundError: net/minecraft/class_322. This is usually caused by modded entities declaring methods that have a return type or parameter type that is annotated with @Environment(value=EnvType.CLIENT). Loading the type is not possible, because it only exists in the CLIENT environment. The recommended fix is to annotate the method with this argument or return type with the same annotation. Lithium handles this error by assuming the class cannot be included in some optimizations.
[02:18:11] [main/WARN]: Lithium Class Analysis Error: Class de.mrjulsen.crn.block.AbstractAdvancedDisplayBlock cannot be analysed, because getting declared methods crashes with NoClassDefFoundError: net/minecraft/class_322. This is usually caused by modded entities declaring methods that have a return type or parameter type that is annotated with @Environment(value=EnvType.CLIENT). Loading the type is not possible, because it only exists in the CLIENT environment. The recommended fix is to annotate the method with this argument or return type with the same annotation. Lithium handles this error by assuming the class cannot be included in some optimizations.
[02:18:11] [main/WARN]: Lithium Class Analysis Error: Class de.mrjulsen.crn.block.AbstractAdvancedDisplayBlock cannot be analysed, because getting declared methods crashes with NoClassDefFoundError: net/minecraft/class_322. This is usually caused by modded entities declaring methods that have a return type or parameter type that is annotated with @Environment(value=EnvType.CLIENT). Loading the type is not possible, because it only exists in the CLIENT environment. The recommended fix is to annotate the method with this argument or return type with the same annotation. Lithium handles this error by assuming the class cannot be included in some optimizations.
[02:18:11] [main/WARN]: Lithium Class Analysis Error: Class de.mrjulsen.crn.block.AbstractAdvancedDisplayBlock cannot be analysed, because getting declared methods crashes with NoClassDefFoundError: net/minecraft/class_322. This is usually caused by modded entities declaring methods that have a return type or parameter type that is annotated with @Environment(value=EnvType.CLIENT). Loading the type is not possible, because it only exists in the CLIENT environment. The recommended fix is to annotate the method with this argument or return type with the same annotation. Lithium handles this error by assuming the class cannot be included in some optimizations.
[02:18:11] [main/WARN]: Lithium Class Analysis Error: Class de.mrjulsen.crn.block.AbstractAdvancedDisplayBlock cannot be analysed, because getting declared methods crashes with NoClassDefFoundError: net/minecraft/class_322. This is usually caused by modded entities declaring methods that have a return type or parameter type that is annotated with @Environment(value=EnvType.CLIENT). Loading the type is not possible, because it only exists in the CLIENT environment. The recommended fix is to annotate the method with this argument or return type with the same annotation. Lithium handles this error by assuming the class cannot be included in some optimizations.
[02:18:11] [main/WARN]: Lithium Class Analysis Error: Class de.mrjulsen.crn.block.AbstractAdvancedDisplayBlock cannot be analysed, because getting declared methods crashes with NoClassDefFoundError: net/minecraft/class_322. This is usually caused by modded entities declaring methods that have a return type or parameter type that is annotated with @Environment(value=EnvType.CLIENT). Loading the type is not possible, because it only exists in the CLIENT environment. The recommended fix is to annotate the method with this argument or return type with the same annotation. Lithium handles this error by assuming the class cannot be included in some optimizations.
[02:18:11] [main/WARN]: Lithium Class Analysis Error: Class de.mrjulsen.crn.block.AbstractAdvancedDisplayBlock cannot be analysed, because getting declared methods crashes with NoClassDefFoundError: net/minecraft/class_322. This is usually caused by modded entities declaring methods that have a return type or parameter type that is annotated with @Environment(value=EnvType.CLIENT). Loading the type is not possible, because it only exists in the CLIENT environment. The recommended fix is to annotate the method with this argument or return type with the same annotation. Lithium handles this error by assuming the class cannot be included in some optimizations.
[02:18:11] [main/WARN]: Lithium Class Analysis Error: Class de.mrjulsen.crn.block.AbstractAdvancedDisplayBlock cannot be analysed, because getting declared methods crashes with NoClassDefFoundError: net/minecraft/class_322. This is usually caused by modded entities declaring methods that have a return type or parameter type that is annotated with @Environment(value=EnvType.CLIENT). Loading the type is not possible, because it only exists in the CLIENT environment. The recommended fix is to annotate the method with this argument or return type with the same annotation. Lithium handles this error by assuming the class cannot be included in some optimizations.
[02:18:11] [main/WARN]: Lithium Class Analysis Error: Class de.mrjulsen.crn.block.AbstractAdvancedDisplayBlock cannot be analysed, because getting declared methods crashes with NoClassDefFoundError: net/minecraft/class_322. This is usually caused by modded entities declaring methods that have a return type or parameter type that is annotated with @Environment(value=EnvType.CLIENT). Loading the type is not possible, because it only exists in the CLIENT environment. The recommended fix is to annotate the method with this argument or return type with the same annotation. Lithium handles this error by assuming the class cannot be included in some optimizations.
[02:18:11] [main/WARN]: Lithium Class Analysis Error: Class de.mrjulsen.crn.block.AbstractAdvancedDisplayBlock cannot be analysed, because getting declared methods crashes with NoClassDefFoundError: net/minecraft/class_322. This is usually caused by modded entities declaring methods that have a return type or parameter type that is annotated with @Environment(value=EnvType.CLIENT). Loading the type is not possible, because it only exists in the CLIENT environment. The recommended fix is to annotate the method with this argument or return type with the same annotation. Lithium handles this error by assuming the class cannot be included in some optimizations.
[02:18:11] [main/WARN]: Lithium Class Analysis Error: Class de.mrjulsen.crn.block.AbstractAdvancedDisplayBlock cannot be analysed, because getting declared methods crashes with NoClassDefFoundError: net/minecraft/class_322. This is usually caused by modded entities declaring methods that have a return type or parameter type that is annotated with @Environment(value=EnvType.CLIENT). Loading the type is not possible, because it only exists in the CLIENT environment. The recommended fix is to annotate the method with this argument or return type with the same annotation. Lithium handles this error by assuming the class cannot be included in some optimizations.
[02:18:11] [main/WARN]: Lithium Class Analysis Error: Class de.mrjulsen.crn.block.AbstractAdvancedDisplayBlock cannot be analysed, because getting declared methods crashes with NoClassDefFoundError: net/minecraft/class_322. This is usually caused by modded entities declaring methods that have a return type or parameter type that is annotated with @Environment(value=EnvType.CLIENT). Loading the type is not possible, because it only exists in the CLIENT environment. The recommended fix is to annotate the method with this argument or return type with the same annotation. Lithium handles this error by assuming the class cannot be included in some optimizations.
[02:18:11] [main/WARN]: Lithium Class Analysis Error: Class de.mrjulsen.crn.block.AbstractAdvancedDisplayBlock cannot be analysed, because getting declared methods crashes with NoClassDefFoundError: net/minecraft/class_322. This is usually caused by modded entities declaring methods that have a return type or parameter type that is annotated with @Environment(value=EnvType.CLIENT). Loading the type is not possible, because it only exists in the CLIENT environment. The recommended fix is to annotate the method with this argument or return type with the same annotation. Lithium handles this error by assuming the class cannot be included in some optimizations.
[02:18:11] [main/WARN]: Lithium Class Analysis Error: Class de.mrjulsen.crn.block.AbstractAdvancedDisplayBlock cannot be analysed, because getting declared methods crashes with NoClassDefFoundError: net/minecraft/class_322. This is usually caused by modded entities declaring methods that have a return type or parameter type that is annotated with @Environment(value=EnvType.CLIENT). Loading the type is not possible, because it only exists in the CLIENT environment. The recommended fix is to annotate the method with this argument or return type with the same annotation. Lithium handles this error by assuming the class cannot be included in some optimizations.
[02:18:11] [main/WARN]: Lithium Class Analysis Error: Class de.mrjulsen.crn.block.AbstractAdvancedDisplayBlock cannot be analysed, because getting declared methods crashes with NoClassDefFoundError: net/minecraft/class_322. This is usually caused by modded entities declaring methods that have a return type or parameter type that is annotated with @Environment(value=EnvType.CLIENT). Loading the type is not possible, because it only exists in the CLIENT environment. The recommended fix is to annotate the method with this argument or return type with the same annotation. Lithium handles this error by assuming the class cannot be included in some optimizations.
[02:18:11] [main/WARN]: Lithium Class Analysis Error: Class de.mrjulsen.crn.block.AbstractAdvancedDisplayBlock cannot be analysed, because getting declared methods crashes with NoClassDefFoundError: net/minecraft/class_322. This is usually caused by modded entities declaring methods that have a return type or parameter type that is annotated with @Environment(value=EnvType.CLIENT). Loading the type is not possible, because it only exists in the CLIENT environment. The recommended fix is to annotate the method with this argument or return type with the same annotation. Lithium handles this error by assuming the class cannot be included in some optimizations.
[02:18:11] [main/WARN]: Lithium Class Analysis Error: Class de.mrjulsen.crn.block.AbstractAdvancedDisplayBlock cannot be analysed, because getting declared methods crashes with NoClassDefFoundError: net/minecraft/class_322. This is usually caused by modded entities declaring methods that have a return type or parameter type that is annotated with @Environment(value=EnvType.CLIENT). Loading the type is not possible, because it only exists in the CLIENT environment. The recommended fix is to annotate the method with this argument or return type with the same annotation. Lithium handles this error by assuming the class cannot be included in some optimizations.
[02:18:11] [main/WARN]: Lithium Class Analysis Error: Class de.mrjulsen.crn.block.AbstractAdvancedDisplayBlock cannot be analysed, because getting declared methods crashes with NoClassDefFoundError: net/minecraft/class_322. This is usually caused by modded entities declaring methods that have a return type or parameter type that is annotated with @Environment(value=EnvType.CLIENT). Loading the type is not possible, because it only exists in the CLIENT environment. The recommended fix is to annotate the method with this argument or return type with the same annotation. Lithium handles this error by assuming the class cannot be included in some optimizations.
[02:18:11] [main/WARN]: Lithium Class Analysis Error: Class de.mrjulsen.crn.block.AbstractAdvancedDisplayBlock cannot be analysed, because getting declared methods crashes with NoClassDefFoundError: net/minecraft/class_322. This is usually caused by modded entities declaring methods that have a return type or parameter type that is annotated with @Environment(value=EnvType.CLIENT). Loading the type is not possible, because it only exists in the CLIENT environment. The recommended fix is to annotate the method with this argument or return type with the same annotation. Lithium handles this error by assuming the class cannot be included in some optimizations.
[02:18:11] [main/WARN]: Lithium Class Analysis Error: Class de.mrjulsen.crn.block.AbstractAdvancedDisplayBlock cannot be analysed, because getting declared methods crashes with NoClassDefFoundError: net/minecraft/class_322. This is usually caused by modded entities declaring methods that have a return type or parameter type that is annotated with @Environment(value=EnvType.CLIENT). Loading the type is not possible, because it only exists in the CLIENT environment. The recommended fix is to annotate the method with this argument or return type with the same annotation. Lithium handles this error by assuming the class cannot be included in some optimizations.
[02:18:11] [main/WARN]: Lithium Class Analysis Error: Class de.mrjulsen.crn.block.AbstractAdvancedDisplayBlock cannot be analysed, because getting declared methods crashes with NoClassDefFoundError: net/minecraft/class_322. This is usually caused by modded entities declaring methods that have a return type or parameter type that is annotated with @Environment(value=EnvType.CLIENT). Loading the type is not possible, because it only exists in the CLIENT environment. The recommended fix is to annotate the method with this argument or return type with the same annotation. Lithium handles this error by assuming the class cannot be included in some optimizations.
[02:18:11] [main/WARN]: Lithium Class Analysis Error: Class de.mrjulsen.crn.block.AbstractAdvancedDisplayBlock cannot be analysed, because getting declared methods crashes with NoClassDefFoundError: net/minecraft/class_322. This is usually caused by modded entities declaring methods that have a return type or parameter type that is annotated with @Environment(value=EnvType.CLIENT). Loading the type is not possible, because it only exists in the CLIENT environment. The recommended fix is to annotate the method with this argument or return type with the same annotation. Lithium handles this error by assuming the class cannot be included in some optimizations.
[02:18:11] [main/WARN]: Lithium Class Analysis Error: Class de.mrjulsen.crn.block.AbstractAdvancedDisplayBlock cannot be analysed, because getting declared methods crashes with NoClassDefFoundError: net/minecraft/class_322. This is usually caused by modded entities declaring methods that have a return type or parameter type that is annotated with @Environment(value=EnvType.CLIENT). Loading the type is not possible, because it only exists in the CLIENT environment. The recommended fix is to annotate the method with this argument or return type with the same annotation. Lithium handles this error by assuming the class cannot be included in some optimizations.
[02:18:11] [main/WARN]: Lithium Class Analysis Error: Class de.mrjulsen.crn.block.AbstractAdvancedDisplayBlock cannot be analysed, because getting declared methods crashes with NoClassDefFoundError: net/minecraft/class_322. This is usually caused by modded entities declaring methods that have a return type or parameter type that is annotated with @Environment(value=EnvType.CLIENT). Loading the type is not possible, because it only exists in the CLIENT environment. The recommended fix is to annotate the method with this argument or return type with the same annotation. Lithium handles this error by assuming the class cannot be included in some optimizations.
[02:18:11] [main/WARN]: Lithium Class Analysis Error: Class de.mrjulsen.crn.block.AbstractAdvancedDisplayBlock cannot be analysed, because getting declared methods crashes with NoClassDefFoundError: net/minecraft/class_322. This is usually caused by modded entities declaring methods that have a return type or parameter type that is annotated with @Environment(value=EnvType.CLIENT). Loading the type is not possible, because it only exists in the CLIENT environment. The recommended fix is to annotate the method with this argument or return type with the same annotation. Lithium handles this error by assuming the class cannot be included in some optimizations.
[02:18:11] [main/WARN]: Lithium Class Analysis Error: Class de.mrjulsen.crn.block.AbstractAdvancedDisplayBlock cannot be analysed, because getting declared methods crashes with NoClassDefFoundError: net/minecraft/class_322. This is usually caused by modded entities declaring methods that have a return type or parameter type that is annotated with @Environment(value=EnvType.CLIENT). Loading the type is not possible, because it only exists in the CLIENT environment. The recommended fix is to annotate the method with this argument or return type with the same annotation. Lithium handles this error by assuming the class cannot be included in some optimizations.
[02:18:11] [main/WARN]: Lithium Class Analysis Error: Class de.mrjulsen.crn.block.AbstractAdvancedDisplayBlock cannot be analysed, because getting declared methods crashes with NoClassDefFoundError: net/minecraft/class_322. This is usually caused by modded entities declaring methods that have a return type or parameter type that is annotated with @Environment(value=EnvType.CLIENT). Loading the type is not possible, because it only exists in the CLIENT environment. The recommended fix is to annotate the method with this argument or return type with the same annotation. Lithium handles this error by assuming the class cannot be included in some optimizations.
[02:18:11] [main/WARN]: Lithium Class Analysis Error: Class de.mrjulsen.crn.block.AbstractAdvancedDisplayBlock cannot be analysed, because getting declared methods crashes with NoClassDefFoundError: net/minecraft/class_322. This is usually caused by modded entities declaring methods that have a return type or parameter type that is annotated with @Environment(value=EnvType.CLIENT). Loading the type is not possible, because it only exists in the CLIENT environment. The recommended fix is to annotate the method with this argument or return type with the same annotation. Lithium handles this error by assuming the class cannot be included in some optimizations.
[02:18:11] [main/WARN]: Lithium Class Analysis Error: Class de.mrjulsen.crn.block.AbstractAdvancedDisplayBlock cannot be analysed, because getting declared methods crashes with NoClassDefFoundError: net/minecraft/class_322. This is usually caused by modded entities declaring methods that have a return type or parameter type that is annotated with @Environment(value=EnvType.CLIENT). Loading the type is not possible, because it only exists in the CLIENT environment. The recommended fix is to annotate the method with this argument or return type with the same annotation. Lithium handles this error by assuming the class cannot be included in some optimizations.
[02:18:11] [main/WARN]: Lithium Class Analysis Error: Class de.mrjulsen.crn.block.AbstractAdvancedDisplayBlock cannot be analysed, because getting declared methods crashes with NoClassDefFoundError: net/minecraft/class_322. This is usually caused by modded entities declaring methods that have a return type or parameter type that is annotated with @Environment(value=EnvType.CLIENT). Loading the type is not possible, because it only exists in the CLIENT environment. The recommended fix is to annotate the method with this argument or return type with the same annotation. Lithium handles this error by assuming the class cannot be included in some optimizations.
[02:18:11] [main/WARN]: Lithium Class Analysis Error: Class de.mrjulsen.crn.block.AbstractAdvancedDisplayBlock cannot be analysed, because getting declared methods crashes with NoClassDefFoundError: net/minecraft/class_322. This is usually caused by modded entities declaring methods that have a return type or parameter type that is annotated with @Environment(value=EnvType.CLIENT). Loading the type is not possible, because it only exists in the CLIENT environment. The recommended fix is to annotate the method with this argument or return type with the same annotation. Lithium handles this error by assuming the class cannot be included in some optimizations.
[02:18:11] [main/WARN]: Lithium Class Analysis Error: Class de.mrjulsen.crn.block.AbstractAdvancedDisplayBlock cannot be analysed, because getting declared methods crashes with NoClassDefFoundError: net/minecraft/class_322. This is usually caused by modded entities declaring methods that have a return type or parameter type that is annotated with @Environment(value=EnvType.CLIENT). Loading the type is not possible, because it only exists in the CLIENT environment. The recommended fix is to annotate the method with this argument or return type with the same annotation. Lithium handles this error by assuming the class cannot be included in some optimizations.
[02:18:11] [main/WARN]: Lithium Class Analysis Error: Class de.mrjulsen.crn.block.AbstractAdvancedDisplayBlock cannot be analysed, because getting declared methods crashes with NoClassDefFoundError: net/minecraft/class_322. This is usually caused by modded entities declaring methods that have a return type or parameter type that is annotated with @Environment(value=EnvType.CLIENT). Loading the type is not possible, because it only exists in the CLIENT environment. The recommended fix is to annotate the method with this argument or return type with the same annotation. Lithium handles this error by assuming the class cannot be included in some optimizations.
[02:18:11] [main/WARN]: Lithium Class Analysis Error: Class de.mrjulsen.crn.block.AbstractAdvancedDisplayBlock cannot be analysed, because getting declared methods crashes with NoClassDefFoundError: net/minecraft/class_322. This is usually caused by modded entities declaring methods that have a return type or parameter type that is annotated with @Environment(value=EnvType.CLIENT). Loading the type is not possible, because it only exists in the CLIENT environment. The recommended fix is to annotate the method with this argument or return type with the same annotation. Lithium handles this error by assuming the class cannot be included in some optimizations.
[02:18:11] [main/WARN]: Lithium Class Analysis Error: Class de.mrjulsen.crn.block.AbstractAdvancedDisplayBlock cannot be analysed, because getting declared methods crashes with NoClassDefFoundError: net/minecraft/class_322. This is usually caused by modded entities declaring methods that have a return type or parameter type that is annotated with @Environment(value=EnvType.CLIENT). Loading the type is not possible, because it only exists in the CLIENT environment. The recommended fix is to annotate the method with this argument or return type with the same annotation. Lithium handles this error by assuming the class cannot be included in some optimizations.
[02:18:11] [main/WARN]: Lithium Class Analysis Error: Class de.mrjulsen.crn.block.AbstractAdvancedDisplayBlock cannot be analysed, because getting declared methods crashes with NoClassDefFoundError: net/minecraft/class_322. This is usually caused by modded entities declaring methods that have a return type or parameter type that is annotated with @Environment(value=EnvType.CLIENT). Loading the type is not possible, because it only exists in the CLIENT environment. The recommended fix is to annotate the method with this argument or return type with the same annotation. Lithium handles this error by assuming the class cannot be included in some optimizations.
[02:18:11] [main/WARN]: Lithium Class Analysis Error: Class de.mrjulsen.crn.block.AbstractAdvancedDisplayBlock cannot be analysed, because getting declared methods crashes with NoClassDefFoundError: net/minecraft/class_322. This is usually caused by modded entities declaring methods that have a return type or parameter type that is annotated with @Environment(value=EnvType.CLIENT). Loading the type is not possible, because it only exists in the CLIENT environment. The recommended fix is to annotate the method with this argument or return type with the same annotation. Lithium handles this error by assuming the class cannot be included in some optimizations.
[02:18:11] [main/WARN]: Lithium Class Analysis Error: Class de.mrjulsen.crn.block.AbstractAdvancedDisplayBlock cannot be analysed, because getting declared methods crashes with NoClassDefFoundError: net/minecraft/class_322. This is usually caused by modded entities declaring methods that have a return type or parameter type that is annotated with @Environment(value=EnvType.CLIENT). Loading the type is not possible, because it only exists in the CLIENT environment. The recommended fix is to annotate the method with this argument or return type with the same annotation. Lithium handles this error by assuming the class cannot be included in some optimizations.
[02:18:11] [main/WARN]: Lithium Class Analysis Error: Class de.mrjulsen.crn.block.AbstractAdvancedDisplayBlock cannot be analysed, because getting declared methods crashes with NoClassDefFoundError: net/minecraft/class_322. This is usually caused by modded entities declaring methods that have a return type or parameter type that is annotated with @Environment(value=EnvType.CLIENT). Loading the type is not possible, because it only exists in the CLIENT environment. The recommended fix is to annotate the method with this argument or return type with the same annotation. Lithium handles this error by assuming the class cannot be included in some optimizations.
[02:18:11] [main/WARN]: Lithium Class Analysis Error: Class de.mrjulsen.crn.block.AbstractAdvancedDisplayBlock cannot be analysed, because getting declared methods crashes with NoClassDefFoundError: net/minecraft/class_322. This is usually caused by modded entities declaring methods that have a return type or parameter type that is annotated with @Environment(value=EnvType.CLIENT). Loading the type is not possible, because it only exists in the CLIENT environment. The recommended fix is to annotate the method with this argument or return type with the same annotation. Lithium handles this error by assuming the class cannot be included in some optimizations.
[02:18:11] [main/WARN]: Lithium Class Analysis Error: Class de.mrjulsen.crn.block.AbstractAdvancedDisplayBlock cannot be analysed, because getting declared methods crashes with NoClassDefFoundError: net/minecraft/class_322. This is usually caused by modded entities declaring methods that have a return type or parameter type that is annotated with @Environment(value=EnvType.CLIENT). Loading the type is not possible, because it only exists in the CLIENT environment. The recommended fix is to annotate the method with this argument or return type with the same annotation. Lithium handles this error by assuming the class cannot be included in some optimizations.
[02:18:11] [main/WARN]: Lithium Class Analysis Error: Class de.mrjulsen.crn.block.AbstractAdvancedDisplayBlock cannot be analysed, because getting declared methods crashes with NoClassDefFoundError: net/minecraft/class_322. This is usually caused by modded entities declaring methods that have a return type or parameter type that is annotated with @Environment(value=EnvType.CLIENT). Loading the type is not possible, because it only exists in the CLIENT environment. The recommended fix is to annotate the method with this argument or return type with the same annotation. Lithium handles this error by assuming the class cannot be included in some optimizations.
[02:18:11] [main/WARN]: Lithium Class Analysis Error: Class de.mrjulsen.crn.block.AbstractAdvancedDisplayBlock cannot be analysed, because getting declared methods crashes with NoClassDefFoundError: net/minecraft/class_322. This is usually caused by modded entities declaring methods that have a return type or parameter type that is annotated with @Environment(value=EnvType.CLIENT). Loading the type is not possible, because it only exists in the CLIENT environment. The recommended fix is to annotate the method with this argument or return type with the same annotation. Lithium handles this error by assuming the class cannot be included in some optimizations.
[02:18:11] [main/WARN]: Lithium Class Analysis Error: Class de.mrjulsen.crn.block.AbstractAdvancedDisplayBlock cannot be analysed, because getting declared methods crashes with NoClassDefFoundError: net/minecraft/class_322. This is usually caused by modded entities declaring methods that have a return type or parameter type that is annotated with @Environment(value=EnvType.CLIENT). Loading the type is not possible, because it only exists in the CLIENT environment. The recommended fix is to annotate the method with this argument or return type with the same annotation. Lithium handles this error by assuming the class cannot be included in some optimizations.
[02:18:11] [main/WARN]: Lithium Class Analysis Error: Class de.mrjulsen.crn.block.AbstractAdvancedDisplayBlock cannot be analysed, because getting declared methods crashes with NoClassDefFoundError: net/minecraft/class_322. This is usually caused by modded entities declaring methods that have a return type or parameter type that is annotated with @Environment(value=EnvType.CLIENT). Loading the type is not possible, because it only exists in the CLIENT environment. The recommended fix is to annotate the method with this argument or return type with the same annotation. Lithium handles this error by assuming the class cannot be included in some optimizations.
[02:18:11] [main/WARN]: Lithium Class Analysis Error: Class de.mrjulsen.crn.block.AbstractAdvancedDisplayBlock cannot be analysed, because getting declared methods crashes with NoClassDefFoundError: net/minecraft/class_322. This is usually caused by modded entities declaring methods that have a return type or parameter type that is annotated with @Environment(value=EnvType.CLIENT). Loading the type is not possible, because it only exists in the CLIENT environment. The recommended fix is to annotate the method with this argument or return type with the same annotation. Lithium handles this error by assuming the class cannot be included in some optimizations.
[02:18:11] [main/WARN]: Lithium Class Analysis Error: Class de.mrjulsen.crn.block.AbstractAdvancedDisplayBlock cannot be analysed, because getting declared methods crashes with NoClassDefFoundError: net/minecraft/class_322. This is usually caused by modded entities declaring methods that have a return type or parameter type that is annotated with @Environment(value=EnvType.CLIENT). Loading the type is not possible, because it only exists in the CLIENT environment. The recommended fix is to annotate the method with this argument or return type with the same annotation. Lithium handles this error by assuming the class cannot be included in some optimizations.
[02:18:11] [main/WARN]: Lithium Class Analysis Error: Class de.mrjulsen.crn.block.AbstractAdvancedDisplayBlock cannot be analysed, because getting declared methods crashes with NoClassDefFoundError: net/minecraft/class_322. This is usually caused by modded entities declaring methods that have a return type or parameter type that is annotated with @Environment(value=EnvType.CLIENT). Loading the type is not possible, because it only exists in the CLIENT environment. The recommended fix is to annotate the method with this argument or return type with the same annotation. Lithium handles this error by assuming the class cannot be included in some optimizations.
[02:18:11] [main/WARN]: Lithium Class Analysis Error: Class de.mrjulsen.crn.block.AbstractAdvancedDisplayBlock cannot be analysed, because getting declared methods crashes with NoClassDefFoundError: net/minecraft/class_322. This is usually caused by modded entities declaring methods that have a return type or parameter type that is annotated with @Environment(value=EnvType.CLIENT). Loading the type is not possible, because it only exists in the CLIENT environment. The recommended fix is to annotate the method with this argument or return type with the same annotation. Lithium handles this error by assuming the class cannot be included in some optimizations.
[02:18:11] [main/WARN]: Lithium Class Analysis Error: Class de.mrjulsen.crn.block.AbstractAdvancedDisplayBlock cannot be analysed, because getting declared methods crashes with NoClassDefFoundError: net/minecraft/class_322. This is usually caused by modded entities declaring methods that have a return type or parameter type that is annotated with @Environment(value=EnvType.CLIENT). Loading the type is not possible, because it only exists in the CLIENT environment. The recommended fix is to annotate the method with this argument or return type with the same annotation. Lithium handles this error by assuming the class cannot be included in some optimizations.
[02:18:11] [main/WARN]: Lithium Class Analysis Error: Class de.mrjulsen.crn.block.AbstractAdvancedDisplayBlock cannot be analysed, because getting declared methods crashes with NoClassDefFoundError: net/minecraft/class_322. This is usually caused by modded entities declaring methods that have a return type or parameter type that is annotated with @Environment(value=EnvType.CLIENT). Loading the type is not possible, because it only exists in the CLIENT environment. The recommended fix is to annotate the method with this argument or return type with the same annotation. Lithium handles this error by assuming the class cannot be included in some optimizations.
[02:18:11] [main/WARN]: Lithium Class Analysis Error: Class de.mrjulsen.crn.block.AbstractAdvancedDisplayBlock cannot be analysed, because getting declared methods crashes with NoClassDefFoundError: net/minecraft/class_322. This is usually caused by modded entities declaring methods that have a return type or parameter type that is annotated with @Environment(value=EnvType.CLIENT). Loading the type is not possible, because it only exists in the CLIENT environment. The recommended fix is to annotate the method with this argument or return type with the same annotation. Lithium handles this error by assuming the class cannot be included in some optimizations.
[02:18:11] [main/WARN]: Lithium Class Analysis Error: Class de.mrjulsen.crn.block.AbstractAdvancedDisplayBlock cannot be analysed, because getting declared methods crashes with NoClassDefFoundError: net/minecraft/class_322. This is usually caused by modded entities declaring methods that have a return type or parameter type that is annotated with @Environment(value=EnvType.CLIENT). Loading the type is not possible, because it only exists in the CLIENT environment. The recommended fix is to annotate the method with this argument or return type with the same annotation. Lithium handles this error by assuming the class cannot be included in some optimizations.
[02:18:11] [main/WARN]: Lithium Class Analysis Error: Class de.mrjulsen.crn.block.AbstractAdvancedDisplayBlock cannot be analysed, because getting declared methods crashes with NoClassDefFoundError: net/minecraft/class_322. This is usually caused by modded entities declaring methods that have a return type or parameter type that is annotated with @Environment(value=EnvType.CLIENT). Loading the type is not possible, because it only exists in the CLIENT environment. The recommended fix is to annotate the method with this argument or return type with the same annotation. Lithium handles this error by assuming the class cannot be included in some optimizations.
[02:18:11] [main/WARN]: Lithium Class Analysis Error: Class de.mrjulsen.crn.block.AbstractAdvancedDisplayBlock cannot be analysed, because getting declared methods crashes with NoClassDefFoundError: net/minecraft/class_322. This is usually caused by modded entities declaring methods that have a return type or parameter type that is annotated with @Environment(value=EnvType.CLIENT). Loading the type is not possible, because it only exists in the CLIENT environment. The recommended fix is to annotate the method with this argument or return type with the same annotation. Lithium handles this error by assuming the class cannot be included in some optimizations.
[02:18:11] [main/WARN]: Lithium Class Analysis Error: Class de.mrjulsen.crn.block.AbstractAdvancedDisplayBlock cannot be analysed, because getting declared methods crashes with NoClassDefFoundError: net/minecraft/class_322. This is usually caused by modded entities declaring methods that have a return type or parameter type that is annotated with @Environment(value=EnvType.CLIENT). Loading the type is not possible, because it only exists in the CLIENT environment. The recommended fix is to annotate the method with this argument or return type with the same annotation. Lithium handles this error by assuming the class cannot be included in some optimizations.
[02:18:11] [main/WARN]: Lithium Class Analysis Error: Class de.mrjulsen.crn.block.AbstractAdvancedDisplayBlock cannot be analysed, because getting declared methods crashes with NoClassDefFoundError: net/minecraft/class_322. This is usually caused by modded entities declaring methods that have a return type or parameter type that is annotated with @Environment(value=EnvType.CLIENT). Loading the type is not possible, because it only exists in the CLIENT environment. The recommended fix is to annotate the method with this argument or return type with the same annotation. Lithium handles this error by assuming the class cannot be included in some optimizations.
[02:18:11] [main/WARN]: Lithium Class Analysis Error: Class de.mrjulsen.crn.block.AbstractAdvancedDisplayBlock cannot be analysed, because getting declared methods crashes with NoClassDefFoundError: net/minecraft/class_322. This is usually caused by modded entities declaring methods that have a return type or parameter type that is annotated with @Environment(value=EnvType.CLIENT). Loading the type is not possible, because it only exists in the CLIENT environment. The recommended fix is to annotate the method with this argument or return type with the same annotation. Lithium handles this error by assuming the class cannot be included in some optimizations.
[02:18:11] [main/WARN]: Lithium Class Analysis Error: Class de.mrjulsen.crn.block.AbstractAdvancedDisplayBlock cannot be analysed, because getting declared methods crashes with NoClassDefFoundError: net/minecraft/class_322. This is usually caused by modded entities declaring methods that have a return type or parameter type that is annotated with @Environment(value=EnvType.CLIENT). Loading the type is not possible, because it only exists in the CLIENT environment. The recommended fix is to annotate the method with this argument or return type with the same annotation. Lithium handles this error by assuming the class cannot be included in some optimizations.
[02:18:11] [main/WARN]: Lithium Class Analysis Error: Class de.mrjulsen.crn.block.AbstractAdvancedDisplayBlock cannot be analysed, because getting declared methods crashes with NoClassDefFoundError: net/minecraft/class_322. This is usually caused by modded entities declaring methods that have a return type or parameter type that is annotated with @Environment(value=EnvType.CLIENT). Loading the type is not possible, because it only exists in the CLIENT environment. The recommended fix is to annotate the method with this argument or return type with the same annotation. Lithium handles this error by assuming the class cannot be included in some optimizations.
[02:18:11] [main/WARN]: Lithium Class Analysis Error: Class de.mrjulsen.crn.block.AbstractAdvancedDisplayBlock cannot be analysed, because getting declared methods crashes with NoClassDefFoundError: net/minecraft/class_322. This is usually caused by modded entities declaring methods that have a return type or parameter type that is annotated with @Environment(value=EnvType.CLIENT). Loading the type is not possible, because it only exists in the CLIENT environment. The recommended fix is to annotate the method with this argument or return type with the same annotation. Lithium handles this error by assuming the class cannot be included in some optimizations.
[02:18:11] [main/WARN]: Lithium Class Analysis Error: Class de.mrjulsen.crn.block.AbstractAdvancedDisplayBlock cannot be analysed, because getting declared methods crashes with NoClassDefFoundError: net/minecraft/class_322. This is usually caused by modded entities declaring methods that have a return type or parameter type that is annotated with @Environment(value=EnvType.CLIENT). Loading the type is not possible, because it only exists in the CLIENT environment. The recommended fix is to annotate the method with this argument or return type with the same annotation. Lithium handles this error by assuming the class cannot be included in some optimizations.
[02:18:11] [main/WARN]: Lithium Class Analysis Error: Class de.mrjulsen.crn.block.AbstractAdvancedDisplayBlock cannot be analysed, because getting declared methods crashes with NoClassDefFoundError: net/minecraft/class_322. This is usually caused by modded entities declaring methods that have a return type or parameter type that is annotated with @Environment(value=EnvType.CLIENT). Loading the type is not possible, because it only exists in the CLIENT environment. The recommended fix is to annotate the method with this argument or return type with the same annotation. Lithium handles this error by assuming the class cannot be included in some optimizations.
[02:18:11] [main/WARN]: Lithium Class Analysis Error: Class de.mrjulsen.crn.block.AbstractAdvancedDisplayBlock cannot be analysed, because getting declared methods crashes with NoClassDefFoundError: net/minecraft/class_322. This is usually caused by modded entities declaring methods that have a return type or parameter type that is annotated with @Environment(value=EnvType.CLIENT). Loading the type is not possible, because it only exists in the CLIENT environment. The recommended fix is to annotate the method with this argument or return type with the same annotation. Lithium handles this error by assuming the class cannot be included in some optimizations.
[02:18:11] [main/WARN]: Lithium Class Analysis Error: Class de.mrjulsen.crn.block.AbstractAdvancedDisplayBlock cannot be analysed, because getting declared methods crashes with NoClassDefFoundError: net/minecraft/class_322. This is usually caused by modded entities declaring methods that have a return type or parameter type that is annotated with @Environment(value=EnvType.CLIENT). Loading the type is not possible, because it only exists in the CLIENT environment. The recommended fix is to annotate the method with this argument or return type with the same annotation. Lithium handles this error by assuming the class cannot be included in some optimizations.
[02:18:11] [main/WARN]: Lithium Class Analysis Error: Class de.mrjulsen.crn.block.AbstractAdvancedDisplayBlock cannot be analysed, because getting declared methods crashes with NoClassDefFoundError: net/minecraft/class_322. This is usually caused by modded entities declaring methods that have a return type or parameter type that is annotated with @Environment(value=EnvType.CLIENT). Loading the type is not possible, because it only exists in the CLIENT environment. The recommended fix is to annotate the method with this argument or return type with the same annotation. Lithium handles this error by assuming the class cannot be included in some optimizations.
[02:18:11] [main/WARN]: Lithium Class Analysis Error: Class de.mrjulsen.crn.block.AbstractAdvancedDisplayBlock cannot be analysed, because getting declared methods crashes with NoClassDefFoundError: net/minecraft/class_322. This is usually caused by modded entities declaring methods that have a return type or parameter type that is annotated with @Environment(value=EnvType.CLIENT). Loading the type is not possible, because it only exists in the CLIENT environment. The recommended fix is to annotate the method with this argument or return type with the same annotation. Lithium handles this error by assuming the class cannot be included in some optimizations.
[02:18:11] [main/WARN]: Lithium Class Analysis Error: Class de.mrjulsen.crn.block.AbstractAdvancedDisplayBlock cannot be analysed, because getting declared methods crashes with NoClassDefFoundError: net/minecraft/class_322. This is usually caused by modded entities declaring methods that have a return type or parameter type that is annotated with @Environment(value=EnvType.CLIENT). Loading the type is not possible, because it only exists in the CLIENT environment. The recommended fix is to annotate the method with this argument or return type with the same annotation. Lithium handles this error by assuming the class cannot be included in some optimizations.
[02:18:11] [main/WARN]: Lithium Class Analysis Error: Class de.mrjulsen.crn.block.AbstractAdvancedDisplayBlock cannot be analysed, because getting declared methods crashes with NoClassDefFoundError: net/minecraft/class_322. This is usually caused by modded entities declaring methods that have a return type or parameter type that is annotated with @Environment(value=EnvType.CLIENT). Loading the type is not possible, because it only exists in the CLIENT environment. The recommended fix is to annotate the method with this argument or return type with the same annotation. Lithium handles this error by assuming the class cannot be included in some optimizations.
[02:18:11] [main/WARN]: Lithium Class Analysis Error: Class de.mrjulsen.crn.block.AbstractAdvancedDisplayBlock cannot be analysed, because getting declared methods crashes with NoClassDefFoundError: net/minecraft/class_322. This is usually caused by modded entities declaring methods that have a return type or parameter type that is annotated with @Environment(value=EnvType.CLIENT). Loading the type is not possible, because it only exists in the CLIENT environment. The recommended fix is to annotate the method with this argument or return type with the same annotation. Lithium handles this error by assuming the class cannot be included in some optimizations.
[02:18:11] [main/WARN]: Lithium Class Analysis Error: Class de.mrjulsen.crn.block.AbstractAdvancedDisplayBlock cannot be analysed, because getting declared methods crashes with NoClassDefFoundError: net/minecraft/class_322. This is usually caused by modded entities declaring methods that have a return type or parameter type that is annotated with @Environment(value=EnvType.CLIENT). Loading the type is not possible, because it only exists in the CLIENT environment. The recommended fix is to annotate the method with this argument or return type with the same annotation. Lithium handles this error by assuming the class cannot be included in some optimizations.
[02:18:11] [main/WARN]: Lithium Class Analysis Error: Class de.mrjulsen.crn.block.AbstractAdvancedDisplayBlock cannot be analysed, because getting declared methods crashes with NoClassDefFoundError: net/minecraft/class_322. This is usually caused by modded entities declaring methods that have a return type or parameter type that is annotated with @Environment(value=EnvType.CLIENT). Loading the type is not possible, because it only exists in the CLIENT environment. The recommended fix is to annotate the method with this argument or return type with the same annotation. Lithium handles this error by assuming the class cannot be included in some optimizations.
[02:18:11] [main/WARN]: Lithium Class Analysis Error: Class de.mrjulsen.crn.block.AbstractAdvancedDisplayBlock cannot be analysed, because getting declared methods crashes with NoClassDefFoundError: net/minecraft/class_322. This is usually caused by modded entities declaring methods that have a return type or parameter type that is annotated with @Environment(value=EnvType.CLIENT). Loading the type is not possible, because it only exists in the CLIENT environment. The recommended fix is to annotate the method with this argument or return type with the same annotation. Lithium handles this error by assuming the class cannot be included in some optimizations.
[02:18:11] [main/WARN]: Lithium Class Analysis Error: Class de.mrjulsen.crn.block.AbstractAdvancedDisplayBlock cannot be analysed, because getting declared methods crashes with NoClassDefFoundError: net/minecraft/class_322. This is usually caused by modded entities declaring methods that have a return type or parameter type that is annotated with @Environment(value=EnvType.CLIENT). Loading the type is not possible, because it only exists in the CLIENT environment. The recommended fix is to annotate the method with this argument or return type with the same annotation. Lithium handles this error by assuming the class cannot be included in some optimizations.
[02:18:11] [main/WARN]: Lithium Class Analysis Error: Class de.mrjulsen.crn.block.AbstractAdvancedDisplayBlock cannot be analysed, because getting declared methods crashes with NoClassDefFoundError: net/minecraft/class_322. This is usually caused by modded entities declaring methods that have a return type or parameter type that is annotated with @Environment(value=EnvType.CLIENT). Loading the type is not possible, because it only exists in the CLIENT environment. The recommended fix is to annotate the method with this argument or return type with the same annotation. Lithium handles this error by assuming the class cannot be included in some optimizations.
[02:18:11] [main/WARN]: Lithium Class Analysis Error: Class de.mrjulsen.crn.block.AbstractAdvancedDisplayBlock cannot be analysed, because getting declared methods crashes with NoClassDefFoundError: net/minecraft/class_322. This is usually caused by modded entities declaring methods that have a return type or parameter type that is annotated with @Environment(value=EnvType.CLIENT). Loading the type is not possible, because it only exists in the CLIENT environment. The recommended fix is to annotate the method with this argument or return type with the same annotation. Lithium handles this error by assuming the class cannot be included in some optimizations.
[02:18:11] [main/WARN]: Lithium Class Analysis Error: Class de.mrjulsen.crn.block.AbstractAdvancedDisplayBlock cannot be analysed, because getting declared methods crashes with NoClassDefFoundError: net/minecraft/class_322. This is usually caused by modded entities declaring methods that have a return type or parameter type that is annotated with @Environment(value=EnvType.CLIENT). Loading the type is not possible, because it only exists in the CLIENT environment. The recommended fix is to annotate the method with this argument or return type with the same annotation. Lithium handles this error by assuming the class cannot be included in some optimizations.
[02:18:11] [main/WARN]: Lithium Class Analysis Error: Class de.mrjulsen.crn.block.AbstractAdvancedDisplayBlock cannot be analysed, because getting declared methods crashes with NoClassDefFoundError: net/minecraft/class_322. This is usually caused by modded entities declaring methods that have a return type or parameter type that is annotated with @Environment(value=EnvType.CLIENT). Loading the type is not possible, because it only exists in the CLIENT environment. The recommended fix is to annotate the method with this argument or return type with the same annotation. Lithium handles this error by assuming the class cannot be included in some optimizations.
[02:18:11] [main/WARN]: Lithium Class Analysis Error: Class de.mrjulsen.crn.block.AbstractAdvancedDisplayBlock cannot be analysed, because getting declared methods crashes with NoClassDefFoundError: net/minecraft/class_322. This is usually caused by modded entities declaring methods that have a return type or parameter type that is annotated with @Environment(value=EnvType.CLIENT). Loading the type is not possible, because it only exists in the CLIENT environment. The recommended fix is to annotate the method with this argument or return type with the same annotation. Lithium handles this error by assuming the class cannot be included in some optimizations.
[02:18:11] [main/WARN]: Lithium Class Analysis Error: Class de.mrjulsen.crn.block.AbstractAdvancedDisplayBlock cannot be analysed, because getting declared methods crashes with NoClassDefFoundError: net/minecraft/class_322. This is usually caused by modded entities declaring methods that have a return type or parameter type that is annotated with @Environment(value=EnvType.CLIENT). Loading the type is not possible, because it only exists in the CLIENT environment. The recommended fix is to annotate the method with this argument or return type with the same annotation. Lithium handles this error by assuming the class cannot be included in some optimizations.
[02:18:11] [main/WARN]: Lithium Class Analysis Error: Class de.mrjulsen.crn.block.AbstractAdvancedDisplayBlock cannot be analysed, because getting declared methods crashes with NoClassDefFoundError: net/minecraft/class_322. This is usually caused by modded entities declaring methods that have a return type or parameter type that is annotated with @Environment(value=EnvType.CLIENT). Loading the type is not possible, because it only exists in the CLIENT environment. The recommended fix is to annotate the method with this argument or return type with the same annotation. Lithium handles this error by assuming the class cannot be included in some optimizations.
[02:18:11] [main/WARN]: Lithium Class Analysis Error: Class de.mrjulsen.crn.block.AbstractAdvancedDisplayBlock cannot be analysed, because getting declared methods crashes with NoClassDefFoundError: net/minecraft/class_322. This is usually caused by modded entities declaring methods that have a return type or parameter type that is annotated with @Environment(value=EnvType.CLIENT). Loading the type is not possible, because it only exists in the CLIENT environment. The recommended fix is to annotate the method with this argument or return type with the same annotation. Lithium handles this error by assuming the class cannot be included in some optimizations.
[02:18:11] [main/WARN]: Lithium Class Analysis Error: Class de.mrjulsen.crn.block.AbstractAdvancedDisplayBlock cannot be analysed, because getting declared methods crashes with NoClassDefFoundError: net/minecraft/class_322. This is usually caused by modded entities declaring methods that have a return type or parameter type that is annotated with @Environment(value=EnvType.CLIENT). Loading the type is not possible, because it only exists in the CLIENT environment. The recommended fix is to annotate the method with this argument or return type with the same annotation. Lithium handles this error by assuming the class cannot be included in some optimizations.
[02:18:11] [main/WARN]: Lithium Class Analysis Error: Class de.mrjulsen.crn.block.AbstractAdvancedDisplayBlock cannot be analysed, because getting declared methods crashes with NoClassDefFoundError: net/minecraft/class_322. This is usually caused by modded entities declaring methods that have a return type or parameter type that is annotated with @Environment(value=EnvType.CLIENT). Loading the type is not possible, because it only exists in the CLIENT environment. The recommended fix is to annotate the method with this argument or return type with the same annotation. Lithium handles this error by assuming the class cannot be included in some optimizations.
[02:18:11] [main/WARN]: Lithium Class Analysis Error: Class de.mrjulsen.crn.block.AbstractAdvancedDisplayBlock cannot be analysed, because getting declared methods crashes with NoClassDefFoundError: net/minecraft/class_322. This is usually caused by modded entities declaring methods that have a return type or parameter type that is annotated with @Environment(value=EnvType.CLIENT). Loading the type is not possible, because it only exists in the CLIENT environment. The recommended fix is to annotate the method with this argument or return type with the same annotation. Lithium handles this error by assuming the class cannot be included in some optimizations.
[02:18:11] [main/WARN]: Lithium Class Analysis Error: Class de.mrjulsen.crn.block.AbstractAdvancedDisplayBlock cannot be analysed, because getting declared methods crashes with NoClassDefFoundError: net/minecraft/class_322. This is usually caused by modded entities declaring methods that have a return type or parameter type that is annotated with @Environment(value=EnvType.CLIENT). Loading the type is not possible, because it only exists in the CLIENT environment. The recommended fix is to annotate the method with this argument or return type with the same annotation. Lithium handles this error by assuming the class cannot be included in some optimizations.
[02:18:11] [main/WARN]: Lithium Class Analysis Error: Class de.mrjulsen.crn.block.AbstractAdvancedDisplayBlock cannot be analysed, because getting declared methods crashes with NoClassDefFoundError: net/minecraft/class_322. This is usually caused by modded entities declaring methods that have a return type or parameter type that is annotated with @Environment(value=EnvType.CLIENT). Loading the type is not possible, because it only exists in the CLIENT environment. The recommended fix is to annotate the method with this argument or return type with the same annotation. Lithium handles this error by assuming the class cannot be included in some optimizations.
[02:18:11] [main/WARN]: Lithium Class Analysis Error: Class de.mrjulsen.crn.block.AbstractAdvancedDisplayBlock cannot be analysed, because getting declared methods crashes with NoClassDefFoundError: net/minecraft/class_322. This is usually caused by modded entities declaring methods that have a return type or parameter type that is annotated with @Environment(value=EnvType.CLIENT). Loading the type is not possible, because it only exists in the CLIENT environment. The recommended fix is to annotate the method with this argument or return type with the same annotation. Lithium handles this error by assuming the class cannot be included in some optimizations.
[02:18:11] [main/WARN]: Lithium Class Analysis Error: Class de.mrjulsen.crn.block.AbstractAdvancedDisplayBlock cannot be analysed, because getting declared methods crashes with NoClassDefFoundError: net/minecraft/class_322. This is usually caused by modded entities declaring methods that have a return type or parameter type that is annotated with @Environment(value=EnvType.CLIENT). Loading the type is not possible, because it only exists in the CLIENT environment. The recommended fix is to annotate the method with this argument or return type with the same annotation. Lithium handles this error by assuming the class cannot be included in some optimizations.
[02:18:11] [main/WARN]: Lithium Class Analysis Error: Class de.mrjulsen.crn.block.AbstractAdvancedDisplayBlock cannot be analysed, because getting declared methods crashes with NoClassDefFoundError: net/minecraft/class_322. This is usually caused by modded entities declaring methods that have a return type or parameter type that is annotated with @Environment(value=EnvType.CLIENT). Loading the type is not possible, because it only exists in the CLIENT environment. The recommended fix is to annotate the method with this argument or return type with the same annotation. Lithium handles this error by assuming the class cannot be included in some optimizations.
[02:18:11] [main/WARN]: Lithium Class Analysis Error: Class de.mrjulsen.crn.block.AbstractAdvancedDisplayBlock cannot be analysed, because getting declared methods crashes with NoClassDefFoundError: net/minecraft/class_322. This is usually caused by modded entities declaring methods that have a return type or parameter type that is annotated with @Environment(value=EnvType.CLIENT). Loading the type is not possible, because it only exists in the CLIENT environment. The recommended fix is to annotate the method with this argument or return type with the same annotation. Lithium handles this error by assuming the class cannot be included in some optimizations.
[02:18:11] [main/WARN]: Lithium Class Analysis Error: Class de.mrjulsen.crn.block.AbstractAdvancedDisplayBlock cannot be analysed, because getting declared methods crashes with NoClassDefFoundError: net/minecraft/class_322. This is usually caused by modded entities declaring methods that have a return type or parameter type that is annotated with @Environment(value=EnvType.CLIENT). Loading the type is not possible, because it only exists in the CLIENT environment. The recommended fix is to annotate the method with this argument or return type with the same annotation. Lithium handles this error by assuming the class cannot be included in some optimizations.
[02:18:11] [main/WARN]: Lithium Class Analysis Error: Class de.mrjulsen.crn.block.AbstractAdvancedDisplayBlock cannot be analysed, because getting declared methods crashes with NoClassDefFoundError: net/minecraft/class_322. This is usually caused by modded entities declaring methods that have a return type or parameter type that is annotated with @Environment(value=EnvType.CLIENT). Loading the type is not possible, because it only exists in the CLIENT environment. The recommended fix is to annotate the method with this argument or return type with the same annotation. Lithium handles this error by assuming the class cannot be included in some optimizations.
[02:18:11] [main/WARN]: Lithium Class Analysis Error: Class de.mrjulsen.crn.block.AbstractAdvancedDisplayBlock cannot be analysed, because getting declared methods crashes with NoClassDefFoundError: net/minecraft/class_322. This is usually caused by modded entities declaring methods that have a return type or parameter type that is annotated with @Environment(value=EnvType.CLIENT). Loading the type is not possible, because it only exists in the CLIENT environment. The recommended fix is to annotate the method with this argument or return type with the same annotation. Lithium handles this error by assuming the class cannot be included in some optimizations.
[02:18:11] [main/WARN]: Lithium Class Analysis Error: Class de.mrjulsen.crn.block.AbstractAdvancedDisplayBlock cannot be analysed, because getting declared methods crashes with NoClassDefFoundError: net/minecraft/class_322. This is usually caused by modded entities declaring methods that have a return type or parameter type that is annotated with @Environment(value=EnvType.CLIENT). Loading the type is not possible, because it only exists in the CLIENT environment. The recommended fix is to annotate the method with this argument or return type with the same annotation. Lithium handles this error by assuming the class cannot be included in some optimizations.
[02:18:11] [main/WARN]: Lithium Class Analysis Error: Class de.mrjulsen.crn.block.AbstractAdvancedDisplayBlock cannot be analysed, because getting declared methods crashes with NoClassDefFoundError: net/minecraft/class_322. This is usually caused by modded entities declaring methods that have a return type or parameter type that is annotated with @Environment(value=EnvType.CLIENT). Loading the type is not possible, because it only exists in the CLIENT environment. The recommended fix is to annotate the method with this argument or return type with the same annotation. Lithium handles this error by assuming the class cannot be included in some optimizations.
[02:18:11] [main/WARN]: Lithium Class Analysis Error: Class de.mrjulsen.crn.block.AbstractAdvancedDisplayBlock cannot be analysed, because getting declared methods crashes with NoClassDefFoundError: net/minecraft/class_322. This is usually caused by modded entities declaring methods that have a return type or parameter type that is annotated with @Environment(value=EnvType.CLIENT). Loading the type is not possible, because it only exists in the CLIENT environment. The recommended fix is to annotate the method with this argument or return type with the same annotation. Lithium handles this error by assuming the class cannot be included in some optimizations.
[02:18:11] [main/WARN]: Lithium Class Analysis Error: Class de.mrjulsen.crn.block.AbstractAdvancedDisplayBlock cannot be analysed, because getting declared methods crashes with NoClassDefFoundError: net/minecraft/class_322. This is usually caused by modded entities declaring methods that have a return type or parameter type that is annotated with @Environment(value=EnvType.CLIENT). Loading the type is not possible, because it only exists in the CLIENT environment. The recommended fix is to annotate the method with this argument or return type with the same annotation. Lithium handles this error by assuming the class cannot be included in some optimizations.
[02:18:11] [main/WARN]: Lithium Class Analysis Error: Class de.mrjulsen.crn.block.AbstractAdvancedDisplayBlock cannot be analysed, because getting declared methods crashes with NoClassDefFoundError: net/minecraft/class_322. This is usually caused by modded entities declaring methods that have a return type or parameter type that is annotated with @Environment(value=EnvType.CLIENT). Loading the type is not possible, because it only exists in the CLIENT environment. The recommended fix is to annotate the method with this argument or return type with the same annotation. Lithium handles this error by assuming the class cannot be included in some optimizations.
[02:18:11] [main/WARN]: Lithium Class Analysis Error: Class de.mrjulsen.crn.block.AbstractAdvancedDisplayBlock cannot be analysed, because getting declared methods crashes with NoClassDefFoundError: net/minecraft/class_322. This is usually caused by modded entities declaring methods that have a return type or parameter type that is annotated with @Environment(value=EnvType.CLIENT). Loading the type is not possible, because it only exists in the CLIENT environment. The recommended fix is to annotate the method with this argument or return type with the same annotation. Lithium handles this error by assuming the class cannot be included in some optimizations.
[02:18:11] [main/WARN]: Lithium Class Analysis Error: Class de.mrjulsen.crn.block.AbstractAdvancedDisplayBlock cannot be analysed, because getting declared methods crashes with NoClassDefFoundError: net/minecraft/class_322. This is usually caused by modded entities declaring methods that have a return type or parameter type that is annotated with @Environment(value=EnvType.CLIENT). Loading the type is not possible, because it only exists in the CLIENT environment. The recommended fix is to annotate the method with this argument or return type with the same annotation. Lithium handles this error by assuming the class cannot be included in some optimizations.
[02:18:11] [main/WARN]: Lithium Class Analysis Error: Class de.mrjulsen.crn.block.AbstractAdvancedDisplayBlock cannot be analysed, because getting declared methods crashes with NoClassDefFoundError: net/minecraft/class_322. This is usually caused by modded entities declaring methods that have a return type or parameter type that is annotated with @Environment(value=EnvType.CLIENT). Loading the type is not possible, because it only exists in the CLIENT environment. The recommended fix is to annotate the method with this argument or return type with the same annotation. Lithium handles this error by assuming the class cannot be included in some optimizations.
[02:18:11] [main/WARN]: Lithium Class Analysis Error: Class de.mrjulsen.crn.block.AbstractAdvancedDisplayBlock cannot be analysed, because getting declared methods crashes with NoClassDefFoundError: net/minecraft/class_322. This is usually caused by modded entities declaring methods that have a return type or parameter type that is annotated with @Environment(value=EnvType.CLIENT). Loading the type is not possible, because it only exists in the CLIENT environment. The recommended fix is to annotate the method with this argument or return type with the same annotation. Lithium handles this error by assuming the class cannot be included in some optimizations.
[02:18:11] [main/WARN]: Lithium Class Analysis Error: Class de.mrjulsen.crn.block.AbstractAdvancedDisplayBlock cannot be analysed, because getting declared methods crashes with NoClassDefFoundError: net/minecraft/class_322. This is usually caused by modded entities declaring methods that have a return type or parameter type that is annotated with @Environment(value=EnvType.CLIENT). Loading the type is not possible, because it only exists in the CLIENT environment. The recommended fix is to annotate the method with this argument or return type with the same annotation. Lithium handles this error by assuming the class cannot be included in some optimizations.
[02:18:11] [main/WARN]: Lithium Class Analysis Error: Class de.mrjulsen.crn.block.AbstractAdvancedDisplayBlock cannot be analysed, because getting declared methods crashes with NoClassDefFoundError: net/minecraft/class_322. This is usually caused by modded entities declaring methods that have a return type or parameter type that is annotated with @Environment(value=EnvType.CLIENT). Loading the type is not possible, because it only exists in the CLIENT environment. The recommended fix is to annotate the method with this argument or return type with the same annotation. Lithium handles this error by assuming the class cannot be included in some optimizations.
[02:18:11] [main/WARN]: Lithium Class Analysis Error: Class de.mrjulsen.crn.block.AbstractAdvancedDisplayBlock cannot be analysed, because getting declared methods crashes with NoClassDefFoundError: net/minecraft/class_322. This is usually caused by modded entities declaring methods that have a return type or parameter type that is annotated with @Environment(value=EnvType.CLIENT). Loading the type is not possible, because it only exists in the CLIENT environment. The recommended fix is to annotate the method with this argument or return type with the same annotation. Lithium handles this error by assuming the class cannot be included in some optimizations.
[02:18:11] [main/WARN]: Lithium Class Analysis Error: Class de.mrjulsen.crn.block.AbstractAdvancedDisplayBlock cannot be analysed, because getting declared methods crashes with NoClassDefFoundError: net/minecraft/class_322. This is usually caused by modded entities declaring methods that have a return type or parameter type that is annotated with @Environment(value=EnvType.CLIENT). Loading the type is not possible, because it only exists in the CLIENT environment. The recommended fix is to annotate the method with this argument or return type with the same annotation. Lithium handles this error by assuming the class cannot be included in some optimizations.
[02:18:11] [main/WARN]: Lithium Class Analysis Error: Class de.mrjulsen.crn.block.AbstractAdvancedDisplayBlock cannot be analysed, because getting declared methods crashes with NoClassDefFoundError: net/minecraft/class_322. This is usually caused by modded entities declaring methods that have a return type or parameter type that is annotated with @Environment(value=EnvType.CLIENT). Loading the type is not possible, because it only exists in the CLIENT environment. The recommended fix is to annotate the method with this argument or return type with the same annotation. Lithium handles this error by assuming the class cannot be included in some optimizations.
[02:18:11] [main/WARN]: Lithium Class Analysis Error: Class de.mrjulsen.crn.block.AbstractAdvancedDisplayBlock cannot be analysed, because getting declared methods crashes with NoClassDefFoundError: net/minecraft/class_322. This is usually caused by modded entities declaring methods that have a return type or parameter type that is annotated with @Environment(value=EnvType.CLIENT). Loading the type is not possible, because it only exists in the CLIENT environment. The recommended fix is to annotate the method with this argument or return type with the same annotation. Lithium handles this error by assuming the class cannot be included in some optimizations.
[02:18:11] [main/WARN]: Lithium Class Analysis Error: Class de.mrjulsen.crn.block.AbstractAdvancedDisplayBlock cannot be analysed, because getting declared methods crashes with NoClassDefFoundError: net/minecraft/class_322. This is usually caused by modded entities declaring methods that have a return type or parameter type that is annotated with @Environment(value=EnvType.CLIENT). Loading the type is not possible, because it only exists in the CLIENT environment. The recommended fix is to annotate the method with this argument or return type with the same annotation. Lithium handles this error by assuming the class cannot be included in some optimizations.
[02:18:11] [main/WARN]: Lithium Class Analysis Error: Class de.mrjulsen.crn.block.AbstractAdvancedDisplayBlock cannot be analysed, because getting declared methods crashes with NoClassDefFoundError: net/minecraft/class_322. This is usually caused by modded entities declaring methods that have a return type or parameter type that is annotated with @Environment(value=EnvType.CLIENT). Loading the type is not possible, because it only exists in the CLIENT environment. The recommended fix is to annotate the method with this argument or return type with the same annotation. Lithium handles this error by assuming the class cannot be included in some optimizations.
[02:18:11] [main/WARN]: Lithium Class Analysis Error: Class de.mrjulsen.crn.block.AbstractAdvancedDisplayBlock cannot be analysed, because getting declared methods crashes with NoClassDefFoundError: net/minecraft/class_322. This is usually caused by modded entities declaring methods that have a return type or parameter type that is annotated with @Environment(value=EnvType.CLIENT). Loading the type is not possible, because it only exists in the CLIENT environment. The recommended fix is to annotate the method with this argument or return type with the same annotation. Lithium handles this error by assuming the class cannot be included in some optimizations.
[02:18:11] [main/WARN]: Lithium Class Analysis Error: Class de.mrjulsen.crn.block.AbstractAdvancedDisplayBlock cannot be analysed, because getting declared methods crashes with NoClassDefFoundError: net/minecraft/class_322. This is usually caused by modded entities declaring methods that have a return type or parameter type that is annotated with @Environment(value=EnvType.CLIENT). Loading the type is not possible, because it only exists in the CLIENT environment. The recommended fix is to annotate the method with this argument or return type with the same annotation. Lithium handles this error by assuming the class cannot be included in some optimizations.
[02:18:11] [main/WARN]: Lithium Class Analysis Error: Class de.mrjulsen.crn.block.AbstractAdvancedDisplayBlock cannot be analysed, because getting declared methods crashes with NoClassDefFoundError: net/minecraft/class_322. This is usually caused by modded entities declaring methods that have a return type or parameter type that is annotated with @Environment(value=EnvType.CLIENT). Loading the type is not possible, because it only exists in the CLIENT environment. The recommended fix is to annotate the method with this argument or return type with the same annotation. Lithium handles this error by assuming the class cannot be included in some optimizations.
[02:18:11] [main/WARN]: Lithium Class Analysis Error: Class de.mrjulsen.crn.block.AbstractAdvancedDisplayBlock cannot be analysed, because getting declared methods crashes with NoClassDefFoundError: net/minecraft/class_322. This is usually caused by modded entities declaring methods that have a return type or parameter type that is annotated with @Environment(value=EnvType.CLIENT). Loading the type is not possible, because it only exists in the CLIENT environment. The recommended fix is to annotate the method with this argument or return type with the same annotation. Lithium handles this error by assuming the class cannot be included in some optimizations.
[02:18:11] [main/WARN]: Lithium Class Analysis Error: Class de.mrjulsen.crn.block.AbstractAdvancedDisplayBlock cannot be analysed, because getting declared methods crashes with NoClassDefFoundError: net/minecraft/class_322. This is usually caused by modded entities declaring methods that have a return type or parameter type that is annotated with @Environment(value=EnvType.CLIENT). Loading the type is not possible, because it only exists in the CLIENT environment. The recommended fix is to annotate the method with this argument or return type with the same annotation. Lithium handles this error by assuming the class cannot be included in some optimizations.
[02:18:11] [main/WARN]: Lithium Class Analysis Error: Class de.mrjulsen.crn.block.AbstractAdvancedDisplayBlock cannot be analysed, because getting declared methods crashes with NoClassDefFoundError: net/minecraft/class_322. This is usually caused by modded entities declaring methods that have a return type or parameter type that is annotated with @Environment(value=EnvType.CLIENT). Loading the type is not possible, because it only exists in the CLIENT environment. The recommended fix is to annotate the method with this argument or return type with the same annotation. Lithium handles this error by assuming the class cannot be included in some optimizations.
[02:18:11] [main/WARN]: Lithium Class Analysis Error: Class de.mrjulsen.crn.block.AbstractAdvancedDisplayBlock cannot be analysed, because getting declared methods crashes with NoClassDefFoundError: net/minecraft/class_322. This is usually caused by modded entities declaring methods that have a return type or parameter type that is annotated with @Environment(value=EnvType.CLIENT). Loading the type is not possible, because it only exists in the CLIENT environment. The recommended fix is to annotate the method with this argument or return type with the same annotation. Lithium handles this error by assuming the class cannot be included in some optimizations.
[02:18:11] [main/WARN]: Lithium Class Analysis Error: Class de.mrjulsen.crn.block.AbstractAdvancedDisplayBlock cannot be analysed, because getting declared methods crashes with NoClassDefFoundError: net/minecraft/class_322. This is usually caused by modded entities declaring methods that have a return type or parameter type that is annotated with @Environment(value=EnvType.CLIENT). Loading the type is not possible, because it only exists in the CLIENT environment. The recommended fix is to annotate the method with this argument or return type with the same annotation. Lithium handles this error by assuming the class cannot be included in some optimizations.
[02:18:11] [main/WARN]: Lithium Class Analysis Error: Class de.mrjulsen.crn.block.AbstractAdvancedDisplayBlock cannot be analysed, because getting declared methods crashes with NoClassDefFoundError: net/minecraft/class_322. This is usually caused by modded entities declaring methods that have a return type or parameter type that is annotated with @Environment(value=EnvType.CLIENT). Loading the type is not possible, because it only exists in the CLIENT environment. The recommended fix is to annotate the method with this argument or return type with the same annotation. Lithium handles this error by assuming the class cannot be included in some optimizations.
[02:18:11] [main/WARN]: Lithium Class Analysis Error: Class de.mrjulsen.crn.block.AbstractAdvancedDisplayBlock cannot be analysed, because getting declared methods crashes with NoClassDefFoundError: net/minecraft/class_322. This is usually caused by modded entities declaring methods that have a return type or parameter type that is annotated with @Environment(value=EnvType.CLIENT). Loading the type is not possible, because it only exists in the CLIENT environment. The recommended fix is to annotate the method with this argument or return type with the same annotation. Lithium handles this error by assuming the class cannot be included in some optimizations.
[02:18:11] [main/WARN]: Lithium Class Analysis Error: Class de.mrjulsen.crn.block.AbstractAdvancedDisplayBlock cannot be analysed, because getting declared methods crashes with NoClassDefFoundError: net/minecraft/class_322. This is usually caused by modded entities declaring methods that have a return type or parameter type that is annotated with @Environment(value=EnvType.CLIENT). Loading the type is not possible, because it only exists in the CLIENT environment. The recommended fix is to annotate the method with this argument or return type with the same annotation. Lithium handles this error by assuming the class cannot be included in some optimizations.
[02:18:11] [main/WARN]: Lithium Class Analysis Error: Class de.mrjulsen.crn.block.AbstractAdvancedDisplayBlock cannot be analysed, because getting declared methods crashes with NoClassDefFoundError: net/minecraft/class_322. This is usually caused by modded entities declaring methods that have a return type or parameter type that is annotated with @Environment(value=EnvType.CLIENT). Loading the type is not possible, because it only exists in the CLIENT environment. The recommended fix is to annotate the method with this argument or return type with the same annotation. Lithium handles this error by assuming the class cannot be included in some optimizations.
[02:18:11] [main/WARN]: Lithium Class Analysis Error: Class de.mrjulsen.crn.block.AbstractAdvancedDisplayBlock cannot be analysed, because getting declared methods crashes with NoClassDefFoundError: net/minecraft/class_322. This is usually caused by modded entities declaring methods that have a return type or parameter type that is annotated with @Environment(value=EnvType.CLIENT). Loading the type is not possible, because it only exists in the CLIENT environment. The recommended fix is to annotate the method with this argument or return type with the same annotation. Lithium handles this error by assuming the class cannot be included in some optimizations.
[02:18:11] [main/WARN]: Lithium Class Analysis Error: Class de.mrjulsen.crn.block.AbstractAdvancedDisplayBlock cannot be analysed, because getting declared methods crashes with NoClassDefFoundError: net/minecraft/class_322. This is usually caused by modded entities declaring methods that have a return type or parameter type that is annotated with @Environment(value=EnvType.CLIENT). Loading the type is not possible, because it only exists in the CLIENT environment. The recommended fix is to annotate the method with this argument or return type with the same annotation. Lithium handles this error by assuming the class cannot be included in some optimizations.
[02:18:11] [main/WARN]: Lithium Class Analysis Error: Class de.mrjulsen.crn.block.AbstractAdvancedDisplayBlock cannot be analysed, because getting declared methods crashes with NoClassDefFoundError: net/minecraft/class_322. This is usually caused by modded entities declaring methods that have a return type or parameter type that is annotated with @Environment(value=EnvType.CLIENT). Loading the type is not possible, because it only exists in the CLIENT environment. The recommended fix is to annotate the method with this argument or return type with the same annotation. Lithium handles this error by assuming the class cannot be included in some optimizations.
[02:18:11] [main/WARN]: Lithium Class Analysis Error: Class de.mrjulsen.crn.block.AbstractAdvancedDisplayBlock cannot be analysed, because getting declared methods crashes with NoClassDefFoundError: net/minecraft/class_322. This is usually caused by modded entities declaring methods that have a return type or parameter type that is annotated with @Environment(value=EnvType.CLIENT). Loading the type is not possible, because it only exists in the CLIENT environment. The recommended fix is to annotate the method with this argument or return type with the same annotation. Lithium handles this error by assuming the class cannot be included in some optimizations.
[02:18:11] [main/WARN]: Lithium Class Analysis Error: Class de.mrjulsen.crn.block.AbstractAdvancedDisplayBlock cannot be analysed, because getting declared methods crashes with NoClassDefFoundError: net/minecraft/class_322. This is usually caused by modded entities declaring methods that have a return type or parameter type that is annotated with @Environment(value=EnvType.CLIENT). Loading the type is not possible, because it only exists in the CLIENT environment. The recommended fix is to annotate the method with this argument or return type with the same annotation. Lithium handles this error by assuming the class cannot be included in some optimizations.
[02:18:11] [main/WARN]: Lithium Class Analysis Error: Class de.mrjulsen.crn.block.AbstractAdvancedDisplayBlock cannot be analysed, because getting declared methods crashes with NoClassDefFoundError: net/minecraft/class_322. This is usually caused by modded entities declaring methods that have a return type or parameter type that is annotated with @Environment(value=EnvType.CLIENT). Loading the type is not possible, because it only exists in the CLIENT environment. The recommended fix is to annotate the method with this argument or return type with the same annotation. Lithium handles this error by assuming the class cannot be included in some optimizations.
[02:18:11] [main/WARN]: Lithium Class Analysis Error: Class de.mrjulsen.crn.block.AbstractAdvancedDisplayBlock cannot be analysed, because getting declared methods crashes with NoClassDefFoundError: net/minecraft/class_322. This is usually caused by modded entities declaring methods that have a return type or parameter type that is annotated with @Environment(value=EnvType.CLIENT). Loading the type is not possible, because it only exists in the CLIENT environment. The recommended fix is to annotate the method with this argument or return type with the same annotation. Lithium handles this error by assuming the class cannot be included in some optimizations.
[02:18:11] [main/WARN]: Lithium Class Analysis Error: Class de.mrjulsen.crn.block.AbstractAdvancedDisplayBlock cannot be analysed, because getting declared methods crashes with NoClassDefFoundError: net/minecraft/class_322. This is usually caused by modded entities declaring methods that have a return type or parameter type that is annotated with @Environment(value=EnvType.CLIENT). Loading the type is not possible, because it only exists in the CLIENT environment. The recommended fix is to annotate the method with this argument or return type with the same annotation. Lithium handles this error by assuming the class cannot be included in some optimizations.
[02:18:11] [main/WARN]: Lithium Class Analysis Error: Class de.mrjulsen.crn.block.AbstractAdvancedDisplayBlock cannot be analysed, because getting declared methods crashes with NoClassDefFoundError: net/minecraft/class_322. This is usually caused by modded entities declaring methods that have a return type or parameter type that is annotated with @Environment(value=EnvType.CLIENT). Loading the type is not possible, because it only exists in the CLIENT environment. The recommended fix is to annotate the method with this argument or return type with the same annotation. Lithium handles this error by assuming the class cannot be included in some optimizations.
[02:18:11] [main/WARN]: Lithium Class Analysis Error: Class de.mrjulsen.crn.block.AbstractAdvancedDisplayBlock cannot be analysed, because getting declared methods crashes with NoClassDefFoundError: net/minecraft/class_322. This is usually caused by modded entities declaring methods that have a return type or parameter type that is annotated with @Environment(value=EnvType.CLIENT). Loading the type is not possible, because it only exists in the CLIENT environment. The recommended fix is to annotate the method with this argument or return type with the same annotation. Lithium handles this error by assuming the class cannot be included in some optimizations.
[02:18:11] [main/WARN]: Lithium Class Analysis Error: Class de.mrjulsen.crn.block.AbstractAdvancedDisplayBlock cannot be analysed, because getting declared methods crashes with NoClassDefFoundError: net/minecraft/class_322. This is usually caused by modded entities declaring methods that have a return type or parameter type that is annotated with @Environment(value=EnvType.CLIENT). Loading the type is not possible, because it only exists in the CLIENT environment. The recommended fix is to annotate the method with this argument or return type with the same annotation. Lithium handles this error by assuming the class cannot be included in some optimizations.
[02:18:11] [main/WARN]: Lithium Class Analysis Error: Class de.mrjulsen.crn.block.AbstractAdvancedDisplayBlock cannot be analysed, because getting declared methods crashes with NoClassDefFoundError: net/minecraft/class_322. This is usually caused by modded entities declaring methods that have a return type or parameter type that is annotated with @Environment(value=EnvType.CLIENT). Loading the type is not possible, because it only exists in the CLIENT environment. The recommended fix is to annotate the method with this argument or return type with the same annotation. Lithium handles this error by assuming the class cannot be included in some optimizations.
[02:18:11] [main/WARN]: Lithium Class Analysis Error: Class de.mrjulsen.crn.block.AbstractAdvancedDisplayBlock cannot be analysed, because getting declared methods crashes with NoClassDefFoundError: net/minecraft/class_322. This is usually caused by modded entities declaring methods that have a return type or parameter type that is annotated with @Environment(value=EnvType.CLIENT). Loading the type is not possible, because it only exists in the CLIENT environment. The recommended fix is to annotate the method with this argument or return type with the same annotation. Lithium handles this error by assuming the class cannot be included in some optimizations.
[02:18:11] [main/WARN]: Lithium Class Analysis Error: Class de.mrjulsen.crn.block.AbstractAdvancedDisplayBlock cannot be analysed, because getting declared methods crashes with NoClassDefFoundError: net/minecraft/class_322. This is usually caused by modded entities declaring methods that have a return type or parameter type that is annotated with @Environment(value=EnvType.CLIENT). Loading the type is not possible, because it only exists in the CLIENT environment. The recommended fix is to annotate the method with this argument or return type with the same annotation. Lithium handles this error by assuming the class cannot be included in some optimizations.
[02:18:11] [main/WARN]: Lithium Class Analysis Error: Class de.mrjulsen.crn.block.AbstractAdvancedDisplayBlock cannot be analysed, because getting declared methods crashes with NoClassDefFoundError: net/minecraft/class_322. This is usually caused by modded entities declaring methods that have a return type or parameter type that is annotated with @Environment(value=EnvType.CLIENT). Loading the type is not possible, because it only exists in the CLIENT environment. The recommended fix is to annotate the method with this argument or return type with the same annotation. Lithium handles this error by assuming the class cannot be included in some optimizations.
[02:18:11] [main/WARN]: Lithium Class Analysis Error: Class de.mrjulsen.crn.block.AbstractAdvancedDisplayBlock cannot be analysed, because getting declared methods crashes with NoClassDefFoundError: net/minecraft/class_322. This is usually caused by modded entities declaring methods that have a return type or parameter type that is annotated with @Environment(value=EnvType.CLIENT). Loading the type is not possible, because it only exists in the CLIENT environment. The recommended fix is to annotate the method with this argument or return type with the same annotation. Lithium handles this error by assuming the class cannot be included in some optimizations.
[02:18:11] [main/WARN]: Lithium Class Analysis Error: Class de.mrjulsen.crn.block.AbstractAdvancedDisplayBlock cannot be analysed, because getting declared methods crashes with NoClassDefFoundError: net/minecraft/class_322. This is usually caused by modded entities declaring methods that have a return type or parameter type that is annotated with @Environment(value=EnvType.CLIENT). Loading the type is not possible, because it only exists in the CLIENT environment. The recommended fix is to annotate the method with this argument or return type with the same annotation. Lithium handles this error by assuming the class cannot be included in some optimizations.
[02:18:11] [main/WARN]: Lithium Class Analysis Error: Class de.mrjulsen.crn.block.AbstractAdvancedDisplayBlock cannot be analysed, because getting declared methods crashes with NoClassDefFoundError: net/minecraft/class_322. This is usually caused by modded entities declaring methods that have a return type or parameter type that is annotated with @Environment(value=EnvType.CLIENT). Loading the type is not possible, because it only exists in the CLIENT environment. The recommended fix is to annotate the method with this argument or return type with the same annotation. Lithium handles this error by assuming the class cannot be included in some optimizations.
[02:18:11] [main/WARN]: Lithium Class Analysis Error: Class de.mrjulsen.crn.block.AbstractAdvancedDisplayBlock cannot be analysed, because getting declared methods crashes with NoClassDefFoundError: net/minecraft/class_322. This is usually caused by modded entities declaring methods that have a return type or parameter type that is annotated with @Environment(value=EnvType.CLIENT). Loading the type is not possible, because it only exists in the CLIENT environment. The recommended fix is to annotate the method with this argument or return type with the same annotation. Lithium handles this error by assuming the class cannot be included in some optimizations.
[02:18:11] [main/WARN]: Lithium Class Analysis Error: Class de.mrjulsen.crn.block.AbstractAdvancedDisplayBlock cannot be analysed, because getting declared methods crashes with NoClassDefFoundError: net/minecraft/class_322. This is usually caused by modded entities declaring methods that have a return type or parameter type that is annotated with @Environment(value=EnvType.CLIENT). Loading the type is not possible, because it only exists in the CLIENT environment. The recommended fix is to annotate the method with this argument or return type with the same annotation. Lithium handles this error by assuming the class cannot be included in some optimizations.
[02:18:11] [main/WARN]: Lithium Class Analysis Error: Class de.mrjulsen.crn.block.AbstractAdvancedDisplayBlock cannot be analysed, because getting declared methods crashes with NoClassDefFoundError: net/minecraft/class_322. This is usually caused by modded entities declaring methods that have a return type or parameter type that is annotated with @Environment(value=EnvType.CLIENT). Loading the type is not possible, because it only exists in the CLIENT environment. The recommended fix is to annotate the method with this argument or return type with the same annotation. Lithium handles this error by assuming the class cannot be included in some optimizations.
[02:18:11] [main/WARN]: Lithium Class Analysis Error: Class de.mrjulsen.crn.block.AbstractAdvancedDisplayBlock cannot be analysed, because getting declared methods crashes with NoClassDefFoundError: net/minecraft/class_322. This is usually caused by modded entities declaring methods that have a return type or parameter type that is annotated with @Environment(value=EnvType.CLIENT). Loading the type is not possible, because it only exists in the CLIENT environment. The recommended fix is to annotate the method with this argument or return type with the same annotation. Lithium handles this error by assuming the class cannot be included in some optimizations.
[02:18:11] [main/WARN]: Lithium Class Analysis Error: Class de.mrjulsen.crn.block.AbstractAdvancedDisplayBlock cannot be analysed, because getting declared methods crashes with NoClassDefFoundError: net/minecraft/class_322. This is usually caused by modded entities declaring methods that have a return type or parameter type that is annotated with @Environment(value=EnvType.CLIENT). Loading the type is not possible, because it only exists in the CLIENT environment. The recommended fix is to annotate the method with this argument or return type with the same annotation. Lithium handles this error by assuming the class cannot be included in some optimizations.
[02:18:11] [main/WARN]: Lithium Class Analysis Error: Class de.mrjulsen.crn.block.AbstractAdvancedDisplayBlock cannot be analysed, because getting declared methods crashes with NoClassDefFoundError: net/minecraft/class_322. This is usually caused by modded entities declaring methods that have a return type or parameter type that is annotated with @Environment(value=EnvType.CLIENT). Loading the type is not possible, because it only exists in the CLIENT environment. The recommended fix is to annotate the method with this argument or return type with the same annotation. Lithium handles this error by assuming the class cannot be included in some optimizations.
[02:18:11] [main/WARN]: Lithium Class Analysis Error: Class de.mrjulsen.crn.block.AbstractAdvancedDisplayBlock cannot be analysed, because getting declared methods crashes with NoClassDefFoundError: net/minecraft/class_322. This is usually caused by modded entities declaring methods that have a return type or parameter type that is annotated with @Environment(value=EnvType.CLIENT). Loading the type is not possible, because it only exists in the CLIENT environment. The recommended fix is to annotate the method with this argument or return type with the same annotation. Lithium handles this error by assuming the class cannot be included in some optimizations.
[02:18:11] [main/WARN]: Lithium Class Analysis Error: Class de.mrjulsen.crn.block.AbstractAdvancedDisplayBlock cannot be analysed, because getting declared methods crashes with NoClassDefFoundError: net/minecraft/class_322. This is usually caused by modded entities declaring methods that have a return type or parameter type that is annotated with @Environment(value=EnvType.CLIENT). Loading the type is not possible, because it only exists in the CLIENT environment. The recommended fix is to annotate the method with this argument or return type with the same annotation. Lithium handles this error by assuming the class cannot be included in some optimizations.
[02:18:11] [main/WARN]: Lithium Class Analysis Error: Class de.mrjulsen.crn.block.AbstractAdvancedDisplayBlock cannot be analysed, because getting declared methods crashes with NoClassDefFoundError: net/minecraft/class_322. This is usually caused by modded entities declaring methods that have a return type or parameter type that is annotated with @Environment(value=EnvType.CLIENT). Loading the type is not possible, because it only exists in the CLIENT environment. The recommended fix is to annotate the method with this argument or return type with the same annotation. Lithium handles this error by assuming the class cannot be included in some optimizations.
[02:18:11] [main/WARN]: Lithium Class Analysis Error: Class de.mrjulsen.crn.block.AbstractAdvancedDisplayBlock cannot be analysed, because getting declared methods crashes with NoClassDefFoundError: net/minecraft/class_322. This is usually caused by modded entities declaring methods that have a return type or parameter type that is annotated with @Environment(value=EnvType.CLIENT). Loading the type is not possible, because it only exists in the CLIENT environment. The recommended fix is to annotate the method with this argument or return type with the same annotation. Lithium handles this error by assuming the class cannot be included in some optimizations.
[02:18:11] [main/WARN]: Lithium Class Analysis Error: Class de.mrjulsen.crn.block.AbstractAdvancedDisplayBlock cannot be analysed, because getting declared methods crashes with NoClassDefFoundError: net/minecraft/class_322. This is usually caused by modded entities declaring methods that have a return type or parameter type that is annotated with @Environment(value=EnvType.CLIENT). Loading the type is not possible, because it only exists in the CLIENT environment. The recommended fix is to annotate the method with this argument or return type with the same annotation. Lithium handles this error by assuming the class cannot be included in some optimizations.
[02:18:11] [main/WARN]: Lithium Class Analysis Error: Class de.mrjulsen.crn.block.AbstractAdvancedDisplayBlock cannot be analysed, because getting declared methods crashes with NoClassDefFoundError: net/minecraft/class_322. This is usually caused by modded entities declaring methods that have a return type or parameter type that is annotated with @Environment(value=EnvType.CLIENT). Loading the type is not possible, because it only exists in the CLIENT environment. The recommended fix is to annotate the method with this argument or return type with the same annotation. Lithium handles this error by assuming the class cannot be included in some optimizations.
[02:18:11] [main/WARN]: Lithium Class Analysis Error: Class de.mrjulsen.crn.block.AbstractAdvancedDisplayBlock cannot be analysed, because getting declared methods crashes with NoClassDefFoundError: net/minecraft/class_322. This is usually caused by modded entities declaring methods that have a return type or parameter type that is annotated with @Environment(value=EnvType.CLIENT). Loading the type is not possible, because it only exists in the CLIENT environment. The recommended fix is to annotate the method with this argument or return type with the same annotation. Lithium handles this error by assuming the class cannot be included in some optimizations.
[02:18:11] [main/WARN]: Lithium Class Analysis Error: Class de.mrjulsen.crn.block.AbstractAdvancedDisplayBlock cannot be analysed, because getting declared methods crashes with NoClassDefFoundError: net/minecraft/class_322. This is usually caused by modded entities declaring methods that have a return type or parameter type that is annotated with @Environment(value=EnvType.CLIENT). Loading the type is not possible, because it only exists in the CLIENT environment. The recommended fix is to annotate the method with this argument or return type with the same annotation. Lithium handles this error by assuming the class cannot be included in some optimizations.
[02:18:11] [main/WARN]: Lithium Class Analysis Error: Class de.mrjulsen.crn.block.AbstractAdvancedDisplayBlock cannot be analysed, because getting declared methods crashes with NoClassDefFoundError: net/minecraft/class_322. This is usually caused by modded entities declaring methods that have a return type or parameter type that is annotated with @Environment(value=EnvType.CLIENT). Loading the type is not possible, because it only exists in the CLIENT environment. The recommended fix is to annotate the method with this argument or return type with the same annotation. Lithium handles this error by assuming the class cannot be included in some optimizations.
[02:18:11] [main/WARN]: Lithium Class Analysis Error: Class de.mrjulsen.crn.block.AbstractAdvancedDisplayBlock cannot be analysed, because getting declared methods crashes with NoClassDefFoundError: net/minecraft/class_322. This is usually caused by modded entities declaring methods that have a return type or parameter type that is annotated with @Environment(value=EnvType.CLIENT). Loading the type is not possible, because it only exists in the CLIENT environment. The recommended fix is to annotate the method with this argument or return type with the same annotation. Lithium handles this error by assuming the class cannot be included in some optimizations.
[02:18:11] [main/WARN]: Lithium Class Analysis Error: Class de.mrjulsen.crn.block.AbstractAdvancedDisplayBlock cannot be analysed, because getting declared methods crashes with NoClassDefFoundError: net/minecraft/class_322. This is usually caused by modded entities declaring methods that have a return type or parameter type that is annotated with @Environment(value=EnvType.CLIENT). Loading the type is not possible, because it only exists in the CLIENT environment. The recommended fix is to annotate the method with this argument or return type with the same annotation. Lithium handles this error by assuming the class cannot be included in some optimizations.
[02:18:11] [main/WARN]: Lithium Class Analysis Error: Class de.mrjulsen.crn.block.AbstractAdvancedDisplayBlock cannot be analysed, because getting declared methods crashes with NoClassDefFoundError: net/minecraft/class_322. This is usually caused by modded entities declaring methods that have a return type or parameter type that is annotated with @Environment(value=EnvType.CLIENT). Loading the type is not possible, because it only exists in the CLIENT environment. The recommended fix is to annotate the method with this argument or return type with the same annotation. Lithium handles this error by assuming the class cannot be included in some optimizations.
[02:18:11] [main/WARN]: Lithium Class Analysis Error: Class de.mrjulsen.crn.block.AbstractAdvancedDisplayBlock cannot be analysed, because getting declared methods crashes with NoClassDefFoundError: net/minecraft/class_322. This is usually caused by modded entities declaring methods that have a return type or parameter type that is annotated with @Environment(value=EnvType.CLIENT). Loading the type is not possible, because it only exists in the CLIENT environment. The recommended fix is to annotate the method with this argument or return type with the same annotation. Lithium handles this error by assuming the class cannot be included in some optimizations.
[02:18:11] [main/WARN]: Lithium Class Analysis Error: Class de.mrjulsen.crn.block.AbstractAdvancedDisplayBlock cannot be analysed, because getting declared methods crashes with NoClassDefFoundError: net/minecraft/class_322. This is usually caused by modded entities declaring methods that have a return type or parameter type that is annotated with @Environment(value=EnvType.CLIENT). Loading the type is not possible, because it only exists in the CLIENT environment. The recommended fix is to annotate the method with this argument or return type with the same annotation. Lithium handles this error by assuming the class cannot be included in some optimizations.
[02:18:11] [main/WARN]: Lithium Class Analysis Error: Class de.mrjulsen.crn.block.AbstractAdvancedDisplayBlock cannot be analysed, because getting declared methods crashes with NoClassDefFoundError: net/minecraft/class_322. This is usually caused by modded entities declaring methods that have a return type or parameter type that is annotated with @Environment(value=EnvType.CLIENT). Loading the type is not possible, because it only exists in the CLIENT environment. The recommended fix is to annotate the method with this argument or return type with the same annotation. Lithium handles this error by assuming the class cannot be included in some optimizations.
[02:18:11] [main/WARN]: Lithium Class Analysis Error: Class de.mrjulsen.crn.block.AbstractAdvancedDisplayBlock cannot be analysed, because getting declared methods crashes with NoClassDefFoundError: net/minecraft/class_322. This is usually caused by modded entities declaring methods that have a return type or parameter type that is annotated with @Environment(value=EnvType.CLIENT). Loading the type is not possible, because it only exists in the CLIENT environment. The recommended fix is to annotate the method with this argument or return type with the same annotation. Lithium handles this error by assuming the class cannot be included in some optimizations.
[02:18:11] [main/WARN]: Lithium Class Analysis Error: Class de.mrjulsen.crn.block.AbstractAdvancedDisplayBlock cannot be analysed, because getting declared methods crashes with NoClassDefFoundError: net/minecraft/class_322. This is usually caused by modded entities declaring methods that have a return type or parameter type that is annotated with @Environment(value=EnvType.CLIENT). Loading the type is not possible, because it only exists in the CLIENT environment. The recommended fix is to annotate the method with this argument or return type with the same annotation. Lithium handles this error by assuming the class cannot be included in some optimizations.
[02:18:11] [main/WARN]: Lithium Class Analysis Error: Class de.mrjulsen.crn.block.AbstractAdvancedDisplayBlock cannot be analysed, because getting declared methods crashes with NoClassDefFoundError: net/minecraft/class_322. This is usually caused by modded entities declaring methods that have a return type or parameter type that is annotated with @Environment(value=EnvType.CLIENT). Loading the type is not possible, because it only exists in the CLIENT environment. The recommended fix is to annotate the method with this argument or return type with the same annotation. Lithium handles this error by assuming the class cannot be included in some optimizations.
[02:18:11] [main/WARN]: Lithium Class Analysis Error: Class de.mrjulsen.crn.block.AbstractAdvancedDisplayBlock cannot be analysed, because getting declared methods crashes with NoClassDefFoundError: net/minecraft/class_322. This is usually caused by modded entities declaring methods that have a return type or parameter type that is annotated with @Environment(value=EnvType.CLIENT). Loading the type is not possible, because it only exists in the CLIENT environment. The recommended fix is to annotate the method with this argument or return type with the same annotation. Lithium handles this error by assuming the class cannot be included in some optimizations.
[02:18:11] [main/WARN]: Lithium Class Analysis Error: Class de.mrjulsen.crn.block.AbstractAdvancedDisplayBlock cannot be analysed, because getting declared methods crashes with NoClassDefFoundError: net/minecraft/class_322. This is usually caused by modded entities declaring methods that have a return type or parameter type that is annotated with @Environment(value=EnvType.CLIENT). Loading the type is not possible, because it only exists in the CLIENT environment. The recommended fix is to annotate the method with this argument or return type with the same annotation. Lithium handles this error by assuming the class cannot be included in some optimizations.
[02:18:11] [main/WARN]: Lithium Class Analysis Error: Class de.mrjulsen.crn.block.AbstractAdvancedDisplayBlock cannot be analysed, because getting declared methods crashes with NoClassDefFoundError: net/minecraft/class_322. This is usually caused by modded entities declaring methods that have a return type or parameter type that is annotated with @Environment(value=EnvType.CLIENT). Loading the type is not possible, because it only exists in the CLIENT environment. The recommended fix is to annotate the method with this argument or return type with the same annotation. Lithium handles this error by assuming the class cannot be included in some optimizations.
[02:18:11] [main/WARN]: Lithium Class Analysis Error: Class de.mrjulsen.crn.block.AbstractAdvancedDisplayBlock cannot be analysed, because getting declared methods crashes with NoClassDefFoundError: net/minecraft/class_322. This is usually caused by modded entities declaring methods that have a return type or parameter type that is annotated with @Environment(value=EnvType.CLIENT). Loading the type is not possible, because it only exists in the CLIENT environment. The recommended fix is to annotate the method with this argument or return type with the same annotation. Lithium handles this error by assuming the class cannot be included in some optimizations.
[02:18:11] [main/WARN]: Lithium Class Analysis Error: Class de.mrjulsen.crn.block.AbstractAdvancedDisplayBlock cannot be analysed, because getting declared methods crashes with NoClassDefFoundError: net/minecraft/class_322. This is usually caused by modded entities declaring methods that have a return type or parameter type that is annotated with @Environment(value=EnvType.CLIENT). Loading the type is not possible, because it only exists in the CLIENT environment. The recommended fix is to annotate the method with this argument or return type with the same annotation. Lithium handles this error by assuming the class cannot be included in some optimizations.
[02:18:11] [main/WARN]: Lithium Class Analysis Error: Class de.mrjulsen.crn.block.AbstractAdvancedDisplayBlock cannot be analysed, because getting declared methods crashes with NoClassDefFoundError: net/minecraft/class_322. This is usually caused by modded entities declaring methods that have a return type or parameter type that is annotated with @Environment(value=EnvType.CLIENT). Loading the type is not possible, because it only exists in the CLIENT environment. The recommended fix is to annotate the method with this argument or return type with the same annotation. Lithium handles this error by assuming the class cannot be included in some optimizations.
[02:18:11] [main/WARN]: Lithium Class Analysis Error: Class de.mrjulsen.crn.block.AbstractAdvancedDisplayBlock cannot be analysed, because getting declared methods crashes with NoClassDefFoundError: net/minecraft/class_322. This is usually caused by modded entities declaring methods that have a return type or parameter type that is annotated with @Environment(value=EnvType.CLIENT). Loading the type is not possible, because it only exists in the CLIENT environment. The recommended fix is to annotate the method with this argument or return type with the same annotation. Lithium handles this error by assuming the class cannot be included in some optimizations.
[02:18:11] [main/WARN]: Lithium Class Analysis Error: Class de.mrjulsen.crn.block.AbstractAdvancedDisplayBlock cannot be analysed, because getting declared methods crashes with NoClassDefFoundError: net/minecraft/class_322. This is usually caused by modded entities declaring methods that have a return type or parameter type that is annotated with @Environment(value=EnvType.CLIENT). Loading the type is not possible, because it only exists in the CLIENT environment. The recommended fix is to annotate the method with this argument or return type with the same annotation. Lithium handles this error by assuming the class cannot be included in some optimizations.
[02:18:11] [main/WARN]: Lithium Class Analysis Error: Class de.mrjulsen.crn.block.AbstractAdvancedDisplayBlock cannot be analysed, because getting declared methods crashes with NoClassDefFoundError: net/minecraft/class_322. This is usually caused by modded entities declaring methods that have a return type or parameter type that is annotated with @Environment(value=EnvType.CLIENT). Loading the type is not possible, because it only exists in the CLIENT environment. The recommended fix is to annotate the method with this argument or return type with the same annotation. Lithium handles this error by assuming the class cannot be included in some optimizations.
[02:18:11] [main/WARN]: Lithium Class Analysis Error: Class de.mrjulsen.crn.block.AbstractAdvancedDisplayBlock cannot be analysed, because getting declared methods crashes with NoClassDefFoundError: net/minecraft/class_322. This is usually caused by modded entities declaring methods that have a return type or parameter type that is annotated with @Environment(value=EnvType.CLIENT). Loading the type is not possible, because it only exists in the CLIENT environment. The recommended fix is to annotate the method with this argument or return type with the same annotation. Lithium handles this error by assuming the class cannot be included in some optimizations.
[02:18:11] [main/WARN]: Lithium Class Analysis Error: Class de.mrjulsen.crn.block.AbstractAdvancedDisplayBlock cannot be analysed, because getting declared methods crashes with NoClassDefFoundError: net/minecraft/class_322. This is usually caused by modded entities declaring methods that have a return type or parameter type that is annotated with @Environment(value=EnvType.CLIENT). Loading the type is not possible, because it only exists in the CLIENT environment. The recommended fix is to annotate the method with this argument or return type with the same annotation. Lithium handles this error by assuming the class cannot be included in some optimizations.
[02:18:11] [main/WARN]: Lithium Class Analysis Error: Class de.mrjulsen.crn.block.AbstractAdvancedDisplayBlock cannot be analysed, because getting declared methods crashes with NoClassDefFoundError: net/minecraft/class_322. This is usually caused by modded entities declaring methods that have a return type or parameter type that is annotated with @Environment(value=EnvType.CLIENT). Loading the type is not possible, because it only exists in the CLIENT environment. The recommended fix is to annotate the method with this argument or return type with the same annotation. Lithium handles this error by assuming the class cannot be included in some optimizations.
[02:18:11] [main/WARN]: Lithium Class Analysis Error: Class de.mrjulsen.crn.block.AbstractAdvancedDisplayBlock cannot be analysed, because getting declared methods crashes with NoClassDefFoundError: net/minecraft/class_322. This is usually caused by modded entities declaring methods that have a return type or parameter type that is annotated with @Environment(value=EnvType.CLIENT). Loading the type is not possible, because it only exists in the CLIENT environment. The recommended fix is to annotate the method with this argument or return type with the same annotation. Lithium handles this error by assuming the class cannot be included in some optimizations.
[02:18:11] [main/WARN]: Lithium Class Analysis Error: Class de.mrjulsen.crn.block.AbstractAdvancedDisplayBlock cannot be analysed, because getting declared methods crashes with NoClassDefFoundError: net/minecraft/class_322. This is usually caused by modded entities declaring methods that have a return type or parameter type that is annotated with @Environment(value=EnvType.CLIENT). Loading the type is not possible, because it only exists in the CLIENT environment. The recommended fix is to annotate the method with this argument or return type with the same annotation. Lithium handles this error by assuming the class cannot be included in some optimizations.
[02:18:11] [main/WARN]: Lithium Class Analysis Error: Class de.mrjulsen.crn.block.AbstractAdvancedDisplayBlock cannot be analysed, because getting declared methods crashes with NoClassDefFoundError: net/minecraft/class_322. This is usually caused by modded entities declaring methods that have a return type or parameter type that is annotated with @Environment(value=EnvType.CLIENT). Loading the type is not possible, because it only exists in the CLIENT environment. The recommended fix is to annotate the method with this argument or return type with the same annotation. Lithium handles this error by assuming the class cannot be included in some optimizations.
[02:18:11] [main/WARN]: Lithium Class Analysis Error: Class de.mrjulsen.crn.block.AbstractAdvancedDisplayBlock cannot be analysed, because getting declared methods crashes with NoClassDefFoundError: net/minecraft/class_322. This is usually caused by modded entities declaring methods that have a return type or parameter type that is annotated with @Environment(value=EnvType.CLIENT). Loading the type is not possible, because it only exists in the CLIENT environment. The recommended fix is to annotate the method with this argument or return type with the same annotation. Lithium handles this error by assuming the class cannot be included in some optimizations.
[02:18:11] [main/WARN]: Lithium Class Analysis Error: Class de.mrjulsen.crn.block.AbstractAdvancedDisplayBlock cannot be analysed, because getting declared methods crashes with NoClassDefFoundError: net/minecraft/class_322. This is usually caused by modded entities declaring methods that have a return type or parameter type that is annotated with @Environment(value=EnvType.CLIENT). Loading the type is not possible, because it only exists in the CLIENT environment. The recommended fix is to annotate the method with this argument or return type with the same annotation. Lithium handles this error by assuming the class cannot be included in some optimizations.
[02:18:11] [main/WARN]: Lithium Class Analysis Error: Class de.mrjulsen.crn.block.AbstractAdvancedDisplayBlock cannot be analysed, because getting declared methods crashes with NoClassDefFoundError: net/minecraft/class_322. This is usually caused by modded entities declaring methods that have a return type or parameter type that is annotated with @Environment(value=EnvType.CLIENT). Loading the type is not possible, because it only exists in the CLIENT environment. The recommended fix is to annotate the method with this argument or return type with the same annotation. Lithium handles this error by assuming the class cannot be included in some optimizations.
[02:18:11] [main/WARN]: Lithium Class Analysis Error: Class de.mrjulsen.crn.block.AbstractAdvancedDisplayBlock cannot be analysed, because getting declared methods crashes with NoClassDefFoundError: net/minecraft/class_322. This is usually caused by modded entities declaring methods that have a return type or parameter type that is annotated with @Environment(value=EnvType.CLIENT). Loading the type is not possible, because it only exists in the CLIENT environment. The recommended fix is to annotate the method with this argument or return type with the same annotation. Lithium handles this error by assuming the class cannot be included in some optimizations.
[02:18:11] [main/WARN]: Lithium Class Analysis Error: Class de.mrjulsen.crn.block.AbstractAdvancedDisplayBlock cannot be analysed, because getting declared methods crashes with NoClassDefFoundError: net/minecraft/class_322. This is usually caused by modded entities declaring methods that have a return type or parameter type that is annotated with @Environment(value=EnvType.CLIENT). Loading the type is not possible, because it only exists in the CLIENT environment. The recommended fix is to annotate the method with this argument or return type with the same annotation. Lithium handles this error by assuming the class cannot be included in some optimizations.
[02:18:11] [main/WARN]: Lithium Class Analysis Error: Class de.mrjulsen.crn.block.AbstractAdvancedDisplayBlock cannot be analysed, because getting declared methods crashes with NoClassDefFoundError: net/minecraft/class_322. This is usually caused by modded entities declaring methods that have a return type or parameter type that is annotated with @Environment(value=EnvType.CLIENT). Loading the type is not possible, because it only exists in the CLIENT environment. The recommended fix is to annotate the method with this argument or return type with the same annotation. Lithium handles this error by assuming the class cannot be included in some optimizations.
[02:18:11] [main/WARN]: Lithium Class Analysis Error: Class de.mrjulsen.crn.block.AbstractAdvancedDisplayBlock cannot be analysed, because getting declared methods crashes with NoClassDefFoundError: net/minecraft/class_322. This is usually caused by modded entities declaring methods that have a return type or parameter type that is annotated with @Environment(value=EnvType.CLIENT). Loading the type is not possible, because it only exists in the CLIENT environment. The recommended fix is to annotate the method with this argument or return type with the same annotation. Lithium handles this error by assuming the class cannot be included in some optimizations.
[02:18:11] [main/WARN]: Lithium Class Analysis Error: Class de.mrjulsen.crn.block.AbstractAdvancedDisplayBlock cannot be analysed, because getting declared methods crashes with NoClassDefFoundError: net/minecraft/class_322. This is usually caused by modded entities declaring methods that have a return type or parameter type that is annotated with @Environment(value=EnvType.CLIENT). Loading the type is not possible, because it only exists in the CLIENT environment. The recommended fix is to annotate the method with this argument or return type with the same annotation. Lithium handles this error by assuming the class cannot be included in some optimizations.
[02:18:11] [main/WARN]: Lithium Class Analysis Error: Class de.mrjulsen.crn.block.AbstractAdvancedDisplayBlock cannot be analysed, because getting declared methods crashes with NoClassDefFoundError: net/minecraft/class_322. This is usually caused by modded entities declaring methods that have a return type or parameter type that is annotated with @Environment(value=EnvType.CLIENT). Loading the type is not possible, because it only exists in the CLIENT environment. The recommended fix is to annotate the method with this argument or return type with the same annotation. Lithium handles this error by assuming the class cannot be included in some optimizations.
[02:18:11] [main/WARN]: Lithium Class Analysis Error: Class de.mrjulsen.crn.block.AbstractAdvancedDisplayBlock cannot be analysed, because getting declared methods crashes with NoClassDefFoundError: net/minecraft/class_322. This is usually caused by modded entities declaring methods that have a return type or parameter type that is annotated with @Environment(value=EnvType.CLIENT). Loading the type is not possible, because it only exists in the CLIENT environment. The recommended fix is to annotate the method with this argument or return type with the same annotation. Lithium handles this error by assuming the class cannot be included in some optimizations.
[02:18:11] [main/WARN]: Lithium Class Analysis Error: Class de.mrjulsen.crn.block.AbstractAdvancedDisplayBlock cannot be analysed, because getting declared methods crashes with NoClassDefFoundError: net/minecraft/class_322. This is usually caused by modded entities declaring methods that have a return type or parameter type that is annotated with @Environment(value=EnvType.CLIENT). Loading the type is not possible, because it only exists in the CLIENT environment. The recommended fix is to annotate the method with this argument or return type with the same annotation. Lithium handles this error by assuming the class cannot be included in some optimizations.
[02:18:11] [main/WARN]: Lithium Class Analysis Error: Class de.mrjulsen.crn.block.AbstractAdvancedDisplayBlock cannot be analysed, because getting declared methods crashes with NoClassDefFoundError: net/minecraft/class_322. This is usually caused by modded entities declaring methods that have a return type or parameter type that is annotated with @Environment(value=EnvType.CLIENT). Loading the type is not possible, because it only exists in the CLIENT environment. The recommended fix is to annotate the method with this argument or return type with the same annotation. Lithium handles this error by assuming the class cannot be included in some optimizations.
[02:18:11] [main/WARN]: Lithium Class Analysis Error: Class de.mrjulsen.crn.block.AbstractAdvancedDisplayBlock cannot be analysed, because getting declared methods crashes with NoClassDefFoundError: net/minecraft/class_322. This is usually caused by modded entities declaring methods that have a return type or parameter type that is annotated with @Environment(value=EnvType.CLIENT). Loading the type is not possible, because it only exists in the CLIENT environment. The recommended fix is to annotate the method with this argument or return type with the same annotation. Lithium handles this error by assuming the class cannot be included in some optimizations.
[02:18:11] [main/WARN]: Lithium Class Analysis Error: Class de.mrjulsen.crn.block.AbstractAdvancedDisplayBlock cannot be analysed, because getting declared methods crashes with NoClassDefFoundError: net/minecraft/class_322. This is usually caused by modded entities declaring methods that have a return type or parameter type that is annotated with @Environment(value=EnvType.CLIENT). Loading the type is not possible, because it only exists in the CLIENT environment. The recommended fix is to annotate the method with this argument or return type with the same annotation. Lithium handles this error by assuming the class cannot be included in some optimizations.
[02:18:11] [main/WARN]: Lithium Class Analysis Error: Class de.mrjulsen.crn.block.AbstractAdvancedDisplayBlock cannot be analysed, because getting declared methods crashes with NoClassDefFoundError: net/minecraft/class_322. This is usually caused by modded entities declaring methods that have a return type or parameter type that is annotated with @Environment(value=EnvType.CLIENT). Loading the type is not possible, because it only exists in the CLIENT environment. The recommended fix is to annotate the method with this argument or return type with the same annotation. Lithium handles this error by assuming the class cannot be included in some optimizations.
[02:18:11] [main/WARN]: Lithium Class Analysis Error: Class de.mrjulsen.crn.block.AbstractAdvancedDisplayBlock cannot be analysed, because getting declared methods crashes with NoClassDefFoundError: net/minecraft/class_322. This is usually caused by modded entities declaring methods that have a return type or parameter type that is annotated with @Environment(value=EnvType.CLIENT). Loading the type is not possible, because it only exists in the CLIENT environment. The recommended fix is to annotate the method with this argument or return type with the same annotation. Lithium handles this error by assuming the class cannot be included in some optimizations.
[02:18:11] [main/WARN]: Lithium Class Analysis Error: Class de.mrjulsen.crn.block.AbstractAdvancedDisplayBlock cannot be analysed, because getting declared methods crashes with NoClassDefFoundError: net/minecraft/class_322. This is usually caused by modded entities declaring methods that have a return type or parameter type that is annotated with @Environment(value=EnvType.CLIENT). Loading the type is not possible, because it only exists in the CLIENT environment. The recommended fix is to annotate the method with this argument or return type with the same annotation. Lithium handles this error by assuming the class cannot be included in some optimizations.
[02:18:11] [main/WARN]: Lithium Class Analysis Error: Class de.mrjulsen.crn.block.AbstractAdvancedDisplayBlock cannot be analysed, because getting declared methods crashes with NoClassDefFoundError: net/minecraft/class_322. This is usually caused by modded entities declaring methods that have a return type or parameter type that is annotated with @Environment(value=EnvType.CLIENT). Loading the type is not possible, because it only exists in the CLIENT environment. The recommended fix is to annotate the method with this argument or return type with the same annotation. Lithium handles this error by assuming the class cannot be included in some optimizations.
[02:18:11] [main/WARN]: Lithium Class Analysis Error: Class de.mrjulsen.crn.block.AbstractAdvancedDisplayBlock cannot be analysed, because getting declared methods crashes with NoClassDefFoundError: net/minecraft/class_322. This is usually caused by modded entities declaring methods that have a return type or parameter type that is annotated with @Environment(value=EnvType.CLIENT). Loading the type is not possible, because it only exists in the CLIENT environment. The recommended fix is to annotate the method with this argument or return type with the same annotation. Lithium handles this error by assuming the class cannot be included in some optimizations.
[02:18:11] [main/WARN]: Lithium Class Analysis Error: Class de.mrjulsen.crn.block.AbstractAdvancedDisplayBlock cannot be analysed, because getting declared methods crashes with NoClassDefFoundError: net/minecraft/class_322. This is usually caused by modded entities declaring methods that have a return type or parameter type that is annotated with @Environment(value=EnvType.CLIENT). Loading the type is not possible, because it only exists in the CLIENT environment. The recommended fix is to annotate the method with this argument or return type with the same annotation. Lithium handles this error by assuming the class cannot be included in some optimizations.
[02:18:11] [main/WARN]: Lithium Class Analysis Error: Class de.mrjulsen.crn.block.AbstractAdvancedDisplayBlock cannot be analysed, because getting declared methods crashes with NoClassDefFoundError: net/minecraft/class_322. This is usually caused by modded entities declaring methods that have a return type or parameter type that is annotated with @Environment(value=EnvType.CLIENT). Loading the type is not possible, because it only exists in the CLIENT environment. The recommended fix is to annotate the method with this argument or return type with the same annotation. Lithium handles this error by assuming the class cannot be included in some optimizations.
[02:18:11] [main/WARN]: Lithium Class Analysis Error: Class de.mrjulsen.crn.block.AbstractAdvancedDisplayBlock cannot be analysed, because getting declared methods crashes with NoClassDefFoundError: net/minecraft/class_322. This is usually caused by modded entities declaring methods that have a return type or parameter type that is annotated with @Environment(value=EnvType.CLIENT). Loading the type is not possible, because it only exists in the CLIENT environment. The recommended fix is to annotate the method with this argument or return type with the same annotation. Lithium handles this error by assuming the class cannot be included in some optimizations.
[02:18:11] [main/WARN]: Lithium Class Analysis Error: Class de.mrjulsen.crn.block.AbstractAdvancedDisplayBlock cannot be analysed, because getting declared methods crashes with NoClassDefFoundError: net/minecraft/class_322. This is usually caused by modded entities declaring methods that have a return type or parameter type that is annotated with @Environment(value=EnvType.CLIENT). Loading the type is not possible, because it only exists in the CLIENT environment. The recommended fix is to annotate the method with this argument or return type with the same annotation. Lithium handles this error by assuming the class cannot be included in some optimizations.
[02:18:11] [main/WARN]: Lithium Class Analysis Error: Class de.mrjulsen.crn.block.AbstractAdvancedDisplayBlock cannot be analysed, because getting declared methods crashes with NoClassDefFoundError: net/minecraft/class_322. This is usually caused by modded entities declaring methods that have a return type or parameter type that is annotated with @Environment(value=EnvType.CLIENT). Loading the type is not possible, because it only exists in the CLIENT environment. The recommended fix is to annotate the method with this argument or return type with the same annotation. Lithium handles this error by assuming the class cannot be included in some optimizations.
[02:18:11] [main/WARN]: Lithium Class Analysis Error: Class de.mrjulsen.crn.block.AbstractAdvancedDisplayBlock cannot be analysed, because getting declared methods crashes with NoClassDefFoundError: net/minecraft/class_322. This is usually caused by modded entities declaring methods that have a return type or parameter type that is annotated with @Environment(value=EnvType.CLIENT). Loading the type is not possible, because it only exists in the CLIENT environment. The recommended fix is to annotate the method with this argument or return type with the same annotation. Lithium handles this error by assuming the class cannot be included in some optimizations.
[02:18:11] [main/WARN]: Lithium Class Analysis Error: Class de.mrjulsen.crn.block.AbstractAdvancedDisplayBlock cannot be analysed, because getting declared methods crashes with NoClassDefFoundError: net/minecraft/class_322. This is usually caused by modded entities declaring methods that have a return type or parameter type that is annotated with @Environment(value=EnvType.CLIENT). Loading the type is not possible, because it only exists in the CLIENT environment. The recommended fix is to annotate the method with this argument or return type with the same annotation. Lithium handles this error by assuming the class cannot be included in some optimizations.
[02:18:11] [main/WARN]: Lithium Class Analysis Error: Class de.mrjulsen.crn.block.AbstractAdvancedDisplayBlock cannot be analysed, because getting declared methods crashes with NoClassDefFoundError: net/minecraft/class_322. This is usually caused by modded entities declaring methods that have a return type or parameter type that is annotated with @Environment(value=EnvType.CLIENT). Loading the type is not possible, because it only exists in the CLIENT environment. The recommended fix is to annotate the method with this argument or return type with the same annotation. Lithium handles this error by assuming the class cannot be included in some optimizations.
[02:18:11] [main/WARN]: Lithium Class Analysis Error: Class de.mrjulsen.crn.block.AbstractAdvancedDisplayBlock cannot be analysed, because getting declared methods crashes with NoClassDefFoundError: net/minecraft/class_322. This is usually caused by modded entities declaring methods that have a return type or parameter type that is annotated with @Environment(value=EnvType.CLIENT). Loading the type is not possible, because it only exists in the CLIENT environment. The recommended fix is to annotate the method with this argument or return type with the same annotation. Lithium handles this error by assuming the class cannot be included in some optimizations.
[02:18:11] [main/WARN]: Lithium Class Analysis Error: Class de.mrjulsen.crn.block.AbstractAdvancedDisplayBlock cannot be analysed, because getting declared methods crashes with NoClassDefFoundError: net/minecraft/class_322. This is usually caused by modded entities declaring methods that have a return type or parameter type that is annotated with @Environment(value=EnvType.CLIENT). Loading the type is not possible, because it only exists in the CLIENT environment. The recommended fix is to annotate the method with this argument or return type with the same annotation. Lithium handles this error by assuming the class cannot be included in some optimizations.
[02:18:11] [main/WARN]: Lithium Class Analysis Error: Class de.mrjulsen.crn.block.AbstractAdvancedDisplayBlock cannot be analysed, because getting declared methods crashes with NoClassDefFoundError: net/minecraft/class_322. This is usually caused by modded entities declaring methods that have a return type or parameter type that is annotated with @Environment(value=EnvType.CLIENT). Loading the type is not possible, because it only exists in the CLIENT environment. The recommended fix is to annotate the method with this argument or return type with the same annotation. Lithium handles this error by assuming the class cannot be included in some optimizations.
[02:18:11] [main/WARN]: Lithium Class Analysis Error: Class de.mrjulsen.crn.block.AbstractAdvancedDisplayBlock cannot be analysed, because getting declared methods crashes with NoClassDefFoundError: net/minecraft/class_322. This is usually caused by modded entities declaring methods that have a return type or parameter type that is annotated with @Environment(value=EnvType.CLIENT). Loading the type is not possible, because it only exists in the CLIENT environment. The recommended fix is to annotate the method with this argument or return type with the same annotation. Lithium handles this error by assuming the class cannot be included in some optimizations.
[02:18:11] [main/WARN]: Lithium Class Analysis Error: Class de.mrjulsen.crn.block.AbstractAdvancedDisplayBlock cannot be analysed, because getting declared methods crashes with NoClassDefFoundError: net/minecraft/class_322. This is usually caused by modded entities declaring methods that have a return type or parameter type that is annotated with @Environment(value=EnvType.CLIENT). Loading the type is not possible, because it only exists in the CLIENT environment. The recommended fix is to annotate the method with this argument or return type with the same annotation. Lithium handles this error by assuming the class cannot be included in some optimizations.
[02:18:11] [main/WARN]: Lithium Class Analysis Error: Class de.mrjulsen.crn.block.AbstractAdvancedDisplayBlock cannot be analysed, because getting declared methods crashes with NoClassDefFoundError: net/minecraft/class_322. This is usually caused by modded entities declaring methods that have a return type or parameter type that is annotated with @Environment(value=EnvType.CLIENT). Loading the type is not possible, because it only exists in the CLIENT environment. The recommended fix is to annotate the method with this argument or return type with the same annotation. Lithium handles this error by assuming the class cannot be included in some optimizations.
[02:18:11] [main/WARN]: Lithium Class Analysis Error: Class de.mrjulsen.crn.block.AbstractAdvancedDisplayBlock cannot be analysed, because getting declared methods crashes with NoClassDefFoundError: net/minecraft/class_322. This is usually caused by modded entities declaring methods that have a return type or parameter type that is annotated with @Environment(value=EnvType.CLIENT). Loading the type is not possible, because it only exists in the CLIENT environment. The recommended fix is to annotate the method with this argument or return type with the same annotation. Lithium handles this error by assuming the class cannot be included in some optimizations.
[02:18:11] [main/WARN]: Lithium Class Analysis Error: Class de.mrjulsen.crn.block.AbstractAdvancedDisplayBlock cannot be analysed, because getting declared methods crashes with NoClassDefFoundError: net/minecraft/class_322. This is usually caused by modded entities declaring methods that have a return type or parameter type that is annotated with @Environment(value=EnvType.CLIENT). Loading the type is not possible, because it only exists in the CLIENT environment. The recommended fix is to annotate the method with this argument or return type with the same annotation. Lithium handles this error by assuming the class cannot be included in some optimizations.
[02:18:11] [main/WARN]: Lithium Class Analysis Error: Class de.mrjulsen.crn.block.AbstractAdvancedDisplayBlock cannot be analysed, because getting declared methods crashes with NoClassDefFoundError: net/minecraft/class_322. This is usually caused by modded entities declaring methods that have a return type or parameter type that is annotated with @Environment(value=EnvType.CLIENT). Loading the type is not possible, because it only exists in the CLIENT environment. The recommended fix is to annotate the method with this argument or return type with the same annotation. Lithium handles this error by assuming the class cannot be included in some optimizations.
[02:18:11] [main/WARN]: Lithium Class Analysis Error: Class de.mrjulsen.crn.block.AbstractAdvancedDisplayBlock cannot be analysed, because getting declared methods crashes with NoClassDefFoundError: net/minecraft/class_322. This is usually caused by modded entities declaring methods that have a return type or parameter type that is annotated with @Environment(value=EnvType.CLIENT). Loading the type is not possible, because it only exists in the CLIENT environment. The recommended fix is to annotate the method with this argument or return type with the same annotation. Lithium handles this error by assuming the class cannot be included in some optimizations.
[02:18:11] [main/WARN]: Lithium Class Analysis Error: Class de.mrjulsen.crn.block.AbstractAdvancedDisplayBlock cannot be analysed, because getting declared methods crashes with NoClassDefFoundError: net/minecraft/class_322. This is usually caused by modded entities declaring methods that have a return type or parameter type that is annotated with @Environment(value=EnvType.CLIENT). Loading the type is not possible, because it only exists in the CLIENT environment. The recommended fix is to annotate the method with this argument or return type with the same annotation. Lithium handles this error by assuming the class cannot be included in some optimizations.
[02:18:11] [main/WARN]: Lithium Class Analysis Error: Class de.mrjulsen.crn.block.AbstractAdvancedDisplayBlock cannot be analysed, because getting declared methods crashes with NoClassDefFoundError: net/minecraft/class_322. This is usually caused by modded entities declaring methods that have a return type or parameter type that is annotated with @Environment(value=EnvType.CLIENT). Loading the type is not possible, because it only exists in the CLIENT environment. The recommended fix is to annotate the method with this argument or return type with the same annotation. Lithium handles this error by assuming the class cannot be included in some optimizations.
[02:18:11] [main/WARN]: Lithium Class Analysis Error: Class de.mrjulsen.crn.block.AbstractAdvancedDisplayBlock cannot be analysed, because getting declared methods crashes with NoClassDefFoundError: net/minecraft/class_322. This is usually caused by modded entities declaring methods that have a return type or parameter type that is annotated with @Environment(value=EnvType.CLIENT). Loading the type is not possible, because it only exists in the CLIENT environment. The recommended fix is to annotate the method with this argument or return type with the same annotation. Lithium handles this error by assuming the class cannot be included in some optimizations.
[02:18:11] [main/WARN]: Lithium Class Analysis Error: Class de.mrjulsen.crn.block.AbstractAdvancedDisplayBlock cannot be analysed, because getting declared methods crashes with NoClassDefFoundError: net/minecraft/class_322. This is usually caused by modded entities declaring methods that have a return type or parameter type that is annotated with @Environment(value=EnvType.CLIENT). Loading the type is not possible, because it only exists in the CLIENT environment. The recommended fix is to annotate the method with this argument or return type with the same annotation. Lithium handles this error by assuming the class cannot be included in some optimizations.
[02:18:11] [main/WARN]: Lithium Class Analysis Error: Class de.mrjulsen.crn.block.AbstractAdvancedDisplayBlock cannot be analysed, because getting declared methods crashes with NoClassDefFoundError: net/minecraft/class_322. This is usually caused by modded entities declaring methods that have a return type or parameter type that is annotated with @Environment(value=EnvType.CLIENT). Loading the type is not possible, because it only exists in the CLIENT environment. The recommended fix is to annotate the method with this argument or return type with the same annotation. Lithium handles this error by assuming the class cannot be included in some optimizations.
[02:18:11] [main/WARN]: Lithium Class Analysis Error: Class de.mrjulsen.crn.block.AbstractAdvancedDisplayBlock cannot be analysed, because getting declared methods crashes with NoClassDefFoundError: net/minecraft/class_322. This is usually caused by modded entities declaring methods that have a return type or parameter type that is annotated with @Environment(value=EnvType.CLIENT). Loading the type is not possible, because it only exists in the CLIENT environment. The recommended fix is to annotate the method with this argument or return type with the same annotation. Lithium handles this error by assuming the class cannot be included in some optimizations.
[02:18:11] [main/WARN]: Lithium Class Analysis Error: Class de.mrjulsen.crn.block.AbstractAdvancedDisplayBlock cannot be analysed, because getting declared methods crashes with NoClassDefFoundError: net/minecraft/class_322. This is usually caused by modded entities declaring methods that have a return type or parameter type that is annotated with @Environment(value=EnvType.CLIENT). Loading the type is not possible, because it only exists in the CLIENT environment. The recommended fix is to annotate the method with this argument or return type with the same annotation. Lithium handles this error by assuming the class cannot be included in some optimizations.
[02:18:11] [main/WARN]: Lithium Class Analysis Error: Class de.mrjulsen.crn.block.AbstractAdvancedDisplayBlock cannot be analysed, because getting declared methods crashes with NoClassDefFoundError: net/minecraft/class_322. This is usually caused by modded entities declaring methods that have a return type or parameter type that is annotated with @Environment(value=EnvType.CLIENT). Loading the type is not possible, because it only exists in the CLIENT environment. The recommended fix is to annotate the method with this argument or return type with the same annotation. Lithium handles this error by assuming the class cannot be included in some optimizations.
[02:18:11] [main/WARN]: Lithium Class Analysis Error: Class de.mrjulsen.crn.block.AbstractAdvancedDisplayBlock cannot be analysed, because getting declared methods crashes with NoClassDefFoundError: net/minecraft/class_322. This is usually caused by modded entities declaring methods that have a return type or parameter type that is annotated with @Environment(value=EnvType.CLIENT). Loading the type is not possible, because it only exists in the CLIENT environment. The recommended fix is to annotate the method with this argument or return type with the same annotation. Lithium handles this error by assuming the class cannot be included in some optimizations.
[02:18:11] [main/WARN]: Lithium Class Analysis Error: Class de.mrjulsen.crn.block.AbstractAdvancedDisplayBlock cannot be analysed, because getting declared methods crashes with NoClassDefFoundError: net/minecraft/class_322. This is usually caused by modded entities declaring methods that have a return type or parameter type that is annotated with @Environment(value=EnvType.CLIENT). Loading the type is not possible, because it only exists in the CLIENT environment. The recommended fix is to annotate the method with this argument or return type with the same annotation. Lithium handles this error by assuming the class cannot be included in some optimizations.
[02:18:11] [main/WARN]: Lithium Class Analysis Error: Class de.mrjulsen.crn.block.AbstractAdvancedDisplayBlock cannot be analysed, because getting declared methods crashes with NoClassDefFoundError: net/minecraft/class_322. This is usually caused by modded entities declaring methods that have a return type or parameter type that is annotated with @Environment(value=EnvType.CLIENT). Loading the type is not possible, because it only exists in the CLIENT environment. The recommended fix is to annotate the method with this argument or return type with the same annotation. Lithium handles this error by assuming the class cannot be included in some optimizations.
[02:18:11] [main/WARN]: Lithium Class Analysis Error: Class de.mrjulsen.crn.block.AbstractAdvancedDisplayBlock cannot be analysed, because getting declared methods crashes with NoClassDefFoundError: net/minecraft/class_322. This is usually caused by modded entities declaring methods that have a return type or parameter type that is annotated with @Environment(value=EnvType.CLIENT). Loading the type is not possible, because it only exists in the CLIENT environment. The recommended fix is to annotate the method with this argument or return type with the same annotation. Lithium handles this error by assuming the class cannot be included in some optimizations.
[02:18:11] [main/WARN]: Lithium Class Analysis Error: Class de.mrjulsen.crn.block.AbstractAdvancedDisplayBlock cannot be analysed, because getting declared methods crashes with NoClassDefFoundError: net/minecraft/class_322. This is usually caused by modded entities declaring methods that have a return type or parameter type that is annotated with @Environment(value=EnvType.CLIENT). Loading the type is not possible, because it only exists in the CLIENT environment. The recommended fix is to annotate the method with this argument or return type with the same annotation. Lithium handles this error by assuming the class cannot be included in some optimizations.
[02:18:11] [main/WARN]: Lithium Class Analysis Error: Class de.mrjulsen.crn.block.AbstractAdvancedDisplayBlock cannot be analysed, because getting declared methods crashes with NoClassDefFoundError: net/minecraft/class_322. This is usually caused by modded entities declaring methods that have a return type or parameter type that is annotated with @Environment(value=EnvType.CLIENT). Loading the type is not possible, because it only exists in the CLIENT environment. The recommended fix is to annotate the method with this argument or return type with the same annotation. Lithium handles this error by assuming the class cannot be included in some optimizations.
[02:18:11] [main/WARN]: Lithium Class Analysis Error: Class de.mrjulsen.crn.block.AbstractAdvancedDisplayBlock cannot be analysed, because getting declared methods crashes with NoClassDefFoundError: net/minecraft/class_322. This is usually caused by modded entities declaring methods that have a return type or parameter type that is annotated with @Environment(value=EnvType.CLIENT). Loading the type is not possible, because it only exists in the CLIENT environment. The recommended fix is to annotate the method with this argument or return type with the same annotation. Lithium handles this error by assuming the class cannot be included in some optimizations.
[02:18:11] [main/WARN]: Lithium Class Analysis Error: Class de.mrjulsen.crn.block.AbstractAdvancedDisplayBlock cannot be analysed, because getting declared methods crashes with NoClassDefFoundError: net/minecraft/class_322. This is usually caused by modded entities declaring methods that have a return type or parameter type that is annotated with @Environment(value=EnvType.CLIENT). Loading the type is not possible, because it only exists in the CLIENT environment. The recommended fix is to annotate the method with this argument or return type with the same annotation. Lithium handles this error by assuming the class cannot be included in some optimizations.
[02:18:11] [main/WARN]: Lithium Class Analysis Error: Class de.mrjulsen.crn.block.AbstractAdvancedDisplayBlock cannot be analysed, because getting declared methods crashes with NoClassDefFoundError: net/minecraft/class_322. This is usually caused by modded entities declaring methods that have a return type or parameter type that is annotated with @Environment(value=EnvType.CLIENT). Loading the type is not possible, because it only exists in the CLIENT environment. The recommended fix is to annotate the method with this argument or return type with the same annotation. Lithium handles this error by assuming the class cannot be included in some optimizations.
[02:18:11] [main/WARN]: Lithium Class Analysis Error: Class de.mrjulsen.crn.block.AbstractAdvancedDisplayBlock cannot be analysed, because getting declared methods crashes with NoClassDefFoundError: net/minecraft/class_322. This is usually caused by modded entities declaring methods that have a return type or parameter type that is annotated with @Environment(value=EnvType.CLIENT). Loading the type is not possible, because it only exists in the CLIENT environment. The recommended fix is to annotate the method with this argument or return type with the same annotation. Lithium handles this error by assuming the class cannot be included in some optimizations.
[02:18:11] [main/WARN]: Lithium Class Analysis Error: Class de.mrjulsen.crn.block.AbstractAdvancedDisplayBlock cannot be analysed, because getting declared methods crashes with NoClassDefFoundError: net/minecraft/class_322. This is usually caused by modded entities declaring methods that have a return type or parameter type that is annotated with @Environment(value=EnvType.CLIENT). Loading the type is not possible, because it only exists in the CLIENT environment. The recommended fix is to annotate the method with this argument or return type with the same annotation. Lithium handles this error by assuming the class cannot be included in some optimizations.
[02:18:11] [main/WARN]: Lithium Class Analysis Error: Class de.mrjulsen.crn.block.AbstractAdvancedDisplayBlock cannot be analysed, because getting declared methods crashes with NoClassDefFoundError: net/minecraft/class_322. This is usually caused by modded entities declaring methods that have a return type or parameter type that is annotated with @Environment(value=EnvType.CLIENT). Loading the type is not possible, because it only exists in the CLIENT environment. The recommended fix is to annotate the method with this argument or return type with the same annotation. Lithium handles this error by assuming the class cannot be included in some optimizations.
[02:18:11] [main/WARN]: Lithium Class Analysis Error: Class de.mrjulsen.crn.block.AbstractAdvancedDisplayBlock cannot be analysed, because getting declared methods crashes with NoClassDefFoundError: net/minecraft/class_322. This is usually caused by modded entities declaring methods that have a return type or parameter type that is annotated with @Environment(value=EnvType.CLIENT). Loading the type is not possible, because it only exists in the CLIENT environment. The recommended fix is to annotate the method with this argument or return type with the same annotation. Lithium handles this error by assuming the class cannot be included in some optimizations.
[02:18:11] [main/WARN]: Lithium Class Analysis Error: Class de.mrjulsen.crn.block.AbstractAdvancedDisplayBlock cannot be analysed, because getting declared methods crashes with NoClassDefFoundError: net/minecraft/class_322. This is usually caused by modded entities declaring methods that have a return type or parameter type that is annotated with @Environment(value=EnvType.CLIENT). Loading the type is not possible, because it only exists in the CLIENT environment. The recommended fix is to annotate the method with this argument or return type with the same annotation. Lithium handles this error by assuming the class cannot be included in some optimizations.
[02:18:11] [main/WARN]: Lithium Class Analysis Error: Class de.mrjulsen.crn.block.AbstractAdvancedDisplayBlock cannot be analysed, because getting declared methods crashes with NoClassDefFoundError: net/minecraft/class_322. This is usually caused by modded entities declaring methods that have a return type or parameter type that is annotated with @Environment(value=EnvType.CLIENT). Loading the type is not possible, because it only exists in the CLIENT environment. The recommended fix is to annotate the method with this argument or return type with the same annotation. Lithium handles this error by assuming the class cannot be included in some optimizations.
[02:18:11] [main/WARN]: Lithium Class Analysis Error: Class de.mrjulsen.crn.block.AbstractAdvancedDisplayBlock cannot be analysed, because getting declared methods crashes with NoClassDefFoundError: net/minecraft/class_322. This is usually caused by modded entities declaring methods that have a return type or parameter type that is annotated with @Environment(value=EnvType.CLIENT). Loading the type is not possible, because it only exists in the CLIENT environment. The recommended fix is to annotate the method with this argument or return type with the same annotation. Lithium handles this error by assuming the class cannot be included in some optimizations.
[02:18:11] [main/WARN]: Lithium Class Analysis Error: Class de.mrjulsen.crn.block.AbstractAdvancedDisplayBlock cannot be analysed, because getting declared methods crashes with NoClassDefFoundError: net/minecraft/class_322. This is usually caused by modded entities declaring methods that have a return type or parameter type that is annotated with @Environment(value=EnvType.CLIENT). Loading the type is not possible, because it only exists in the CLIENT environment. The recommended fix is to annotate the method with this argument or return type with the same annotation. Lithium handles this error by assuming the class cannot be included in some optimizations.
[02:18:11] [main/WARN]: Lithium Class Analysis Error: Class de.mrjulsen.crn.block.AbstractAdvancedDisplayBlock cannot be analysed, because getting declared methods crashes with NoClassDefFoundError: net/minecraft/class_322. This is usually caused by modded entities declaring methods that have a return type or parameter type that is annotated with @Environment(value=EnvType.CLIENT). Loading the type is not possible, because it only exists in the CLIENT environment. The recommended fix is to annotate the method with this argument or return type with the same annotation. Lithium handles this error by assuming the class cannot be included in some optimizations.
[02:18:11] [main/WARN]: Lithium Class Analysis Error: Class de.mrjulsen.crn.block.AbstractAdvancedDisplayBlock cannot be analysed, because getting declared methods crashes with NoClassDefFoundError: net/minecraft/class_322. This is usually caused by modded entities declaring methods that have a return type or parameter type that is annotated with @Environment(value=EnvType.CLIENT). Loading the type is not possible, because it only exists in the CLIENT environment. The recommended fix is to annotate the method with this argument or return type with the same annotation. Lithium handles this error by assuming the class cannot be included in some optimizations.
[02:18:11] [main/WARN]: Lithium Class Analysis Error: Class de.mrjulsen.crn.block.AbstractAdvancedDisplayBlock cannot be analysed, because getting declared methods crashes with NoClassDefFoundError: net/minecraft/class_322. This is usually caused by modded entities declaring methods that have a return type or parameter type that is annotated with @Environment(value=EnvType.CLIENT). Loading the type is not possible, because it only exists in the CLIENT environment. The recommended fix is to annotate the method with this argument or return type with the same annotation. Lithium handles this error by assuming the class cannot be included in some optimizations.
[02:18:11] [main/WARN]: Lithium Class Analysis Error: Class de.mrjulsen.crn.block.AbstractAdvancedDisplayBlock cannot be analysed, because getting declared methods crashes with NoClassDefFoundError: net/minecraft/class_322. This is usually caused by modded entities declaring methods that have a return type or parameter type that is annotated with @Environment(value=EnvType.CLIENT). Loading the type is not possible, because it only exists in the CLIENT environment. The recommended fix is to annotate the method with this argument or return type with the same annotation. Lithium handles this error by assuming the class cannot be included in some optimizations.
[02:18:11] [main/WARN]: Lithium Class Analysis Error: Class de.mrjulsen.crn.block.AbstractAdvancedDisplayBlock cannot be analysed, because getting declared methods crashes with NoClassDefFoundError: net/minecraft/class_322. This is usually caused by modded entities declaring methods that have a return type or parameter type that is annotated with @Environment(value=EnvType.CLIENT). Loading the type is not possible, because it only exists in the CLIENT environment. The recommended fix is to annotate the method with this argument or return type with the same annotation. Lithium handles this error by assuming the class cannot be included in some optimizations.
[02:18:11] [main/WARN]: Lithium Class Analysis Error: Class de.mrjulsen.crn.block.AbstractAdvancedDisplayBlock cannot be analysed, because getting declared methods crashes with NoClassDefFoundError: net/minecraft/class_322. This is usually caused by modded entities declaring methods that have a return type or parameter type that is annotated with @Environment(value=EnvType.CLIENT). Loading the type is not possible, because it only exists in the CLIENT environment. The recommended fix is to annotate the method with this argument or return type with the same annotation. Lithium handles this error by assuming the class cannot be included in some optimizations.
[02:18:11] [main/WARN]: Lithium Class Analysis Error: Class de.mrjulsen.crn.block.AbstractAdvancedDisplayBlock cannot be analysed, because getting declared methods crashes with NoClassDefFoundError: net/minecraft/class_322. This is usually caused by modded entities declaring methods that have a return type or parameter type that is annotated with @Environment(value=EnvType.CLIENT). Loading the type is not possible, because it only exists in the CLIENT environment. The recommended fix is to annotate the method with this argument or return type with the same annotation. Lithium handles this error by assuming the class cannot be included in some optimizations.
[02:18:11] [main/WARN]: Lithium Class Analysis Error: Class de.mrjulsen.crn.block.AbstractAdvancedDisplayBlock cannot be analysed, because getting declared methods crashes with NoClassDefFoundError: net/minecraft/class_322. This is usually caused by modded entities declaring methods that have a return type or parameter type that is annotated with @Environment(value=EnvType.CLIENT). Loading the type is not possible, because it only exists in the CLIENT environment. The recommended fix is to annotate the method with this argument or return type with the same annotation. Lithium handles this error by assuming the class cannot be included in some optimizations.
[02:18:11] [main/WARN]: Lithium Class Analysis Error: Class de.mrjulsen.crn.block.AbstractAdvancedDisplayBlock cannot be analysed, because getting declared methods crashes with NoClassDefFoundError: net/minecraft/class_322. This is usually caused by modded entities declaring methods that have a return type or parameter type that is annotated with @Environment(value=EnvType.CLIENT). Loading the type is not possible, because it only exists in the CLIENT environment. The recommended fix is to annotate the method with this argument or return type with the same annotation. Lithium handles this error by assuming the class cannot be included in some optimizations.
[02:18:11] [main/WARN]: Lithium Class Analysis Error: Class de.mrjulsen.crn.block.AbstractAdvancedDisplayBlock cannot be analysed, because getting declared methods crashes with NoClassDefFoundError: net/minecraft/class_322. This is usually caused by modded entities declaring methods that have a return type or parameter type that is annotated with @Environment(value=EnvType.CLIENT). Loading the type is not possible, because it only exists in the CLIENT environment. The recommended fix is to annotate the method with this argument or return type with the same annotation. Lithium handles this error by assuming the class cannot be included in some optimizations.
[02:18:11] [main/WARN]: Lithium Class Analysis Error: Class de.mrjulsen.crn.block.AbstractAdvancedDisplayBlock cannot be analysed, because getting declared methods crashes with NoClassDefFoundError: net/minecraft/class_322. This is usually caused by modded entities declaring methods that have a return type or parameter type that is annotated with @Environment(value=EnvType.CLIENT). Loading the type is not possible, because it only exists in the CLIENT environment. The recommended fix is to annotate the method with this argument or return type with the same annotation. Lithium handles this error by assuming the class cannot be included in some optimizations.
[02:18:11] [main/WARN]: Lithium Class Analysis Error: Class de.mrjulsen.crn.block.AbstractAdvancedDisplayBlock cannot be analysed, because getting declared methods crashes with NoClassDefFoundError: net/minecraft/class_322. This is usually caused by modded entities declaring methods that have a return type or parameter type that is annotated with @Environment(value=EnvType.CLIENT). Loading the type is not possible, because it only exists in the CLIENT environment. The recommended fix is to annotate the method with this argument or return type with the same annotation. Lithium handles this error by assuming the class cannot be included in some optimizations.
[02:18:11] [main/WARN]: Lithium Class Analysis Error: Class de.mrjulsen.crn.block.AbstractAdvancedDisplayBlock cannot be analysed, because getting declared methods crashes with NoClassDefFoundError: net/minecraft/class_322. This is usually caused by modded entities declaring methods that have a return type or parameter type that is annotated with @Environment(value=EnvType.CLIENT). Loading the type is not possible, because it only exists in the CLIENT environment. The recommended fix is to annotate the method with this argument or return type with the same annotation. Lithium handles this error by assuming the class cannot be included in some optimizations.
[02:18:11] [main/WARN]: Lithium Class Analysis Error: Class de.mrjulsen.crn.block.AbstractAdvancedDisplayBlock cannot be analysed, because getting declared methods crashes with NoClassDefFoundError: net/minecraft/class_322. This is usually caused by modded entities declaring methods that have a return type or parameter type that is annotated with @Environment(value=EnvType.CLIENT). Loading the type is not possible, because it only exists in the CLIENT environment. The recommended fix is to annotate the method with this argument or return type with the same annotation. Lithium handles this error by assuming the class cannot be included in some optimizations.
[02:18:11] [main/WARN]: Lithium Class Analysis Error: Class de.mrjulsen.crn.block.AbstractAdvancedDisplayBlock cannot be analysed, because getting declared methods crashes with NoClassDefFoundError: net/minecraft/class_322. This is usually caused by modded entities declaring methods that have a return type or parameter type that is annotated with @Environment(value=EnvType.CLIENT). Loading the type is not possible, because it only exists in the CLIENT environment. The recommended fix is to annotate the method with this argument or return type with the same annotation. Lithium handles this error by assuming the class cannot be included in some optimizations.
[02:18:11] [main/WARN]: Lithium Class Analysis Error: Class de.mrjulsen.crn.block.AbstractAdvancedDisplayBlock cannot be analysed, because getting declared methods crashes with NoClassDefFoundError: net/minecraft/class_322. This is usually caused by modded entities declaring methods that have a return type or parameter type that is annotated with @Environment(value=EnvType.CLIENT). Loading the type is not possible, because it only exists in the CLIENT environment. The recommended fix is to annotate the method with this argument or return type with the same annotation. Lithium handles this error by assuming the class cannot be included in some optimizations.
[02:18:11] [main/WARN]: Lithium Class Analysis Error: Class de.mrjulsen.crn.block.AbstractAdvancedDisplayBlock cannot be analysed, because getting declared methods crashes with NoClassDefFoundError: net/minecraft/class_322. This is usually caused by modded entities declaring methods that have a return type or parameter type that is annotated with @Environment(value=EnvType.CLIENT). Loading the type is not possible, because it only exists in the CLIENT environment. The recommended fix is to annotate the method with this argument or return type with the same annotation. Lithium handles this error by assuming the class cannot be included in some optimizations.
[02:18:11] [main/WARN]: Lithium Class Analysis Error: Class de.mrjulsen.crn.block.AbstractAdvancedDisplayBlock cannot be analysed, because getting declared methods crashes with NoClassDefFoundError: net/minecraft/class_322. This is usually caused by modded entities declaring methods that have a return type or parameter type that is annotated with @Environment(value=EnvType.CLIENT). Loading the type is not possible, because it only exists in the CLIENT environment. The recommended fix is to annotate the method with this argument or return type with the same annotation. Lithium handles this error by assuming the class cannot be included in some optimizations.
[02:18:11] [main/WARN]: Lithium Class Analysis Error: Class de.mrjulsen.crn.block.AbstractAdvancedDisplayBlock cannot be analysed, because getting declared methods crashes with NoClassDefFoundError: net/minecraft/class_322. This is usually caused by modded entities declaring methods that have a return type or parameter type that is annotated with @Environment(value=EnvType.CLIENT). Loading the type is not possible, because it only exists in the CLIENT environment. The recommended fix is to annotate the method with this argument or return type with the same annotation. Lithium handles this error by assuming the class cannot be included in some optimizations.
[02:18:11] [main/WARN]: Lithium Class Analysis Error: Class de.mrjulsen.crn.block.AbstractAdvancedDisplayBlock cannot be analysed, because getting declared methods crashes with NoClassDefFoundError: net/minecraft/class_322. This is usually caused by modded entities declaring methods that have a return type or parameter type that is annotated with @Environment(value=EnvType.CLIENT). Loading the type is not possible, because it only exists in the CLIENT environment. The recommended fix is to annotate the method with this argument or return type with the same annotation. Lithium handles this error by assuming the class cannot be included in some optimizations.
[02:18:11] [main/WARN]: Lithium Class Analysis Error: Class de.mrjulsen.crn.block.AbstractAdvancedDisplayBlock cannot be analysed, because getting declared methods crashes with NoClassDefFoundError: net/minecraft/class_322. This is usually caused by modded entities declaring methods that have a return type or parameter type that is annotated with @Environment(value=EnvType.CLIENT). Loading the type is not possible, because it only exists in the CLIENT environment. The recommended fix is to annotate the method with this argument or return type with the same annotation. Lithium handles this error by assuming the class cannot be included in some optimizations.
[02:18:11] [main/WARN]: Lithium Class Analysis Error: Class de.mrjulsen.crn.block.AbstractAdvancedDisplayBlock cannot be analysed, because getting declared methods crashes with NoClassDefFoundError: net/minecraft/class_322. This is usually caused by modded entities declaring methods that have a return type or parameter type that is annotated with @Environment(value=EnvType.CLIENT). Loading the type is not possible, because it only exists in the CLIENT environment. The recommended fix is to annotate the method with this argument or return type with the same annotation. Lithium handles this error by assuming the class cannot be included in some optimizations.
[02:18:11] [main/WARN]: Lithium Class Analysis Error: Class de.mrjulsen.crn.block.AbstractAdvancedDisplayBlock cannot be analysed, because getting declared methods crashes with NoClassDefFoundError: net/minecraft/class_322. This is usually caused by modded entities declaring methods that have a return type or parameter type that is annotated with @Environment(value=EnvType.CLIENT). Loading the type is not possible, because it only exists in the CLIENT environment. The recommended fix is to annotate the method with this argument or return type with the same annotation. Lithium handles this error by assuming the class cannot be included in some optimizations.
[02:18:11] [main/WARN]: Lithium Class Analysis Error: Class de.mrjulsen.crn.block.AbstractAdvancedDisplayBlock cannot be analysed, because getting declared methods crashes with NoClassDefFoundError: net/minecraft/class_322. This is usually caused by modded entities declaring methods that have a return type or parameter type that is annotated with @Environment(value=EnvType.CLIENT). Loading the type is not possible, because it only exists in the CLIENT environment. The recommended fix is to annotate the method with this argument or return type with the same annotation. Lithium handles this error by assuming the class cannot be included in some optimizations.
[02:18:11] [main/WARN]: Lithium Class Analysis Error: Class de.mrjulsen.crn.block.AbstractAdvancedDisplayBlock cannot be analysed, because getting declared methods crashes with NoClassDefFoundError: net/minecraft/class_322. This is usually caused by modded entities declaring methods that have a return type or parameter type that is annotated with @Environment(value=EnvType.CLIENT). Loading the type is not possible, because it only exists in the CLIENT environment. The recommended fix is to annotate the method with this argument or return type with the same annotation. Lithium handles this error by assuming the class cannot be included in some optimizations.
[02:18:11] [main/WARN]: Lithium Class Analysis Error: Class de.mrjulsen.crn.block.AbstractAdvancedDisplayBlock cannot be analysed, because getting declared methods crashes with NoClassDefFoundError: net/minecraft/class_322. This is usually caused by modded entities declaring methods that have a return type or parameter type that is annotated with @Environment(value=EnvType.CLIENT). Loading the type is not possible, because it only exists in the CLIENT environment. The recommended fix is to annotate the method with this argument or return type with the same annotation. Lithium handles this error by assuming the class cannot be included in some optimizations.
[02:18:11] [main/WARN]: Lithium Class Analysis Error: Class de.mrjulsen.crn.block.AbstractAdvancedDisplayBlock cannot be analysed, because getting declared methods crashes with NoClassDefFoundError: net/minecraft/class_322. This is usually caused by modded entities declaring methods that have a return type or parameter type that is annotated with @Environment(value=EnvType.CLIENT). Loading the type is not possible, because it only exists in the CLIENT environment. The recommended fix is to annotate the method with this argument or return type with the same annotation. Lithium handles this error by assuming the class cannot be included in some optimizations.
[02:18:11] [main/WARN]: Lithium Class Analysis Error: Class de.mrjulsen.crn.block.AbstractAdvancedDisplayBlock cannot be analysed, because getting declared methods crashes with NoClassDefFoundError: net/minecraft/class_322. This is usually caused by modded entities declaring methods that have a return type or parameter type that is annotated with @Environment(value=EnvType.CLIENT). Loading the type is not possible, because it only exists in the CLIENT environment. The recommended fix is to annotate the method with this argument or return type with the same annotation. Lithium handles this error by assuming the class cannot be included in some optimizations.
[02:18:11] [main/WARN]: Lithium Class Analysis Error: Class de.mrjulsen.crn.block.AbstractAdvancedDisplayBlock cannot be analysed, because getting declared methods crashes with NoClassDefFoundError: net/minecraft/class_322. This is usually caused by modded entities declaring methods that have a return type or parameter type that is annotated with @Environment(value=EnvType.CLIENT). Loading the type is not possible, because it only exists in the CLIENT environment. The recommended fix is to annotate the method with this argument or return type with the same annotation. Lithium handles this error by assuming the class cannot be included in some optimizations.
[02:18:11] [main/WARN]: Lithium Class Analysis Error: Class de.mrjulsen.crn.block.AbstractAdvancedDisplayBlock cannot be analysed, because getting declared methods crashes with NoClassDefFoundError: net/minecraft/class_322. This is usually caused by modded entities declaring methods that have a return type or parameter type that is annotated with @Environment(value=EnvType.CLIENT). Loading the type is not possible, because it only exists in the CLIENT environment. The recommended fix is to annotate the method with this argument or return type with the same annotation. Lithium handles this error by assuming the class cannot be included in some optimizations.
[02:18:11] [main/WARN]: Lithium Class Analysis Error: Class de.mrjulsen.crn.block.AbstractAdvancedDisplayBlock cannot be analysed, because getting declared methods crashes with NoClassDefFoundError: net/minecraft/class_322. This is usually caused by modded entities declaring methods that have a return type or parameter type that is annotated with @Environment(value=EnvType.CLIENT). Loading the type is not possible, because it only exists in the CLIENT environment. The recommended fix is to annotate the method with this argument or return type with the same annotation. Lithium handles this error by assuming the class cannot be included in some optimizations.
[02:18:11] [main/WARN]: Lithium Class Analysis Error: Class de.mrjulsen.crn.block.AbstractAdvancedDisplayBlock cannot be analysed, because getting declared methods crashes with NoClassDefFoundError: net/minecraft/class_322. This is usually caused by modded entities declaring methods that have a return type or parameter type that is annotated with @Environment(value=EnvType.CLIENT). Loading the type is not possible, because it only exists in the CLIENT environment. The recommended fix is to annotate the method with this argument or return type with the same annotation. Lithium handles this error by assuming the class cannot be included in some optimizations.
[02:18:11] [main/WARN]: Lithium Class Analysis Error: Class de.mrjulsen.crn.block.AbstractAdvancedDisplayBlock cannot be analysed, because getting declared methods crashes with NoClassDefFoundError: net/minecraft/class_322. This is usually caused by modded entities declaring methods that have a return type or parameter type that is annotated with @Environment(value=EnvType.CLIENT). Loading the type is not possible, because it only exists in the CLIENT environment. The recommended fix is to annotate the method with this argument or return type with the same annotation. Lithium handles this error by assuming the class cannot be included in some optimizations.
[02:18:11] [main/WARN]: Lithium Class Analysis Error: Class de.mrjulsen.crn.block.AbstractAdvancedDisplayBlock cannot be analysed, because getting declared methods crashes with NoClassDefFoundError: net/minecraft/class_322. This is usually caused by modded entities declaring methods that have a return type or parameter type that is annotated with @Environment(value=EnvType.CLIENT). Loading the type is not possible, because it only exists in the CLIENT environment. The recommended fix is to annotate the method with this argument or return type with the same annotation. Lithium handles this error by assuming the class cannot be included in some optimizations.
[02:18:11] [main/WARN]: Lithium Class Analysis Error: Class de.mrjulsen.crn.block.AbstractAdvancedDisplayBlock cannot be analysed, because getting declared methods crashes with NoClassDefFoundError: net/minecraft/class_322. This is usually caused by modded entities declaring methods that have a return type or parameter type that is annotated with @Environment(value=EnvType.CLIENT). Loading the type is not possible, because it only exists in the CLIENT environment. The recommended fix is to annotate the method with this argument or return type with the same annotation. Lithium handles this error by assuming the class cannot be included in some optimizations.
[02:18:11] [main/WARN]: Lithium Class Analysis Error: Class de.mrjulsen.crn.block.AbstractAdvancedDisplayBlock cannot be analysed, because getting declared methods crashes with NoClassDefFoundError: net/minecraft/class_322. This is usually caused by modded entities declaring methods that have a return type or parameter type that is annotated with @Environment(value=EnvType.CLIENT). Loading the type is not possible, because it only exists in the CLIENT environment. The recommended fix is to annotate the method with this argument or return type with the same annotation. Lithium handles this error by assuming the class cannot be included in some optimizations.
[02:18:11] [main/WARN]: Lithium Class Analysis Error: Class de.mrjulsen.crn.block.AbstractAdvancedDisplayBlock cannot be analysed, because getting declared methods crashes with NoClassDefFoundError: net/minecraft/class_322. This is usually caused by modded entities declaring methods that have a return type or parameter type that is annotated with @Environment(value=EnvType.CLIENT). Loading the type is not possible, because it only exists in the CLIENT environment. The recommended fix is to annotate the method with this argument or return type with the same annotation. Lithium handles this error by assuming the class cannot be included in some optimizations.
[02:18:11] [main/WARN]: Lithium Class Analysis Error: Class de.mrjulsen.crn.block.AbstractAdvancedDisplayBlock cannot be analysed, because getting declared methods crashes with NoClassDefFoundError: net/minecraft/class_322. This is usually caused by modded entities declaring methods that have a return type or parameter type that is annotated with @Environment(value=EnvType.CLIENT). Loading the type is not possible, because it only exists in the CLIENT environment. The recommended fix is to annotate the method with this argument or return type with the same annotation. Lithium handles this error by assuming the class cannot be included in some optimizations.
[02:18:11] [main/WARN]: Lithium Class Analysis Error: Class de.mrjulsen.crn.block.AbstractAdvancedDisplayBlock cannot be analysed, because getting declared methods crashes with NoClassDefFoundError: net/minecraft/class_322. This is usually caused by modded entities declaring methods that have a return type or parameter type that is annotated with @Environment(value=EnvType.CLIENT). Loading the type is not possible, because it only exists in the CLIENT environment. The recommended fix is to annotate the method with this argument or return type with the same annotation. Lithium handles this error by assuming the class cannot be included in some optimizations.
[02:18:11] [main/WARN]: Lithium Class Analysis Error: Class de.mrjulsen.crn.block.AbstractAdvancedDisplayBlock cannot be analysed, because getting declared methods crashes with NoClassDefFoundError: net/minecraft/class_322. This is usually caused by modded entities declaring methods that have a return type or parameter type that is annotated with @Environment(value=EnvType.CLIENT). Loading the type is not possible, because it only exists in the CLIENT environment. The recommended fix is to annotate the method with this argument or return type with the same annotation. Lithium handles this error by assuming the class cannot be included in some optimizations.
[02:18:11] [main/WARN]: Lithium Class Analysis Error: Class de.mrjulsen.crn.block.AbstractAdvancedDisplayBlock cannot be analysed, because getting declared methods crashes with NoClassDefFoundError: net/minecraft/class_322. This is usually caused by modded entities declaring methods that have a return type or parameter type that is annotated with @Environment(value=EnvType.CLIENT). Loading the type is not possible, because it only exists in the CLIENT environment. The recommended fix is to annotate the method with this argument or return type with the same annotation. Lithium handles this error by assuming the class cannot be included in some optimizations.
[02:18:11] [main/WARN]: Lithium Class Analysis Error: Class de.mrjulsen.crn.block.AbstractAdvancedDisplayBlock cannot be analysed, because getting declared methods crashes with NoClassDefFoundError: net/minecraft/class_322. This is usually caused by modded entities declaring methods that have a return type or parameter type that is annotated with @Environment(value=EnvType.CLIENT). Loading the type is not possible, because it only exists in the CLIENT environment. The recommended fix is to annotate the method with this argument or return type with the same annotation. Lithium handles this error by assuming the class cannot be included in some optimizations.
[02:18:11] [main/WARN]: Lithium Class Analysis Error: Class de.mrjulsen.crn.block.AbstractAdvancedDisplayBlock cannot be analysed, because getting declared methods crashes with NoClassDefFoundError: net/minecraft/class_322. This is usually caused by modded entities declaring methods that have a return type or parameter type that is annotated with @Environment(value=EnvType.CLIENT). Loading the type is not possible, because it only exists in the CLIENT environment. The recommended fix is to annotate the method with this argument or return type with the same annotation. Lithium handles this error by assuming the class cannot be included in some optimizations.
[02:18:11] [main/WARN]: Lithium Class Analysis Error: Class de.mrjulsen.crn.block.AbstractAdvancedDisplayBlock cannot be analysed, because getting declared methods crashes with NoClassDefFoundError: net/minecraft/class_322. This is usually caused by modded entities declaring methods that have a return type or parameter type that is annotated with @Environment(value=EnvType.CLIENT). Loading the type is not possible, because it only exists in the CLIENT environment. The recommended fix is to annotate the method with this argument or return type with the same annotation. Lithium handles this error by assuming the class cannot be included in some optimizations.
[02:18:11] [main/WARN]: Lithium Class Analysis Error: Class de.mrjulsen.crn.block.AbstractAdvancedDisplayBlock cannot be analysed, because getting declared methods crashes with NoClassDefFoundError: net/minecraft/class_322. This is usually caused by modded entities declaring methods that have a return type or parameter type that is annotated with @Environment(value=EnvType.CLIENT). Loading the type is not possible, because it only exists in the CLIENT environment. The recommended fix is to annotate the method with this argument or return type with the same annotation. Lithium handles this error by assuming the class cannot be included in some optimizations.
[02:18:11] [main/WARN]: Lithium Class Analysis Error: Class de.mrjulsen.crn.block.AbstractAdvancedDisplayBlock cannot be analysed, because getting declared methods crashes with NoClassDefFoundError: net/minecraft/class_322. This is usually caused by modded entities declaring methods that have a return type or parameter type that is annotated with @Environment(value=EnvType.CLIENT). Loading the type is not possible, because it only exists in the CLIENT environment. The recommended fix is to annotate the method with this argument or return type with the same annotation. Lithium handles this error by assuming the class cannot be included in some optimizations.
[02:18:11] [main/WARN]: Lithium Class Analysis Error: Class de.mrjulsen.crn.block.AbstractAdvancedDisplayBlock cannot be analysed, because getting declared methods crashes with NoClassDefFoundError: net/minecraft/class_322. This is usually caused by modded entities declaring methods that have a return type or parameter type that is annotated with @Environment(value=EnvType.CLIENT). Loading the type is not possible, because it only exists in the CLIENT environment. The recommended fix is to annotate the method with this argument or return type with the same annotation. Lithium handles this error by assuming the class cannot be included in some optimizations.
[02:18:11] [main/WARN]: Lithium Class Analysis Error: Class de.mrjulsen.crn.block.AbstractAdvancedDisplayBlock cannot be analysed, because getting declared methods crashes with NoClassDefFoundError: net/minecraft/class_322. This is usually caused by modded entities declaring methods that have a return type or parameter type that is annotated with @Environment(value=EnvType.CLIENT). Loading the type is not possible, because it only exists in the CLIENT environment. The recommended fix is to annotate the method with this argument or return type with the same annotation. Lithium handles this error by assuming the class cannot be included in some optimizations.
[02:18:11] [main/WARN]: Lithium Class Analysis Error: Class de.mrjulsen.crn.block.AbstractAdvancedDisplayBlock cannot be analysed, because getting declared methods crashes with NoClassDefFoundError: net/minecraft/class_322. This is usually caused by modded entities declaring methods that have a return type or parameter type that is annotated with @Environment(value=EnvType.CLIENT). Loading the type is not possible, because it only exists in the CLIENT environment. The recommended fix is to annotate the method with this argument or return type with the same annotation. Lithium handles this error by assuming the class cannot be included in some optimizations.
[02:18:11] [main/WARN]: Lithium Class Analysis Error: Class de.mrjulsen.crn.block.AbstractAdvancedDisplayBlock cannot be analysed, because getting declared methods crashes with NoClassDefFoundError: net/minecraft/class_322. This is usually caused by modded entities declaring methods that have a return type or parameter type that is annotated with @Environment(value=EnvType.CLIENT). Loading the type is not possible, because it only exists in the CLIENT environment. The recommended fix is to annotate the method with this argument or return type with the same annotation. Lithium handles this error by assuming the class cannot be included in some optimizations.
[02:18:11] [main/WARN]: Lithium Class Analysis Error: Class de.mrjulsen.crn.block.AbstractAdvancedDisplayBlock cannot be analysed, because getting declared methods crashes with NoClassDefFoundError: net/minecraft/class_322. This is usually caused by modded entities declaring methods that have a return type or parameter type that is annotated with @Environment(value=EnvType.CLIENT). Loading the type is not possible, because it only exists in the CLIENT environment. The recommended fix is to annotate the method with this argument or return type with the same annotation. Lithium handles this error by assuming the class cannot be included in some optimizations.
[02:18:11] [main/WARN]: Lithium Class Analysis Error: Class de.mrjulsen.crn.block.AbstractAdvancedDisplayBlock cannot be analysed, because getting declared methods crashes with NoClassDefFoundError: net/minecraft/class_322. This is usually caused by modded entities declaring methods that have a return type or parameter type that is annotated with @Environment(value=EnvType.CLIENT). Loading the type is not possible, because it only exists in the CLIENT environment. The recommended fix is to annotate the method with this argument or return type with the same annotation. Lithium handles this error by assuming the class cannot be included in some optimizations.
[02:18:11] [main/WARN]: Lithium Class Analysis Error: Class de.mrjulsen.crn.block.AbstractAdvancedDisplayBlock cannot be analysed, because getting declared methods crashes with NoClassDefFoundError: net/minecraft/class_322. This is usually caused by modded entities declaring methods that have a return type or parameter type that is annotated with @Environment(value=EnvType.CLIENT). Loading the type is not possible, because it only exists in the CLIENT environment. The recommended fix is to annotate the method with this argument or return type with the same annotation. Lithium handles this error by assuming the class cannot be included in some optimizations.
[02:18:11] [main/WARN]: Lithium Class Analysis Error: Class de.mrjulsen.crn.block.AbstractAdvancedDisplayBlock cannot be analysed, because getting declared methods crashes with NoClassDefFoundError: net/minecraft/class_322. This is usually caused by modded entities declaring methods that have a return type or parameter type that is annotated with @Environment(value=EnvType.CLIENT). Loading the type is not possible, because it only exists in the CLIENT environment. The recommended fix is to annotate the method with this argument or return type with the same annotation. Lithium handles this error by assuming the class cannot be included in some optimizations.
[02:18:11] [main/WARN]: Lithium Class Analysis Error: Class de.mrjulsen.crn.block.AbstractAdvancedDisplayBlock cannot be analysed, because getting declared methods crashes with NoClassDefFoundError: net/minecraft/class_322. This is usually caused by modded entities declaring methods that have a return type or parameter type that is annotated with @Environment(value=EnvType.CLIENT). Loading the type is not possible, because it only exists in the CLIENT environment. The recommended fix is to annotate the method with this argument or return type with the same annotation. Lithium handles this error by assuming the class cannot be included in some optimizations.
[02:18:11] [main/WARN]: Lithium Class Analysis Error: Class de.mrjulsen.crn.block.AbstractAdvancedDisplayBlock cannot be analysed, because getting declared methods crashes with NoClassDefFoundError: net/minecraft/class_322. This is usually caused by modded entities declaring methods that have a return type or parameter type that is annotated with @Environment(value=EnvType.CLIENT). Loading the type is not possible, because it only exists in the CLIENT environment. The recommended fix is to annotate the method with this argument or return type with the same annotation. Lithium handles this error by assuming the class cannot be included in some optimizations.
[02:18:11] [main/WARN]: Lithium Class Analysis Error: Class de.mrjulsen.crn.block.AbstractAdvancedDisplayBlock cannot be analysed, because getting declared methods crashes with NoClassDefFoundError: net/minecraft/class_322. This is usually caused by modded entities declaring methods that have a return type or parameter type that is annotated with @Environment(value=EnvType.CLIENT). Loading the type is not possible, because it only exists in the CLIENT environment. The recommended fix is to annotate the method with this argument or return type with the same annotation. Lithium handles this error by assuming the class cannot be included in some optimizations.
[02:18:11] [main/WARN]: Lithium Class Analysis Error: Class de.mrjulsen.crn.block.AbstractAdvancedDisplayBlock cannot be analysed, because getting declared methods crashes with NoClassDefFoundError: net/minecraft/class_322. This is usually caused by modded entities declaring methods that have a return type or parameter type that is annotated with @Environment(value=EnvType.CLIENT). Loading the type is not possible, because it only exists in the CLIENT environment. The recommended fix is to annotate the method with this argument or return type with the same annotation. Lithium handles this error by assuming the class cannot be included in some optimizations.
[02:18:11] [main/WARN]: Lithium Class Analysis Error: Class de.mrjulsen.crn.block.AbstractAdvancedDisplayBlock cannot be analysed, because getting declared methods crashes with NoClassDefFoundError: net/minecraft/class_322. This is usually caused by modded entities declaring methods that have a return type or parameter type that is annotated with @Environment(value=EnvType.CLIENT). Loading the type is not possible, because it only exists in the CLIENT environment. The recommended fix is to annotate the method with this argument or return type with the same annotation. Lithium handles this error by assuming the class cannot be included in some optimizations.
[02:18:11] [main/WARN]: Lithium Class Analysis Error: Class de.mrjulsen.crn.block.AbstractAdvancedDisplayBlock cannot be analysed, because getting declared methods crashes with NoClassDefFoundError: net/minecraft/class_322. This is usually caused by modded entities declaring methods that have a return type or parameter type that is annotated with @Environment(value=EnvType.CLIENT). Loading the type is not possible, because it only exists in the CLIENT environment. The recommended fix is to annotate the method with this argument or return type with the same annotation. Lithium handles this error by assuming the class cannot be included in some optimizations.
[02:18:11] [main/WARN]: Lithium Class Analysis Error: Class de.mrjulsen.crn.block.AbstractAdvancedDisplayBlock cannot be analysed, because getting declared methods crashes with NoClassDefFoundError: net/minecraft/class_322. This is usually caused by modded entities declaring methods that have a return type or parameter type that is annotated with @Environment(value=EnvType.CLIENT). Loading the type is not possible, because it only exists in the CLIENT environment. The recommended fix is to annotate the method with this argument or return type with the same annotation. Lithium handles this error by assuming the class cannot be included in some optimizations.
[02:18:11] [main/WARN]: Lithium Class Analysis Error: Class de.mrjulsen.crn.block.AbstractAdvancedDisplayBlock cannot be analysed, because getting declared methods crashes with NoClassDefFoundError: net/minecraft/class_322. This is usually caused by modded entities declaring methods that have a return type or parameter type that is annotated with @Environment(value=EnvType.CLIENT). Loading the type is not possible, because it only exists in the CLIENT environment. The recommended fix is to annotate the method with this argument or return type with the same annotation. Lithium handles this error by assuming the class cannot be included in some optimizations.
[02:18:11] [main/WARN]: Lithium Class Analysis Error: Class de.mrjulsen.crn.block.AbstractAdvancedDisplayBlock cannot be analysed, because getting declared methods crashes with NoClassDefFoundError: net/minecraft/class_322. This is usually caused by modded entities declaring methods that have a return type or parameter type that is annotated with @Environment(value=EnvType.CLIENT). Loading the type is not possible, because it only exists in the CLIENT environment. The recommended fix is to annotate the method with this argument or return type with the same annotation. Lithium handles this error by assuming the class cannot be included in some optimizations.
[02:18:11] [main/WARN]: Lithium Class Analysis Error: Class de.mrjulsen.crn.block.AbstractAdvancedDisplayBlock cannot be analysed, because getting declared methods crashes with NoClassDefFoundError: net/minecraft/class_322. This is usually caused by modded entities declaring methods that have a return type or parameter type that is annotated with @Environment(value=EnvType.CLIENT). Loading the type is not possible, because it only exists in the CLIENT environment. The recommended fix is to annotate the method with this argument or return type with the same annotation. Lithium handles this error by assuming the class cannot be included in some optimizations.
[02:18:12] [main/WARN]: Lithium Class Analysis Error: Class de.mrjulsen.crn.block.AbstractAdvancedDisplayBlock cannot be analysed, because getting declared methods crashes with NoClassDefFoundError: net/minecraft/class_322. This is usually caused by modded entities declaring methods that have a return type or parameter type that is annotated with @Environment(value=EnvType.CLIENT). Loading the type is not possible, because it only exists in the CLIENT environment. The recommended fix is to annotate the method with this argument or return type with the same annotation. Lithium handles this error by assuming the class cannot be included in some optimizations.
[02:18:12] [main/WARN]: Lithium Class Analysis Error: Class de.mrjulsen.crn.block.AbstractAdvancedDisplayBlock cannot be analysed, because getting declared methods crashes with NoClassDefFoundError: net/minecraft/class_322. This is usually caused by modded entities declaring methods that have a return type or parameter type that is annotated with @Environment(value=EnvType.CLIENT). Loading the type is not possible, because it only exists in the CLIENT environment. The recommended fix is to annotate the method with this argument or return type with the same annotation. Lithium handles this error by assuming the class cannot be included in some optimizations.
[02:18:12] [main/WARN]: Lithium Class Analysis Error: Class de.mrjulsen.crn.block.AbstractAdvancedDisplayBlock cannot be analysed, because getting declared methods crashes with NoClassDefFoundError: net/minecraft/class_322. This is usually caused by modded entities declaring methods that have a return type or parameter type that is annotated with @Environment(value=EnvType.CLIENT). Loading the type is not possible, because it only exists in the CLIENT environment. The recommended fix is to annotate the method with this argument or return type with the same annotation. Lithium handles this error by assuming the class cannot be included in some optimizations.
[02:18:12] [main/WARN]: Lithium Class Analysis Error: Class de.mrjulsen.crn.block.AbstractAdvancedDisplayBlock cannot be analysed, because getting declared methods crashes with NoClassDefFoundError: net/minecraft/class_322. This is usually caused by modded entities declaring methods that have a return type or parameter type that is annotated with @Environment(value=EnvType.CLIENT). Loading the type is not possible, because it only exists in the CLIENT environment. The recommended fix is to annotate the method with this argument or return type with the same annotation. Lithium handles this error by assuming the class cannot be included in some optimizations.
[02:18:12] [main/WARN]: Lithium Class Analysis Error: Class de.mrjulsen.crn.block.AbstractAdvancedDisplayBlock cannot be analysed, because getting declared methods crashes with NoClassDefFoundError: net/minecraft/class_322. This is usually caused by modded entities declaring methods that have a return type or parameter type that is annotated with @Environment(value=EnvType.CLIENT). Loading the type is not possible, because it only exists in the CLIENT environment. The recommended fix is to annotate the method with this argument or return type with the same annotation. Lithium handles this error by assuming the class cannot be included in some optimizations.
[02:18:12] [main/WARN]: Lithium Class Analysis Error: Class de.mrjulsen.crn.block.AbstractAdvancedDisplayBlock cannot be analysed, because getting declared methods crashes with NoClassDefFoundError: net/minecraft/class_322. This is usually caused by modded entities declaring methods that have a return type or parameter type that is annotated with @Environment(value=EnvType.CLIENT). Loading the type is not possible, because it only exists in the CLIENT environment. The recommended fix is to annotate the method with this argument or return type with the same annotation. Lithium handles this error by assuming the class cannot be included in some optimizations.
[02:18:12] [main/WARN]: Lithium Class Analysis Error: Class de.mrjulsen.crn.block.AbstractAdvancedDisplayBlock cannot be analysed, because getting declared methods crashes with NoClassDefFoundError: net/minecraft/class_322. This is usually caused by modded entities declaring methods that have a return type or parameter type that is annotated with @Environment(value=EnvType.CLIENT). Loading the type is not possible, because it only exists in the CLIENT environment. The recommended fix is to annotate the method with this argument or return type with the same annotation. Lithium handles this error by assuming the class cannot be included in some optimizations.
[02:18:12] [main/WARN]: Lithium Class Analysis Error: Class de.mrjulsen.crn.block.AbstractAdvancedDisplayBlock cannot be analysed, because getting declared methods crashes with NoClassDefFoundError: net/minecraft/class_322. This is usually caused by modded entities declaring methods that have a return type or parameter type that is annotated with @Environment(value=EnvType.CLIENT). Loading the type is not possible, because it only exists in the CLIENT environment. The recommended fix is to annotate the method with this argument or return type with the same annotation. Lithium handles this error by assuming the class cannot be included in some optimizations.
[02:18:12] [main/WARN]: Lithium Class Analysis Error: Class de.mrjulsen.crn.block.AbstractAdvancedDisplayBlock cannot be analysed, because getting declared methods crashes with NoClassDefFoundError: net/minecraft/class_322. This is usually caused by modded entities declaring methods that have a return type or parameter type that is annotated with @Environment(value=EnvType.CLIENT). Loading the type is not possible, because it only exists in the CLIENT environment. The recommended fix is to annotate the method with this argument or return type with the same annotation. Lithium handles this error by assuming the class cannot be included in some optimizations.
[02:18:12] [main/WARN]: Lithium Class Analysis Error: Class de.mrjulsen.crn.block.AbstractAdvancedDisplayBlock cannot be analysed, because getting declared methods crashes with NoClassDefFoundError: net/minecraft/class_322. This is usually caused by modded entities declaring methods that have a return type or parameter type that is annotated with @Environment(value=EnvType.CLIENT). Loading the type is not possible, because it only exists in the CLIENT environment. The recommended fix is to annotate the method with this argument or return type with the same annotation. Lithium handles this error by assuming the class cannot be included in some optimizations.
[02:18:12] [main/WARN]: Lithium Class Analysis Error: Class de.mrjulsen.crn.block.AbstractAdvancedDisplayBlock cannot be analysed, because getting declared methods crashes with NoClassDefFoundError: net/minecraft/class_322. This is usually caused by modded entities declaring methods that have a return type or parameter type that is annotated with @Environment(value=EnvType.CLIENT). Loading the type is not possible, because it only exists in the CLIENT environment. The recommended fix is to annotate the method with this argument or return type with the same annotation. Lithium handles this error by assuming the class cannot be included in some optimizations.
[02:18:12] [main/WARN]: Lithium Class Analysis Error: Class de.mrjulsen.crn.block.AbstractAdvancedDisplayBlock cannot be analysed, because getting declared methods crashes with NoClassDefFoundError: net/minecraft/class_322. This is usually caused by modded entities declaring methods that have a return type or parameter type that is annotated with @Environment(value=EnvType.CLIENT). Loading the type is not possible, because it only exists in the CLIENT environment. The recommended fix is to annotate the method with this argument or return type with the same annotation. Lithium handles this error by assuming the class cannot be included in some optimizations.
[02:18:12] [main/WARN]: Lithium Class Analysis Error: Class de.mrjulsen.crn.block.AbstractAdvancedDisplayBlock cannot be analysed, because getting declared methods crashes with NoClassDefFoundError: net/minecraft/class_322. This is usually caused by modded entities declaring methods that have a return type or parameter type that is annotated with @Environment(value=EnvType.CLIENT). Loading the type is not possible, because it only exists in the CLIENT environment. The recommended fix is to annotate the method with this argument or return type with the same annotation. Lithium handles this error by assuming the class cannot be included in some optimizations.
[02:18:12] [main/WARN]: Lithium Class Analysis Error: Class de.mrjulsen.crn.block.AbstractAdvancedDisplayBlock cannot be analysed, because getting declared methods crashes with NoClassDefFoundError: net/minecraft/class_322. This is usually caused by modded entities declaring methods that have a return type or parameter type that is annotated with @Environment(value=EnvType.CLIENT). Loading the type is not possible, because it only exists in the CLIENT environment. The recommended fix is to annotate the method with this argument or return type with the same annotation. Lithium handles this error by assuming the class cannot be included in some optimizations.
[02:18:12] [main/WARN]: Lithium Class Analysis Error: Class de.mrjulsen.crn.block.AbstractAdvancedDisplayBlock cannot be analysed, because getting declared methods crashes with NoClassDefFoundError: net/minecraft/class_322. This is usually caused by modded entities declaring methods that have a return type or parameter type that is annotated with @Environment(value=EnvType.CLIENT). Loading the type is not possible, because it only exists in the CLIENT environment. The recommended fix is to annotate the method with this argument or return type with the same annotation. Lithium handles this error by assuming the class cannot be included in some optimizations.
[02:18:12] [main/WARN]: Lithium Class Analysis Error: Class de.mrjulsen.crn.block.AbstractAdvancedDisplayBlock cannot be analysed, because getting declared methods crashes with NoClassDefFoundError: net/minecraft/class_322. This is usually caused by modded entities declaring methods that have a return type or parameter type that is annotated with @Environment(value=EnvType.CLIENT). Loading the type is not possible, because it only exists in the CLIENT environment. The recommended fix is to annotate the method with this argument or return type with the same annotation. Lithium handles this error by assuming the class cannot be included in some optimizations.
[02:18:12] [main/WARN]: Lithium Class Analysis Error: Class de.mrjulsen.crn.block.AbstractAdvancedDisplayBlock cannot be analysed, because getting declared methods crashes with NoClassDefFoundError: net/minecraft/class_322. This is usually caused by modded entities declaring methods that have a return type or parameter type that is annotated with @Environment(value=EnvType.CLIENT). Loading the type is not possible, because it only exists in the CLIENT environment. The recommended fix is to annotate the method with this argument or return type with the same annotation. Lithium handles this error by assuming the class cannot be included in some optimizations.
[02:18:12] [main/WARN]: Lithium Class Analysis Error: Class de.mrjulsen.crn.block.AbstractAdvancedDisplayBlock cannot be analysed, because getting declared methods crashes with NoClassDefFoundError: net/minecraft/class_322. This is usually caused by modded entities declaring methods that have a return type or parameter type that is annotated with @Environment(value=EnvType.CLIENT). Loading the type is not possible, because it only exists in the CLIENT environment. The recommended fix is to annotate the method with this argument or return type with the same annotation. Lithium handles this error by assuming the class cannot be included in some optimizations.
[02:18:12] [main/WARN]: Lithium Class Analysis Error: Class de.mrjulsen.crn.block.AbstractAdvancedDisplayBlock cannot be analysed, because getting declared methods crashes with NoClassDefFoundError: net/minecraft/class_322. This is usually caused by modded entities declaring methods that have a return type or parameter type that is annotated with @Environment(value=EnvType.CLIENT). Loading the type is not possible, because it only exists in the CLIENT environment. The recommended fix is to annotate the method with this argument or return type with the same annotation. Lithium handles this error by assuming the class cannot be included in some optimizations.
[02:18:12] [main/WARN]: Lithium Class Analysis Error: Class de.mrjulsen.crn.block.AbstractAdvancedDisplayBlock cannot be analysed, because getting declared methods crashes with NoClassDefFoundError: net/minecraft/class_322. This is usually caused by modded entities declaring methods that have a return type or parameter type that is annotated with @Environment(value=EnvType.CLIENT). Loading the type is not possible, because it only exists in the CLIENT environment. The recommended fix is to annotate the method with this argument or return type with the same annotation. Lithium handles this error by assuming the class cannot be included in some optimizations.
[02:18:12] [main/WARN]: Lithium Class Analysis Error: Class de.mrjulsen.crn.block.AbstractAdvancedDisplayBlock cannot be analysed, because getting declared methods crashes with NoClassDefFoundError: net/minecraft/class_322. This is usually caused by modded entities declaring methods that have a return type or parameter type that is annotated with @Environment(value=EnvType.CLIENT). Loading the type is not possible, because it only exists in the CLIENT environment. The recommended fix is to annotate the method with this argument or return type with the same annotation. Lithium handles this error by assuming the class cannot be included in some optimizations.
[02:18:12] [main/WARN]: Lithium Class Analysis Error: Class de.mrjulsen.crn.block.AbstractAdvancedDisplayBlock cannot be analysed, because getting declared methods crashes with NoClassDefFoundError: net/minecraft/class_322. This is usually caused by modded entities declaring methods that have a return type or parameter type that is annotated with @Environment(value=EnvType.CLIENT). Loading the type is not possible, because it only exists in the CLIENT environment. The recommended fix is to annotate the method with this argument or return type with the same annotation. Lithium handles this error by assuming the class cannot be included in some optimizations.
[02:18:12] [main/WARN]: Lithium Class Analysis Error: Class de.mrjulsen.crn.block.AbstractAdvancedDisplayBlock cannot be analysed, because getting declared methods crashes with NoClassDefFoundError: net/minecraft/class_322. This is usually caused by modded entities declaring methods that have a return type or parameter type that is annotated with @Environment(value=EnvType.CLIENT). Loading the type is not possible, because it only exists in the CLIENT environment. The recommended fix is to annotate the method with this argument or return type with the same annotation. Lithium handles this error by assuming the class cannot be included in some optimizations.
[02:18:12] [main/WARN]: Lithium Class Analysis Error: Class de.mrjulsen.crn.block.AbstractAdvancedDisplayBlock cannot be analysed, because getting declared methods crashes with NoClassDefFoundError: net/minecraft/class_322. This is usually caused by modded entities declaring methods that have a return type or parameter type that is annotated with @Environment(value=EnvType.CLIENT). Loading the type is not possible, because it only exists in the CLIENT environment. The recommended fix is to annotate the method with this argument or return type with the same annotation. Lithium handles this error by assuming the class cannot be included in some optimizations.
[02:18:12] [main/WARN]: Lithium Class Analysis Error: Class de.mrjulsen.crn.block.AbstractAdvancedDisplayBlock cannot be analysed, because getting declared methods crashes with NoClassDefFoundError: net/minecraft/class_322. This is usually caused by modded entities declaring methods that have a return type or parameter type that is annotated with @Environment(value=EnvType.CLIENT). Loading the type is not possible, because it only exists in the CLIENT environment. The recommended fix is to annotate the method with this argument or return type with the same annotation. Lithium handles this error by assuming the class cannot be included in some optimizations.
[02:18:12] [main/WARN]: Lithium Class Analysis Error: Class de.mrjulsen.crn.block.AbstractAdvancedDisplayBlock cannot be analysed, because getting declared methods crashes with NoClassDefFoundError: net/minecraft/class_322. This is usually caused by modded entities declaring methods that have a return type or parameter type that is annotated with @Environment(value=EnvType.CLIENT). Loading the type is not possible, because it only exists in the CLIENT environment. The recommended fix is to annotate the method with this argument or return type with the same annotation. Lithium handles this error by assuming the class cannot be included in some optimizations.
[02:18:12] [main/WARN]: Lithium Class Analysis Error: Class de.mrjulsen.crn.block.AbstractAdvancedDisplayBlock cannot be analysed, because getting declared methods crashes with NoClassDefFoundError: net/minecraft/class_322. This is usually caused by modded entities declaring methods that have a return type or parameter type that is annotated with @Environment(value=EnvType.CLIENT). Loading the type is not possible, because it only exists in the CLIENT environment. The recommended fix is to annotate the method with this argument or return type with the same annotation. Lithium handles this error by assuming the class cannot be included in some optimizations.
[02:18:12] [main/WARN]: Lithium Class Analysis Error: Class de.mrjulsen.crn.block.AbstractAdvancedDisplayBlock cannot be analysed, because getting declared methods crashes with NoClassDefFoundError: net/minecraft/class_322. This is usually caused by modded entities declaring methods that have a return type or parameter type that is annotated with @Environment(value=EnvType.CLIENT). Loading the type is not possible, because it only exists in the CLIENT environment. The recommended fix is to annotate the method with this argument or return type with the same annotation. Lithium handles this error by assuming the class cannot be included in some optimizations.
[02:18:12] [main/WARN]: Lithium Class Analysis Error: Class de.mrjulsen.crn.block.AbstractAdvancedDisplayBlock cannot be analysed, because getting declared methods crashes with NoClassDefFoundError: net/minecraft/class_322. This is usually caused by modded entities declaring methods that have a return type or parameter type that is annotated with @Environment(value=EnvType.CLIENT). Loading the type is not possible, because it only exists in the CLIENT environment. The recommended fix is to annotate the method with this argument or return type with the same annotation. Lithium handles this error by assuming the class cannot be included in some optimizations.
[02:18:12] [main/WARN]: Lithium Class Analysis Error: Class de.mrjulsen.crn.block.AbstractAdvancedDisplayBlock cannot be analysed, because getting declared methods crashes with NoClassDefFoundError: net/minecraft/class_322. This is usually caused by modded entities declaring methods that have a return type or parameter type that is annotated with @Environment(value=EnvType.CLIENT). Loading the type is not possible, because it only exists in the CLIENT environment. The recommended fix is to annotate the method with this argument or return type with the same annotation. Lithium handles this error by assuming the class cannot be included in some optimizations.
[02:18:12] [main/WARN]: Lithium Class Analysis Error: Class de.mrjulsen.crn.block.AbstractAdvancedDisplayBlock cannot be analysed, because getting declared methods crashes with NoClassDefFoundError: net/minecraft/class_322. This is usually caused by modded entities declaring methods that have a return type or parameter type that is annotated with @Environment(value=EnvType.CLIENT). Loading the type is not possible, because it only exists in the CLIENT environment. The recommended fix is to annotate the method with this argument or return type with the same annotation. Lithium handles this error by assuming the class cannot be included in some optimizations.
[02:18:12] [main/WARN]: Lithium Class Analysis Error: Class de.mrjulsen.crn.block.AbstractAdvancedDisplayBlock cannot be analysed, because getting declared methods crashes with NoClassDefFoundError: net/minecraft/class_322. This is usually caused by modded entities declaring methods that have a return type or parameter type that is annotated with @Environment(value=EnvType.CLIENT). Loading the type is not possible, because it only exists in the CLIENT environment. The recommended fix is to annotate the method with this argument or return type with the same annotation. Lithium handles this error by assuming the class cannot be included in some optimizations.
[02:18:12] [main/WARN]: Lithium Class Analysis Error: Class de.mrjulsen.crn.block.AbstractAdvancedDisplayBlock cannot be analysed, because getting declared methods crashes with NoClassDefFoundError: net/minecraft/class_322. This is usually caused by modded entities declaring methods that have a return type or parameter type that is annotated with @Environment(value=EnvType.CLIENT). Loading the type is not possible, because it only exists in the CLIENT environment. The recommended fix is to annotate the method with this argument or return type with the same annotation. Lithium handles this error by assuming the class cannot be included in some optimizations.
[02:18:12] [main/WARN]: Lithium Class Analysis Error: Class de.mrjulsen.crn.block.AbstractAdvancedDisplayBlock cannot be analysed, because getting declared methods crashes with NoClassDefFoundError: net/minecraft/class_322. This is usually caused by modded entities declaring methods that have a return type or parameter type that is annotated with @Environment(value=EnvType.CLIENT). Loading the type is not possible, because it only exists in the CLIENT environment. The recommended fix is to annotate the method with this argument or return type with the same annotation. Lithium handles this error by assuming the class cannot be included in some optimizations.
[02:18:12] [main/WARN]: Lithium Class Analysis Error: Class de.mrjulsen.crn.block.AbstractAdvancedDisplayBlock cannot be analysed, because getting declared methods crashes with NoClassDefFoundError: net/minecraft/class_322. This is usually caused by modded entities declaring methods that have a return type or parameter type that is annotated with @Environment(value=EnvType.CLIENT). Loading the type is not possible, because it only exists in the CLIENT environment. The recommended fix is to annotate the method with this argument or return type with the same annotation. Lithium handles this error by assuming the class cannot be included in some optimizations.
[02:18:12] [main/WARN]: Lithium Class Analysis Error: Class de.mrjulsen.crn.block.AbstractAdvancedDisplayBlock cannot be analysed, because getting declared methods crashes with NoClassDefFoundError: net/minecraft/class_322. This is usually caused by modded entities declaring methods that have a return type or parameter type that is annotated with @Environment(value=EnvType.CLIENT). Loading the type is not possible, because it only exists in the CLIENT environment. The recommended fix is to annotate the method with this argument or return type with the same annotation. Lithium handles this error by assuming the class cannot be included in some optimizations.
[02:18:12] [main/WARN]: Lithium Class Analysis Error: Class de.mrjulsen.crn.block.AbstractAdvancedDisplayBlock cannot be analysed, because getting declared methods crashes with NoClassDefFoundError: net/minecraft/class_322. This is usually caused by modded entities declaring methods that have a return type or parameter type that is annotated with @Environment(value=EnvType.CLIENT). Loading the type is not possible, because it only exists in the CLIENT environment. The recommended fix is to annotate the method with this argument or return type with the same annotation. Lithium handles this error by assuming the class cannot be included in some optimizations.
[02:18:12] [main/WARN]: Lithium Class Analysis Error: Class de.mrjulsen.crn.block.AbstractAdvancedDisplayBlock cannot be analysed, because getting declared methods crashes with NoClassDefFoundError: net/minecraft/class_322. This is usually caused by modded entities declaring methods that have a return type or parameter type that is annotated with @Environment(value=EnvType.CLIENT). Loading the type is not possible, because it only exists in the CLIENT environment. The recommended fix is to annotate the method with this argument or return type with the same annotation. Lithium handles this error by assuming the class cannot be included in some optimizations.
[02:18:12] [main/WARN]: Lithium Class Analysis Error: Class de.mrjulsen.crn.block.AbstractAdvancedDisplayBlock cannot be analysed, because getting declared methods crashes with NoClassDefFoundError: net/minecraft/class_322. This is usually caused by modded entities declaring methods that have a return type or parameter type that is annotated with @Environment(value=EnvType.CLIENT). Loading the type is not possible, because it only exists in the CLIENT environment. The recommended fix is to annotate the method with this argument or return type with the same annotation. Lithium handles this error by assuming the class cannot be included in some optimizations.
[02:18:12] [main/WARN]: Lithium Class Analysis Error: Class de.mrjulsen.crn.block.AbstractAdvancedDisplayBlock cannot be analysed, because getting declared methods crashes with NoClassDefFoundError: net/minecraft/class_322. This is usually caused by modded entities declaring methods that have a return type or parameter type that is annotated with @Environment(value=EnvType.CLIENT). Loading the type is not possible, because it only exists in the CLIENT environment. The recommended fix is to annotate the method with this argument or return type with the same annotation. Lithium handles this error by assuming the class cannot be included in some optimizations.
[02:18:12] [main/WARN]: Lithium Class Analysis Error: Class de.mrjulsen.crn.block.AbstractAdvancedDisplayBlock cannot be analysed, because getting declared methods crashes with NoClassDefFoundError: net/minecraft/class_322. This is usually caused by modded entities declaring methods that have a return type or parameter type that is annotated with @Environment(value=EnvType.CLIENT). Loading the type is not possible, because it only exists in the CLIENT environment. The recommended fix is to annotate the method with this argument or return type with the same annotation. Lithium handles this error by assuming the class cannot be included in some optimizations.
[02:18:12] [main/WARN]: Lithium Class Analysis Error: Class de.mrjulsen.crn.block.AbstractAdvancedDisplayBlock cannot be analysed, because getting declared methods crashes with NoClassDefFoundError: net/minecraft/class_322. This is usually caused by modded entities declaring methods that have a return type or parameter type that is annotated with @Environment(value=EnvType.CLIENT). Loading the type is not possible, because it only exists in the CLIENT environment. The recommended fix is to annotate the method with this argument or return type with the same annotation. Lithium handles this error by assuming the class cannot be included in some optimizations.
[02:18:12] [main/WARN]: Lithium Class Analysis Error: Class de.mrjulsen.crn.block.AbstractAdvancedDisplayBlock cannot be analysed, because getting declared methods crashes with NoClassDefFoundError: net/minecraft/class_322. This is usually caused by modded entities declaring methods that have a return type or parameter type that is annotated with @Environment(value=EnvType.CLIENT). Loading the type is not possible, because it only exists in the CLIENT environment. The recommended fix is to annotate the method with this argument or return type with the same annotation. Lithium handles this error by assuming the class cannot be included in some optimizations.
[02:18:12] [main/WARN]: Lithium Class Analysis Error: Class de.mrjulsen.crn.block.AbstractAdvancedDisplayBlock cannot be analysed, because getting declared methods crashes with NoClassDefFoundError: net/minecraft/class_322. This is usually caused by modded entities declaring methods that have a return type or parameter type that is annotated with @Environment(value=EnvType.CLIENT). Loading the type is not possible, because it only exists in the CLIENT environment. The recommended fix is to annotate the method with this argument or return type with the same annotation. Lithium handles this error by assuming the class cannot be included in some optimizations.
[02:18:12] [main/WARN]: Lithium Class Analysis Error: Class de.mrjulsen.crn.block.AbstractAdvancedDisplayBlock cannot be analysed, because getting declared methods crashes with NoClassDefFoundError: net/minecraft/class_322. This is usually caused by modded entities declaring methods that have a return type or parameter type that is annotated with @Environment(value=EnvType.CLIENT). Loading the type is not possible, because it only exists in the CLIENT environment. The recommended fix is to annotate the method with this argument or return type with the same annotation. Lithium handles this error by assuming the class cannot be included in some optimizations.
[02:18:12] [main/WARN]: Lithium Class Analysis Error: Class de.mrjulsen.crn.block.AbstractAdvancedDisplayBlock cannot be analysed, because getting declared methods crashes with NoClassDefFoundError: net/minecraft/class_322. This is usually caused by modded entities declaring methods that have a return type or parameter type that is annotated with @Environment(value=EnvType.CLIENT). Loading the type is not possible, because it only exists in the CLIENT environment. The recommended fix is to annotate the method with this argument or return type with the same annotation. Lithium handles this error by assuming the class cannot be included in some optimizations.
[02:18:12] [main/WARN]: Lithium Class Analysis Error: Class de.mrjulsen.crn.block.AbstractAdvancedDisplayBlock cannot be analysed, because getting declared methods crashes with NoClassDefFoundError: net/minecraft/class_322. This is usually caused by modded entities declaring methods that have a return type or parameter type that is annotated with @Environment(value=EnvType.CLIENT). Loading the type is not possible, because it only exists in the CLIENT environment. The recommended fix is to annotate the method with this argument or return type with the same annotation. Lithium handles this error by assuming the class cannot be included in some optimizations.
[02:18:12] [main/WARN]: Lithium Class Analysis Error: Class de.mrjulsen.crn.block.AbstractAdvancedDisplayBlock cannot be analysed, because getting declared methods crashes with NoClassDefFoundError: net/minecraft/class_322. This is usually caused by modded entities declaring methods that have a return type or parameter type that is annotated with @Environment(value=EnvType.CLIENT). Loading the type is not possible, because it only exists in the CLIENT environment. The recommended fix is to annotate the method with this argument or return type with the same annotation. Lithium handles this error by assuming the class cannot be included in some optimizations.
[02:18:12] [main/WARN]: Lithium Class Analysis Error: Class de.mrjulsen.crn.block.AbstractAdvancedDisplayBlock cannot be analysed, because getting declared methods crashes with NoClassDefFoundError: net/minecraft/class_322. This is usually caused by modded entities declaring methods that have a return type or parameter type that is annotated with @Environment(value=EnvType.CLIENT). Loading the type is not possible, because it only exists in the CLIENT environment. The recommended fix is to annotate the method with this argument or return type with the same annotation. Lithium handles this error by assuming the class cannot be included in some optimizations.
[02:18:12] [main/WARN]: Lithium Class Analysis Error: Class de.mrjulsen.crn.block.AbstractAdvancedDisplayBlock cannot be analysed, because getting declared methods crashes with NoClassDefFoundError: net/minecraft/class_322. This is usually caused by modded entities declaring methods that have a return type or parameter type that is annotated with @Environment(value=EnvType.CLIENT). Loading the type is not possible, because it only exists in the CLIENT environment. The recommended fix is to annotate the method with this argument or return type with the same annotation. Lithium handles this error by assuming the class cannot be included in some optimizations.
[02:18:12] [main/WARN]: Lithium Class Analysis Error: Class de.mrjulsen.crn.block.AbstractAdvancedDisplayBlock cannot be analysed, because getting declared methods crashes with NoClassDefFoundError: net/minecraft/class_322. This is usually caused by modded entities declaring methods that have a return type or parameter type that is annotated with @Environment(value=EnvType.CLIENT). Loading the type is not possible, because it only exists in the CLIENT environment. The recommended fix is to annotate the method with this argument or return type with the same annotation. Lithium handles this error by assuming the class cannot be included in some optimizations.
[02:18:12] [main/WARN]: Lithium Class Analysis Error: Class de.mrjulsen.crn.block.AbstractAdvancedDisplayBlock cannot be analysed, because getting declared methods crashes with NoClassDefFoundError: net/minecraft/class_322. This is usually caused by modded entities declaring methods that have a return type or parameter type that is annotated with @Environment(value=EnvType.CLIENT). Loading the type is not possible, because it only exists in the CLIENT environment. The recommended fix is to annotate the method with this argument or return type with the same annotation. Lithium handles this error by assuming the class cannot be included in some optimizations.
[02:18:12] [main/WARN]: Lithium Class Analysis Error: Class de.mrjulsen.crn.block.AbstractAdvancedDisplayBlock cannot be analysed, because getting declared methods crashes with NoClassDefFoundError: net/minecraft/class_322. This is usually caused by modded entities declaring methods that have a return type or parameter type that is annotated with @Environment(value=EnvType.CLIENT). Loading the type is not possible, because it only exists in the CLIENT environment. The recommended fix is to annotate the method with this argument or return type with the same annotation. Lithium handles this error by assuming the class cannot be included in some optimizations.
[02:18:12] [main/WARN]: Lithium Class Analysis Error: Class de.mrjulsen.crn.block.AbstractAdvancedDisplayBlock cannot be analysed, because getting declared methods crashes with NoClassDefFoundError: net/minecraft/class_322. This is usually caused by modded entities declaring methods that have a return type or parameter type that is annotated with @Environment(value=EnvType.CLIENT). Loading the type is not possible, because it only exists in the CLIENT environment. The recommended fix is to annotate the method with this argument or return type with the same annotation. Lithium handles this error by assuming the class cannot be included in some optimizations.
[02:18:12] [main/WARN]: Lithium Class Analysis Error: Class de.mrjulsen.crn.block.AbstractAdvancedDisplayBlock cannot be analysed, because getting declared methods crashes with NoClassDefFoundError: net/minecraft/class_322. This is usually caused by modded entities declaring methods that have a return type or parameter type that is annotated with @Environment(value=EnvType.CLIENT). Loading the type is not possible, because it only exists in the CLIENT environment. The recommended fix is to annotate the method with this argument or return type with the same annotation. Lithium handles this error by assuming the class cannot be included in some optimizations.
[02:18:12] [main/WARN]: Lithium Class Analysis Error: Class de.mrjulsen.crn.block.AbstractAdvancedDisplayBlock cannot be analysed, because getting declared methods crashes with NoClassDefFoundError: net/minecraft/class_322. This is usually caused by modded entities declaring methods that have a return type or parameter type that is annotated with @Environment(value=EnvType.CLIENT). Loading the type is not possible, because it only exists in the CLIENT environment. The recommended fix is to annotate the method with this argument or return type with the same annotation. Lithium handles this error by assuming the class cannot be included in some optimizations.
[02:18:12] [main/WARN]: Lithium Class Analysis Error: Class de.mrjulsen.crn.block.AbstractAdvancedDisplayBlock cannot be analysed, because getting declared methods crashes with NoClassDefFoundError: net/minecraft/class_322. This is usually caused by modded entities declaring methods that have a return type or parameter type that is annotated with @Environment(value=EnvType.CLIENT). Loading the type is not possible, because it only exists in the CLIENT environment. The recommended fix is to annotate the method with this argument or return type with the same annotation. Lithium handles this error by assuming the class cannot be included in some optimizations.
[02:18:12] [main/WARN]: Lithium Class Analysis Error: Class de.mrjulsen.crn.block.AbstractAdvancedDisplayBlock cannot be analysed, because getting declared methods crashes with NoClassDefFoundError: net/minecraft/class_322. This is usually caused by modded entities declaring methods that have a return type or parameter type that is annotated with @Environment(value=EnvType.CLIENT). Loading the type is not possible, because it only exists in the CLIENT environment. The recommended fix is to annotate the method with this argument or return type with the same annotation. Lithium handles this error by assuming the class cannot be included in some optimizations.
[02:18:12] [main/WARN]: Lithium Class Analysis Error: Class de.mrjulsen.crn.block.AbstractAdvancedDisplayBlock cannot be analysed, because getting declared methods crashes with NoClassDefFoundError: net/minecraft/class_322. This is usually caused by modded entities declaring methods that have a return type or parameter type that is annotated with @Environment(value=EnvType.CLIENT). Loading the type is not possible, because it only exists in the CLIENT environment. The recommended fix is to annotate the method with this argument or return type with the same annotation. Lithium handles this error by assuming the class cannot be included in some optimizations.
[02:18:12] [main/WARN]: Lithium Class Analysis Error: Class de.mrjulsen.crn.block.AbstractAdvancedDisplayBlock cannot be analysed, because getting declared methods crashes with NoClassDefFoundError: net/minecraft/class_322. This is usually caused by modded entities declaring methods that have a return type or parameter type that is annotated with @Environment(value=EnvType.CLIENT). Loading the type is not possible, because it only exists in the CLIENT environment. The recommended fix is to annotate the method with this argument or return type with the same annotation. Lithium handles this error by assuming the class cannot be included in some optimizations.
[02:18:12] [main/WARN]: Lithium Class Analysis Error: Class de.mrjulsen.crn.block.AbstractAdvancedDisplayBlock cannot be analysed, because getting declared methods crashes with NoClassDefFoundError: net/minecraft/class_322. This is usually caused by modded entities declaring methods that have a return type or parameter type that is annotated with @Environment(value=EnvType.CLIENT). Loading the type is not possible, because it only exists in the CLIENT environment. The recommended fix is to annotate the method with this argument or return type with the same annotation. Lithium handles this error by assuming the class cannot be included in some optimizations.
[02:18:12] [main/WARN]: Lithium Class Analysis Error: Class de.mrjulsen.crn.block.AbstractAdvancedDisplayBlock cannot be analysed, because getting declared methods crashes with NoClassDefFoundError: net/minecraft/class_322. This is usually caused by modded entities declaring methods that have a return type or parameter type that is annotated with @Environment(value=EnvType.CLIENT). Loading the type is not possible, because it only exists in the CLIENT environment. The recommended fix is to annotate the method with this argument or return type with the same annotation. Lithium handles this error by assuming the class cannot be included in some optimizations.
[02:18:12] [main/WARN]: Lithium Class Analysis Error: Class de.mrjulsen.crn.block.AbstractAdvancedDisplayBlock cannot be analysed, because getting declared methods crashes with NoClassDefFoundError: net/minecraft/class_322. This is usually caused by modded entities declaring methods that have a return type or parameter type that is annotated with @Environment(value=EnvType.CLIENT). Loading the type is not possible, because it only exists in the CLIENT environment. The recommended fix is to annotate the method with this argument or return type with the same annotation. Lithium handles this error by assuming the class cannot be included in some optimizations.
[02:18:12] [main/WARN]: Lithium Class Analysis Error: Class de.mrjulsen.crn.block.AbstractAdvancedDisplayBlock cannot be analysed, because getting declared methods crashes with NoClassDefFoundError: net/minecraft/class_322. This is usually caused by modded entities declaring methods that have a return type or parameter type that is annotated with @Environment(value=EnvType.CLIENT). Loading the type is not possible, because it only exists in the CLIENT environment. The recommended fix is to annotate the method with this argument or return type with the same annotation. Lithium handles this error by assuming the class cannot be included in some optimizations.
[02:18:12] [main/WARN]: Lithium Class Analysis Error: Class de.mrjulsen.crn.block.AbstractAdvancedDisplayBlock cannot be analysed, because getting declared methods crashes with NoClassDefFoundError: net/minecraft/class_322. This is usually caused by modded entities declaring methods that have a return type or parameter type that is annotated with @Environment(value=EnvType.CLIENT). Loading the type is not possible, because it only exists in the CLIENT environment. The recommended fix is to annotate the method with this argument or return type with the same annotation. Lithium handles this error by assuming the class cannot be included in some optimizations.
[02:18:12] [main/WARN]: Lithium Class Analysis Error: Class de.mrjulsen.crn.block.AbstractAdvancedDisplayBlock cannot be analysed, because getting declared methods crashes with NoClassDefFoundError: net/minecraft/class_322. This is usually caused by modded entities declaring methods that have a return type or parameter type that is annotated with @Environment(value=EnvType.CLIENT). Loading the type is not possible, because it only exists in the CLIENT environment. The recommended fix is to annotate the method with this argument or return type with the same annotation. Lithium handles this error by assuming the class cannot be included in some optimizations.
[02:18:12] [main/WARN]: Lithium Class Analysis Error: Class de.mrjulsen.crn.block.AbstractAdvancedDisplayBlock cannot be analysed, because getting declared methods crashes with NoClassDefFoundError: net/minecraft/class_322. This is usually caused by modded entities declaring methods that have a return type or parameter type that is annotated with @Environment(value=EnvType.CLIENT). Loading the type is not possible, because it only exists in the CLIENT environment. The recommended fix is to annotate the method with this argument or return type with the same annotation. Lithium handles this error by assuming the class cannot be included in some optimizations.
[02:18:12] [main/WARN]: Lithium Class Analysis Error: Class de.mrjulsen.crn.block.AbstractAdvancedDisplayBlock cannot be analysed, because getting declared methods crashes with NoClassDefFoundError: net/minecraft/class_322. This is usually caused by modded entities declaring methods that have a return type or parameter type that is annotated with @Environment(value=EnvType.CLIENT). Loading the type is not possible, because it only exists in the CLIENT environment. The recommended fix is to annotate the method with this argument or return type with the same annotation. Lithium handles this error by assuming the class cannot be included in some optimizations.
[02:18:12] [main/WARN]: Lithium Class Analysis Error: Class de.mrjulsen.crn.block.AbstractAdvancedDisplayBlock cannot be analysed, because getting declared methods crashes with NoClassDefFoundError: net/minecraft/class_322. This is usually caused by modded entities declaring methods that have a return type or parameter type that is annotated with @Environment(value=EnvType.CLIENT). Loading the type is not possible, because it only exists in the CLIENT environment. The recommended fix is to annotate the method with this argument or return type with the same annotation. Lithium handles this error by assuming the class cannot be included in some optimizations.
[02:18:12] [main/WARN]: Lithium Class Analysis Error: Class de.mrjulsen.crn.block.AbstractAdvancedDisplayBlock cannot be analysed, because getting declared methods crashes with NoClassDefFoundError: net/minecraft/class_322. This is usually caused by modded entities declaring methods that have a return type or parameter type that is annotated with @Environment(value=EnvType.CLIENT). Loading the type is not possible, because it only exists in the CLIENT environment. The recommended fix is to annotate the method with this argument or return type with the same annotation. Lithium handles this error by assuming the class cannot be included in some optimizations.
[02:18:12] [main/WARN]: Lithium Class Analysis Error: Class de.mrjulsen.crn.block.AbstractAdvancedDisplayBlock cannot be analysed, because getting declared methods crashes with NoClassDefFoundError: net/minecraft/class_322. This is usually caused by modded entities declaring methods that have a return type or parameter type that is annotated with @Environment(value=EnvType.CLIENT). Loading the type is not possible, because it only exists in the CLIENT environment. The recommended fix is to annotate the method with this argument or return type with the same annotation. Lithium handles this error by assuming the class cannot be included in some optimizations.
[02:18:12] [main/WARN]: Lithium Class Analysis Error: Class de.mrjulsen.crn.block.AbstractAdvancedDisplayBlock cannot be analysed, because getting declared methods crashes with NoClassDefFoundError: net/minecraft/class_322. This is usually caused by modded entities declaring methods that have a return type or parameter type that is annotated with @Environment(value=EnvType.CLIENT). Loading the type is not possible, because it only exists in the CLIENT environment. The recommended fix is to annotate the method with this argument or return type with the same annotation. Lithium handles this error by assuming the class cannot be included in some optimizations.
[02:18:12] [main/WARN]: Lithium Class Analysis Error: Class de.mrjulsen.crn.block.AbstractAdvancedDisplayBlock cannot be analysed, because getting declared methods crashes with NoClassDefFoundError: net/minecraft/class_322. This is usually caused by modded entities declaring methods that have a return type or parameter type that is annotated with @Environment(value=EnvType.CLIENT). Loading the type is not possible, because it only exists in the CLIENT environment. The recommended fix is to annotate the method with this argument or return type with the same annotation. Lithium handles this error by assuming the class cannot be included in some optimizations.
[02:18:12] [main/WARN]: Lithium Class Analysis Error: Class de.mrjulsen.crn.block.AbstractAdvancedDisplayBlock cannot be analysed, because getting declared methods crashes with NoClassDefFoundError: net/minecraft/class_322. This is usually caused by modded entities declaring methods that have a return type or parameter type that is annotated with @Environment(value=EnvType.CLIENT). Loading the type is not possible, because it only exists in the CLIENT environment. The recommended fix is to annotate the method with this argument or return type with the same annotation. Lithium handles this error by assuming the class cannot be included in some optimizations.
[02:18:12] [main/WARN]: Lithium Class Analysis Error: Class de.mrjulsen.crn.block.AbstractAdvancedDisplayBlock cannot be analysed, because getting declared methods crashes with NoClassDefFoundError: net/minecraft/class_322. This is usually caused by modded entities declaring methods that have a return type or parameter type that is annotated with @Environment(value=EnvType.CLIENT). Loading the type is not possible, because it only exists in the CLIENT environment. The recommended fix is to annotate the method with this argument or return type with the same annotation. Lithium handles this error by assuming the class cannot be included in some optimizations.
[02:18:12] [main/WARN]: Lithium Class Analysis Error: Class de.mrjulsen.crn.block.AbstractAdvancedDisplayBlock cannot be analysed, because getting declared methods crashes with NoClassDefFoundError: net/minecraft/class_322. This is usually caused by modded entities declaring methods that have a return type or parameter type that is annotated with @Environment(value=EnvType.CLIENT). Loading the type is not possible, because it only exists in the CLIENT environment. The recommended fix is to annotate the method with this argument or return type with the same annotation. Lithium handles this error by assuming the class cannot be included in some optimizations.
[02:18:12] [main/WARN]: Lithium Class Analysis Error: Class de.mrjulsen.crn.block.AbstractAdvancedDisplayBlock cannot be analysed, because getting declared methods crashes with NoClassDefFoundError: net/minecraft/class_322. This is usually caused by modded entities declaring methods that have a return type or parameter type that is annotated with @Environment(value=EnvType.CLIENT). Loading the type is not possible, because it only exists in the CLIENT environment. The recommended fix is to annotate the method with this argument or return type with the same annotation. Lithium handles this error by assuming the class cannot be included in some optimizations.
[02:18:12] [main/WARN]: Lithium Class Analysis Error: Class de.mrjulsen.crn.block.AbstractAdvancedDisplayBlock cannot be analysed, because getting declared methods crashes with NoClassDefFoundError: net/minecraft/class_322. This is usually caused by modded entities declaring methods that have a return type or parameter type that is annotated with @Environment(value=EnvType.CLIENT). Loading the type is not possible, because it only exists in the CLIENT environment. The recommended fix is to annotate the method with this argument or return type with the same annotation. Lithium handles this error by assuming the class cannot be included in some optimizations.
[02:18:12] [main/WARN]: Lithium Class Analysis Error: Class de.mrjulsen.crn.block.AbstractAdvancedDisplayBlock cannot be analysed, because getting declared methods crashes with NoClassDefFoundError: net/minecraft/class_322. This is usually caused by modded entities declaring methods that have a return type or parameter type that is annotated with @Environment(value=EnvType.CLIENT). Loading the type is not possible, because it only exists in the CLIENT environment. The recommended fix is to annotate the method with this argument or return type with the same annotation. Lithium handles this error by assuming the class cannot be included in some optimizations.
[02:18:12] [main/WARN]: Lithium Class Analysis Error: Class de.mrjulsen.crn.block.AbstractAdvancedDisplayBlock cannot be analysed, because getting declared methods crashes with NoClassDefFoundError: net/minecraft/class_322. This is usually caused by modded entities declaring methods that have a return type or parameter type that is annotated with @Environment(value=EnvType.CLIENT). Loading the type is not possible, because it only exists in the CLIENT environment. The recommended fix is to annotate the method with this argument or return type with the same annotation. Lithium handles this error by assuming the class cannot be included in some optimizations.
[02:18:12] [main/WARN]: Lithium Class Analysis Error: Class de.mrjulsen.crn.block.AbstractAdvancedDisplayBlock cannot be analysed, because getting declared methods crashes with NoClassDefFoundError: net/minecraft/class_322. This is usually caused by modded entities declaring methods that have a return type or parameter type that is annotated with @Environment(value=EnvType.CLIENT). Loading the type is not possible, because it only exists in the CLIENT environment. The recommended fix is to annotate the method with this argument or return type with the same annotation. Lithium handles this error by assuming the class cannot be included in some optimizations.
[02:18:12] [main/WARN]: Lithium Class Analysis Error: Class de.mrjulsen.crn.block.AbstractAdvancedDisplayBlock cannot be analysed, because getting declared methods crashes with NoClassDefFoundError: net/minecraft/class_322. This is usually caused by modded entities declaring methods that have a return type or parameter type that is annotated with @Environment(value=EnvType.CLIENT). Loading the type is not possible, because it only exists in the CLIENT environment. The recommended fix is to annotate the method with this argument or return type with the same annotation. Lithium handles this error by assuming the class cannot be included in some optimizations.
[02:18:12] [main/WARN]: Lithium Class Analysis Error: Class de.mrjulsen.crn.block.AbstractAdvancedDisplayBlock cannot be analysed, because getting declared methods crashes with NoClassDefFoundError: net/minecraft/class_322. This is usually caused by modded entities declaring methods that have a return type or parameter type that is annotated with @Environment(value=EnvType.CLIENT). Loading the type is not possible, because it only exists in the CLIENT environment. The recommended fix is to annotate the method with this argument or return type with the same annotation. Lithium handles this error by assuming the class cannot be included in some optimizations.
[02:18:12] [main/WARN]: Lithium Class Analysis Error: Class de.mrjulsen.crn.block.AbstractAdvancedDisplayBlock cannot be analysed, because getting declared methods crashes with NoClassDefFoundError: net/minecraft/class_322. This is usually caused by modded entities declaring methods that have a return type or parameter type that is annotated with @Environment(value=EnvType.CLIENT). Loading the type is not possible, because it only exists in the CLIENT environment. The recommended fix is to annotate the method with this argument or return type with the same annotation. Lithium handles this error by assuming the class cannot be included in some optimizations.
[02:18:12] [main/WARN]: Lithium Class Analysis Error: Class de.mrjulsen.crn.block.AbstractAdvancedDisplayBlock cannot be analysed, because getting declared methods crashes with NoClassDefFoundError: net/minecraft/class_322. This is usually caused by modded entities declaring methods that have a return type or parameter type that is annotated with @Environment(value=EnvType.CLIENT). Loading the type is not possible, because it only exists in the CLIENT environment. The recommended fix is to annotate the method with this argument or return type with the same annotation. Lithium handles this error by assuming the class cannot be included in some optimizations.
[02:18:12] [main/WARN]: Lithium Class Analysis Error: Class de.mrjulsen.crn.block.AbstractAdvancedDisplayBlock cannot be analysed, because getting declared methods crashes with NoClassDefFoundError: net/minecraft/class_322. This is usually caused by modded entities declaring methods that have a return type or parameter type that is annotated with @Environment(value=EnvType.CLIENT). Loading the type is not possible, because it only exists in the CLIENT environment. The recommended fix is to annotate the method with this argument or return type with the same annotation. Lithium handles this error by assuming the class cannot be included in some optimizations.
[02:18:12] [main/WARN]: Lithium Class Analysis Error: Class de.mrjulsen.crn.block.AbstractAdvancedDisplayBlock cannot be analysed, because getting declared methods crashes with NoClassDefFoundError: net/minecraft/class_322. This is usually caused by modded entities declaring methods that have a return type or parameter type that is annotated with @Environment(value=EnvType.CLIENT). Loading the type is not possible, because it only exists in the CLIENT environment. The recommended fix is to annotate the method with this argument or return type with the same annotation. Lithium handles this error by assuming the class cannot be included in some optimizations.
[02:18:12] [main/WARN]: Lithium Class Analysis Error: Class de.mrjulsen.crn.block.AbstractAdvancedDisplayBlock cannot be analysed, because getting declared methods crashes with NoClassDefFoundError: net/minecraft/class_322. This is usually caused by modded entities declaring methods that have a return type or parameter type that is annotated with @Environment(value=EnvType.CLIENT). Loading the type is not possible, because it only exists in the CLIENT environment. The recommended fix is to annotate the method with this argument or return type with the same annotation. Lithium handles this error by assuming the class cannot be included in some optimizations.
[02:18:12] [main/WARN]: Lithium Class Analysis Error: Class de.mrjulsen.crn.block.AbstractAdvancedDisplayBlock cannot be analysed, because getting declared methods crashes with NoClassDefFoundError: net/minecraft/class_322. This is usually caused by modded entities declaring methods that have a return type or parameter type that is annotated with @Environment(value=EnvType.CLIENT). Loading the type is not possible, because it only exists in the CLIENT environment. The recommended fix is to annotate the method with this argument or return type with the same annotation. Lithium handles this error by assuming the class cannot be included in some optimizations.
[02:18:12] [main/WARN]: Lithium Class Analysis Error: Class de.mrjulsen.crn.block.AbstractAdvancedDisplayBlock cannot be analysed, because getting declared methods crashes with NoClassDefFoundError: net/minecraft/class_322. This is usually caused by modded entities declaring methods that have a return type or parameter type that is annotated with @Environment(value=EnvType.CLIENT). Loading the type is not possible, because it only exists in the CLIENT environment. The recommended fix is to annotate the method with this argument or return type with the same annotation. Lithium handles this error by assuming the class cannot be included in some optimizations.
[02:18:12] [main/WARN]: Lithium Class Analysis Error: Class de.mrjulsen.crn.block.AbstractAdvancedDisplayBlock cannot be analysed, because getting declared methods crashes with NoClassDefFoundError: net/minecraft/class_322. This is usually caused by modded entities declaring methods that have a return type or parameter type that is annotated with @Environment(value=EnvType.CLIENT). Loading the type is not possible, because it only exists in the CLIENT environment. The recommended fix is to annotate the method with this argument or return type with the same annotation. Lithium handles this error by assuming the class cannot be included in some optimizations.
[02:18:12] [main/WARN]: Lithium Class Analysis Error: Class de.mrjulsen.crn.block.AbstractAdvancedDisplayBlock cannot be analysed, because getting declared methods crashes with NoClassDefFoundError: net/minecraft/class_322. This is usually caused by modded entities declaring methods that have a return type or parameter type that is annotated with @Environment(value=EnvType.CLIENT). Loading the type is not possible, because it only exists in the CLIENT environment. The recommended fix is to annotate the method with this argument or return type with the same annotation. Lithium handles this error by assuming the class cannot be included in some optimizations.
[02:18:12] [main/WARN]: Lithium Class Analysis Error: Class de.mrjulsen.crn.block.AbstractAdvancedDisplayBlock cannot be analysed, because getting declared methods crashes with NoClassDefFoundError: net/minecraft/class_322. This is usually caused by modded entities declaring methods that have a return type or parameter type that is annotated with @Environment(value=EnvType.CLIENT). Loading the type is not possible, because it only exists in the CLIENT environment. The recommended fix is to annotate the method with this argument or return type with the same annotation. Lithium handles this error by assuming the class cannot be included in some optimizations.
[02:18:12] [main/WARN]: Lithium Class Analysis Error: Class de.mrjulsen.crn.block.AbstractAdvancedDisplayBlock cannot be analysed, because getting declared methods crashes with NoClassDefFoundError: net/minecraft/class_322. This is usually caused by modded entities declaring methods that have a return type or parameter type that is annotated with @Environment(value=EnvType.CLIENT). Loading the type is not possible, because it only exists in the CLIENT environment. The recommended fix is to annotate the method with this argument or return type with the same annotation. Lithium handles this error by assuming the class cannot be included in some optimizations.
[02:18:12] [main/WARN]: Lithium Class Analysis Error: Class de.mrjulsen.crn.block.AbstractAdvancedDisplayBlock cannot be analysed, because getting declared methods crashes with NoClassDefFoundError: net/minecraft/class_322. This is usually caused by modded entities declaring methods that have a return type or parameter type that is annotated with @Environment(value=EnvType.CLIENT). Loading the type is not possible, because it only exists in the CLIENT environment. The recommended fix is to annotate the method with this argument or return type with the same annotation. Lithium handles this error by assuming the class cannot be included in some optimizations.
[02:18:12] [main/WARN]: Lithium Class Analysis Error: Class de.mrjulsen.crn.block.AbstractAdvancedDisplayBlock cannot be analysed, because getting declared methods crashes with NoClassDefFoundError: net/minecraft/class_322. This is usually caused by modded entities declaring methods that have a return type or parameter type that is annotated with @Environment(value=EnvType.CLIENT). Loading the type is not possible, because it only exists in the CLIENT environment. The recommended fix is to annotate the method with this argument or return type with the same annotation. Lithium handles this error by assuming the class cannot be included in some optimizations.
[02:18:12] [main/WARN]: Lithium Class Analysis Error: Class de.mrjulsen.crn.block.AbstractAdvancedDisplayBlock cannot be analysed, because getting declared methods crashes with NoClassDefFoundError: net/minecraft/class_322. This is usually caused by modded entities declaring methods that have a return type or parameter type that is annotated with @Environment(value=EnvType.CLIENT). Loading the type is not possible, because it only exists in the CLIENT environment. The recommended fix is to annotate the method with this argument or return type with the same annotation. Lithium handles this error by assuming the class cannot be included in some optimizations.
[02:18:12] [main/WARN]: Lithium Class Analysis Error: Class de.mrjulsen.crn.block.AbstractAdvancedDisplayBlock cannot be analysed, because getting declared methods crashes with NoClassDefFoundError: net/minecraft/class_322. This is usually caused by modded entities declaring methods that have a return type or parameter type that is annotated with @Environment(value=EnvType.CLIENT). Loading the type is not possible, because it only exists in the CLIENT environment. The recommended fix is to annotate the method with this argument or return type with the same annotation. Lithium handles this error by assuming the class cannot be included in some optimizations.
[02:18:12] [main/WARN]: Lithium Class Analysis Error: Class de.mrjulsen.crn.block.AbstractAdvancedDisplayBlock cannot be analysed, because getting declared methods crashes with NoClassDefFoundError: net/minecraft/class_322. This is usually caused by modded entities declaring methods that have a return type or parameter type that is annotated with @Environment(value=EnvType.CLIENT). Loading the type is not possible, because it only exists in the CLIENT environment. The recommended fix is to annotate the method with this argument or return type with the same annotation. Lithium handles this error by assuming the class cannot be included in some optimizations.
[02:18:12] [main/WARN]: Lithium Class Analysis Error: Class de.mrjulsen.crn.block.AbstractAdvancedDisplayBlock cannot be analysed, because getting declared methods crashes with NoClassDefFoundError: net/minecraft/class_322. This is usually caused by modded entities declaring methods that have a return type or parameter type that is annotated with @Environment(value=EnvType.CLIENT). Loading the type is not possible, because it only exists in the CLIENT environment. The recommended fix is to annotate the method with this argument or return type with the same annotation. Lithium handles this error by assuming the class cannot be included in some optimizations.
[02:18:12] [main/WARN]: Lithium Class Analysis Error: Class de.mrjulsen.crn.block.AbstractAdvancedDisplayBlock cannot be analysed, because getting declared methods crashes with NoClassDefFoundError: net/minecraft/class_322. This is usually caused by modded entities declaring methods that have a return type or parameter type that is annotated with @Environment(value=EnvType.CLIENT). Loading the type is not possible, because it only exists in the CLIENT environment. The recommended fix is to annotate the method with this argument or return type with the same annotation. Lithium handles this error by assuming the class cannot be included in some optimizations.
[02:18:12] [main/WARN]: Lithium Class Analysis Error: Class de.mrjulsen.crn.block.AbstractAdvancedDisplayBlock cannot be analysed, because getting declared methods crashes with NoClassDefFoundError: net/minecraft/class_322. This is usually caused by modded entities declaring methods that have a return type or parameter type that is annotated with @Environment(value=EnvType.CLIENT). Loading the type is not possible, because it only exists in the CLIENT environment. The recommended fix is to annotate the method with this argument or return type with the same annotation. Lithium handles this error by assuming the class cannot be included in some optimizations.
[02:18:12] [main/WARN]: Lithium Class Analysis Error: Class de.mrjulsen.crn.block.AbstractAdvancedDisplayBlock cannot be analysed, because getting declared methods crashes with NoClassDefFoundError: net/minecraft/class_322. This is usually caused by modded entities declaring methods that have a return type or parameter type that is annotated with @Environment(value=EnvType.CLIENT). Loading the type is not possible, because it only exists in the CLIENT environment. The recommended fix is to annotate the method with this argument or return type with the same annotation. Lithium handles this error by assuming the class cannot be included in some optimizations.
[02:18:12] [main/WARN]: Lithium Class Analysis Error: Class de.mrjulsen.crn.block.AbstractAdvancedDisplayBlock cannot be analysed, because getting declared methods crashes with NoClassDefFoundError: net/minecraft/class_322. This is usually caused by modded entities declaring methods that have a return type or parameter type that is annotated with @Environment(value=EnvType.CLIENT). Loading the type is not possible, because it only exists in the CLIENT environment. The recommended fix is to annotate the method with this argument or return type with the same annotation. Lithium handles this error by assuming the class cannot be included in some optimizations.
[02:18:12] [main/WARN]: Lithium Class Analysis Error: Class de.mrjulsen.crn.block.AbstractAdvancedDisplayBlock cannot be analysed, because getting declared methods crashes with NoClassDefFoundError: net/minecraft/class_322. This is usually caused by modded entities declaring methods that have a return type or parameter type that is annotated with @Environment(value=EnvType.CLIENT). Loading the type is not possible, because it only exists in the CLIENT environment. The recommended fix is to annotate the method with this argument or return type with the same annotation. Lithium handles this error by assuming the class cannot be included in some optimizations.
[02:18:12] [main/WARN]: Lithium Class Analysis Error: Class de.mrjulsen.crn.block.AbstractAdvancedDisplayBlock cannot be analysed, because getting declared methods crashes with NoClassDefFoundError: net/minecraft/class_322. This is usually caused by modded entities declaring methods that have a return type or parameter type that is annotated with @Environment(value=EnvType.CLIENT). Loading the type is not possible, because it only exists in the CLIENT environment. The recommended fix is to annotate the method with this argument or return type with the same annotation. Lithium handles this error by assuming the class cannot be included in some optimizations.
[02:18:12] [main/WARN]: Lithium Class Analysis Error: Class de.mrjulsen.crn.block.AbstractAdvancedDisplayBlock cannot be analysed, because getting declared methods crashes with NoClassDefFoundError: net/minecraft/class_322. This is usually caused by modded entities declaring methods that have a return type or parameter type that is annotated with @Environment(value=EnvType.CLIENT). Loading the type is not possible, because it only exists in the CLIENT environment. The recommended fix is to annotate the method with this argument or return type with the same annotation. Lithium handles this error by assuming the class cannot be included in some optimizations.
[02:18:12] [main/WARN]: Lithium Class Analysis Error: Class de.mrjulsen.crn.block.AbstractAdvancedDisplayBlock cannot be analysed, because getting declared methods crashes with NoClassDefFoundError: net/minecraft/class_322. This is usually caused by modded entities declaring methods that have a return type or parameter type that is annotated with @Environment(value=EnvType.CLIENT). Loading the type is not possible, because it only exists in the CLIENT environment. The recommended fix is to annotate the method with this argument or return type with the same annotation. Lithium handles this error by assuming the class cannot be included in some optimizations.
[02:18:12] [main/WARN]: Lithium Class Analysis Error: Class de.mrjulsen.crn.block.AbstractAdvancedDisplayBlock cannot be analysed, because getting declared methods crashes with NoClassDefFoundError: net/minecraft/class_322. This is usually caused by modded entities declaring methods that have a return type or parameter type that is annotated with @Environment(value=EnvType.CLIENT). Loading the type is not possible, because it only exists in the CLIENT environment. The recommended fix is to annotate the method with this argument or return type with the same annotation. Lithium handles this error by assuming the class cannot be included in some optimizations.
[02:18:12] [main/WARN]: Lithium Class Analysis Error: Class de.mrjulsen.crn.block.AbstractAdvancedDisplayBlock cannot be analysed, because getting declared methods crashes with NoClassDefFoundError: net/minecraft/class_322. This is usually caused by modded entities declaring methods that have a return type or parameter type that is annotated with @Environment(value=EnvType.CLIENT). Loading the type is not possible, because it only exists in the CLIENT environment. The recommended fix is to annotate the method with this argument or return type with the same annotation. Lithium handles this error by assuming the class cannot be included in some optimizations.
[02:18:12] [main/WARN]: Lithium Class Analysis Error: Class de.mrjulsen.crn.block.AbstractAdvancedDisplayBlock cannot be analysed, because getting declared methods crashes with NoClassDefFoundError: net/minecraft/class_322. This is usually caused by modded entities declaring methods that have a return type or parameter type that is annotated with @Environment(value=EnvType.CLIENT). Loading the type is not possible, because it only exists in the CLIENT environment. The recommended fix is to annotate the method with this argument or return type with the same annotation. Lithium handles this error by assuming the class cannot be included in some optimizations.
[02:18:12] [main/WARN]: Lithium Class Analysis Error: Class de.mrjulsen.crn.block.AbstractAdvancedDisplayBlock cannot be analysed, because getting declared methods crashes with NoClassDefFoundError: net/minecraft/class_322. This is usually caused by modded entities declaring methods that have a return type or parameter type that is annotated with @Environment(value=EnvType.CLIENT). Loading the type is not possible, because it only exists in the CLIENT environment. The recommended fix is to annotate the method with this argument or return type with the same annotation. Lithium handles this error by assuming the class cannot be included in some optimizations.
[02:18:12] [main/WARN]: Lithium Class Analysis Error: Class de.mrjulsen.crn.block.AbstractAdvancedDisplayBlock cannot be analysed, because getting declared methods crashes with NoClassDefFoundError: net/minecraft/class_322. This is usually caused by modded entities declaring methods that have a return type or parameter type that is annotated with @Environment(value=EnvType.CLIENT). Loading the type is not possible, because it only exists in the CLIENT environment. The recommended fix is to annotate the method with this argument or return type with the same annotation. Lithium handles this error by assuming the class cannot be included in some optimizations.
[02:18:12] [main/WARN]: Lithium Class Analysis Error: Class de.mrjulsen.crn.block.AbstractAdvancedDisplayBlock cannot be analysed, because getting declared methods crashes with NoClassDefFoundError: net/minecraft/class_322. This is usually caused by modded entities declaring methods that have a return type or parameter type that is annotated with @Environment(value=EnvType.CLIENT). Loading the type is not possible, because it only exists in the CLIENT environment. The recommended fix is to annotate the method with this argument or return type with the same annotation. Lithium handles this error by assuming the class cannot be included in some optimizations.
[02:18:12] [main/WARN]: Lithium Class Analysis Error: Class de.mrjulsen.crn.block.AbstractAdvancedDisplayBlock cannot be analysed, because getting declared methods crashes with NoClassDefFoundError: net/minecraft/class_322. This is usually caused by modded entities declaring methods that have a return type or parameter type that is annotated with @Environment(value=EnvType.CLIENT). Loading the type is not possible, because it only exists in the CLIENT environment. The recommended fix is to annotate the method with this argument or return type with the same annotation. Lithium handles this error by assuming the class cannot be included in some optimizations.
[02:18:12] [main/WARN]: Lithium Class Analysis Error: Class de.mrjulsen.crn.block.AbstractAdvancedDisplayBlock cannot be analysed, because getting declared methods crashes with NoClassDefFoundError: net/minecraft/class_322. This is usually caused by modded entities declaring methods that have a return type or parameter type that is annotated with @Environment(value=EnvType.CLIENT). Loading the type is not possible, because it only exists in the CLIENT environment. The recommended fix is to annotate the method with this argument or return type with the same annotation. Lithium handles this error by assuming the class cannot be included in some optimizations.
[02:18:12] [main/WARN]: Lithium Class Analysis Error: Class de.mrjulsen.crn.block.AbstractAdvancedDisplayBlock cannot be analysed, because getting declared methods crashes with NoClassDefFoundError: net/minecraft/class_322. This is usually caused by modded entities declaring methods that have a return type or parameter type that is annotated with @Environment(value=EnvType.CLIENT). Loading the type is not possible, because it only exists in the CLIENT environment. The recommended fix is to annotate the method with this argument or return type with the same annotation. Lithium handles this error by assuming the class cannot be included in some optimizations.
[02:18:12] [main/WARN]: Lithium Class Analysis Error: Class de.mrjulsen.crn.block.AbstractAdvancedDisplayBlock cannot be analysed, because getting declared methods crashes with NoClassDefFoundError: net/minecraft/class_322. This is usually caused by modded entities declaring methods that have a return type or parameter type that is annotated with @Environment(value=EnvType.CLIENT). Loading the type is not possible, because it only exists in the CLIENT environment. The recommended fix is to annotate the method with this argument or return type with the same annotation. Lithium handles this error by assuming the class cannot be included in some optimizations.
[02:18:12] [main/WARN]: Lithium Class Analysis Error: Class de.mrjulsen.crn.block.AbstractAdvancedDisplayBlock cannot be analysed, because getting declared methods crashes with NoClassDefFoundError: net/minecraft/class_322. This is usually caused by modded entities declaring methods that have a return type or parameter type that is annotated with @Environment(value=EnvType.CLIENT). Loading the type is not possible, because it only exists in the CLIENT environment. The recommended fix is to annotate the method with this argument or return type with the same annotation. Lithium handles this error by assuming the class cannot be included in some optimizations.
[02:18:19] [main/WARN]: Lithium Class Analysis Error: Class org.patryk3211.powergrid.electricity.transformer.TransformerBlock cannot be analysed, because getting declared methods crashes with NoClassDefFoundError: net/minecraft/class_437. This is usually caused by modded entities declaring methods that have a return type or parameter type that is annotated with @Environment(value=EnvType.CLIENT). Loading the type is not possible, because it only exists in the CLIENT environment. The recommended fix is to annotate the method with this argument or return type with the same annotation. Lithium handles this error by assuming the class cannot be included in some optimizations.
[02:18:19] [main/WARN]: Lithium Class Analysis Error: Class org.patryk3211.powergrid.electricity.transformer.TransformerBlock cannot be analysed, because getting declared methods crashes with NoClassDefFoundError: net/minecraft/class_437. This is usually caused by modded entities declaring methods that have a return type or parameter type that is annotated with @Environment(value=EnvType.CLIENT). Loading the type is not possible, because it only exists in the CLIENT environment. The recommended fix is to annotate the method with this argument or return type with the same annotation. Lithium handles this error by assuming the class cannot be included in some optimizations.
[02:18:19] [main/WARN]: Lithium Class Analysis Error: Class org.patryk3211.powergrid.electricity.transformer.TransformerBlock cannot be analysed, because getting declared methods crashes with NoClassDefFoundError: net/minecraft/class_437. This is usually caused by modded entities declaring methods that have a return type or parameter type that is annotated with @Environment(value=EnvType.CLIENT). Loading the type is not possible, because it only exists in the CLIENT environment. The recommended fix is to annotate the method with this argument or return type with the same annotation. Lithium handles this error by assuming the class cannot be included in some optimizations.
[02:18:19] [main/WARN]: Lithium Class Analysis Error: Class org.patryk3211.powergrid.electricity.transformer.TransformerBlock cannot be analysed, because getting declared methods crashes with NoClassDefFoundError: net/minecraft/class_437. This is usually caused by modded entities declaring methods that have a return type or parameter type that is annotated with @Environment(value=EnvType.CLIENT). Loading the type is not possible, because it only exists in the CLIENT environment. The recommended fix is to annotate the method with this argument or return type with the same annotation. Lithium handles this error by assuming the class cannot be included in some optimizations.
[02:18:19] [main/WARN]: Lithium Class Analysis Error: Class org.patryk3211.powergrid.electricity.transformer.TransformerBlock cannot be analysed, because getting declared methods crashes with NoClassDefFoundError: net/minecraft/class_437. This is usually caused by modded entities declaring methods that have a return type or parameter type that is annotated with @Environment(value=EnvType.CLIENT). Loading the type is not possible, because it only exists in the CLIENT environment. The recommended fix is to annotate the method with this argument or return type with the same annotation. Lithium handles this error by assuming the class cannot be included in some optimizations.
[02:18:19] [main/WARN]: Lithium Class Analysis Error: Class org.patryk3211.powergrid.electricity.transformer.TransformerBlock cannot be analysed, because getting declared methods crashes with NoClassDefFoundError: net/minecraft/class_437. This is usually caused by modded entities declaring methods that have a return type or parameter type that is annotated with @Environment(value=EnvType.CLIENT). Loading the type is not possible, because it only exists in the CLIENT environment. The recommended fix is to annotate the method with this argument or return type with the same annotation. Lithium handles this error by assuming the class cannot be included in some optimizations.
[02:18:19] [main/WARN]: Lithium Class Analysis Error: Class org.patryk3211.powergrid.electricity.transformer.TransformerBlock cannot be analysed, because getting declared methods crashes with NoClassDefFoundError: net/minecraft/class_437. This is usually caused by modded entities declaring methods that have a return type or parameter type that is annotated with @Environment(value=EnvType.CLIENT). Loading the type is not possible, because it only exists in the CLIENT environment. The recommended fix is to annotate the method with this argument or return type with the same annotation. Lithium handles this error by assuming the class cannot be included in some optimizations.
[02:18:19] [main/WARN]: Lithium Class Analysis Error: Class org.patryk3211.powergrid.electricity.transformer.TransformerBlock cannot be analysed, because getting declared methods crashes with NoClassDefFoundError: net/minecraft/class_437. This is usually caused by modded entities declaring methods that have a return type or parameter type that is annotated with @Environment(value=EnvType.CLIENT). Loading the type is not possible, because it only exists in the CLIENT environment. The recommended fix is to annotate the method with this argument or return type with the same annotation. Lithium handles this error by assuming the class cannot be included in some optimizations.
[02:18:19] [main/WARN]: Lithium Class Analysis Error: Class org.patryk3211.powergrid.electricity.transformer.TransformerBlock cannot be analysed, because getting declared methods crashes with NoClassDefFoundError: net/minecraft/class_437. This is usually caused by modded entities declaring methods that have a return type or parameter type that is annotated with @Environment(value=EnvType.CLIENT). Loading the type is not possible, because it only exists in the CLIENT environment. The recommended fix is to annotate the method with this argument or return type with the same annotation. Lithium handles this error by assuming the class cannot be included in some optimizations.
[02:18:19] [main/WARN]: Lithium Class Analysis Error: Class org.patryk3211.powergrid.electricity.transformer.TransformerBlock cannot be analysed, because getting declared methods crashes with NoClassDefFoundError: net/minecraft/class_437. This is usually caused by modded entities declaring methods that have a return type or parameter type that is annotated with @Environment(value=EnvType.CLIENT). Loading the type is not possible, because it only exists in the CLIENT environment. The recommended fix is to annotate the method with this argument or return type with the same annotation. Lithium handles this error by assuming the class cannot be included in some optimizations.
[02:18:19] [main/WARN]: Lithium Class Analysis Error: Class org.patryk3211.powergrid.electricity.transformer.TransformerBlock cannot be analysed, because getting declared methods crashes with NoClassDefFoundError: net/minecraft/class_437. This is usually caused by modded entities declaring methods that have a return type or parameter type that is annotated with @Environment(value=EnvType.CLIENT). Loading the type is not possible, because it only exists in the CLIENT environment. The recommended fix is to annotate the method with this argument or return type with the same annotation. Lithium handles this error by assuming the class cannot be included in some optimizations.
[02:18:19] [main/WARN]: Lithium Class Analysis Error: Class org.patryk3211.powergrid.electricity.transformer.TransformerBlock cannot be analysed, because getting declared methods crashes with NoClassDefFoundError: net/minecraft/class_437. This is usually caused by modded entities declaring methods that have a return type or parameter type that is annotated with @Environment(value=EnvType.CLIENT). Loading the type is not possible, because it only exists in the CLIENT environment. The recommended fix is to annotate the method with this argument or return type with the same annotation. Lithium handles this error by assuming the class cannot be included in some optimizations.
[02:18:19] [main/WARN]: Lithium Class Analysis Error: Class org.patryk3211.powergrid.electricity.transformer.TransformerBlock cannot be analysed, because getting declared methods crashes with NoClassDefFoundError: net/minecraft/class_437. This is usually caused by modded entities declaring methods that have a return type or parameter type that is annotated with @Environment(value=EnvType.CLIENT). Loading the type is not possible, because it only exists in the CLIENT environment. The recommended fix is to annotate the method with this argument or return type with the same annotation. Lithium handles this error by assuming the class cannot be included in some optimizations.
[02:18:19] [main/WARN]: Lithium Class Analysis Error: Class org.patryk3211.powergrid.electricity.transformer.TransformerBlock cannot be analysed, because getting declared methods crashes with NoClassDefFoundError: net/minecraft/class_437. This is usually caused by modded entities declaring methods that have a return type or parameter type that is annotated with @Environment(value=EnvType.CLIENT). Loading the type is not possible, because it only exists in the CLIENT environment. The recommended fix is to annotate the method with this argument or return type with the same annotation. Lithium handles this error by assuming the class cannot be included in some optimizations.
[02:18:19] [main/WARN]: Lithium Class Analysis Error: Class org.patryk3211.powergrid.electricity.transformer.TransformerBlock cannot be analysed, because getting declared methods crashes with NoClassDefFoundError: net/minecraft/class_437. This is usually caused by modded entities declaring methods that have a return type or parameter type that is annotated with @Environment(value=EnvType.CLIENT). Loading the type is not possible, because it only exists in the CLIENT environment. The recommended fix is to annotate the method with this argument or return type with the same annotation. Lithium handles this error by assuming the class cannot be included in some optimizations.
[02:18:19] [main/WARN]: Lithium Class Analysis Error: Class org.patryk3211.powergrid.electricity.transformer.TransformerBlock cannot be analysed, because getting declared methods crashes with NoClassDefFoundError: net/minecraft/class_437. This is usually caused by modded entities declaring methods that have a return type or parameter type that is annotated with @Environment(value=EnvType.CLIENT). Loading the type is not possible, because it only exists in the CLIENT environment. The recommended fix is to annotate the method with this argument or return type with the same annotation. Lithium handles this error by assuming the class cannot be included in some optimizations.
[02:18:19] [main/WARN]: Lithium Class Analysis Error: Class org.patryk3211.powergrid.electricity.transformer.TransformerBlock cannot be analysed, because getting declared methods crashes with NoClassDefFoundError: net/minecraft/class_437. This is usually caused by modded entities declaring methods that have a return type or parameter type that is annotated with @Environment(value=EnvType.CLIENT). Loading the type is not possible, because it only exists in the CLIENT environment. The recommended fix is to annotate the method with this argument or return type with the same annotation. Lithium handles this error by assuming the class cannot be included in some optimizations.
[02:18:19] [main/WARN]: Lithium Class Analysis Error: Class org.patryk3211.powergrid.electricity.transformer.TransformerBlock cannot be analysed, because getting declared methods crashes with NoClassDefFoundError: net/minecraft/class_437. This is usually caused by modded entities declaring methods that have a return type or parameter type that is annotated with @Environment(value=EnvType.CLIENT). Loading the type is not possible, because it only exists in the CLIENT environment. The recommended fix is to annotate the method with this argument or return type with the same annotation. Lithium handles this error by assuming the class cannot be included in some optimizations.
[02:18:19] [main/WARN]: Lithium Class Analysis Error: Class org.patryk3211.powergrid.electricity.transformer.TransformerBlock cannot be analysed, because getting declared methods crashes with NoClassDefFoundError: net/minecraft/class_437. This is usually caused by modded entities declaring methods that have a return type or parameter type that is annotated with @Environment(value=EnvType.CLIENT). Loading the type is not possible, because it only exists in the CLIENT environment. The recommended fix is to annotate the method with this argument or return type with the same annotation. Lithium handles this error by assuming the class cannot be included in some optimizations.
[02:18:19] [main/WARN]: Lithium Class Analysis Error: Class org.patryk3211.powergrid.electricity.transformer.TransformerBlock cannot be analysed, because getting declared methods crashes with NoClassDefFoundError: net/minecraft/class_437. This is usually caused by modded entities declaring methods that have a return type or parameter type that is annotated with @Environment(value=EnvType.CLIENT). Loading the type is not possible, because it only exists in the CLIENT environment. The recommended fix is to annotate the method with this argument or return type with the same annotation. Lithium handles this error by assuming the class cannot be included in some optimizations.
[02:18:19] [main/WARN]: Lithium Class Analysis Error: Class org.patryk3211.powergrid.electricity.transformer.TransformerBlock cannot be analysed, because getting declared methods crashes with NoClassDefFoundError: net/minecraft/class_437. This is usually caused by modded entities declaring methods that have a return type or parameter type that is annotated with @Environment(value=EnvType.CLIENT). Loading the type is not possible, because it only exists in the CLIENT environment. The recommended fix is to annotate the method with this argument or return type with the same annotation. Lithium handles this error by assuming the class cannot be included in some optimizations.
[02:18:19] [main/WARN]: Lithium Class Analysis Error: Class org.patryk3211.powergrid.electricity.transformer.TransformerBlock cannot be analysed, because getting declared methods crashes with NoClassDefFoundError: net/minecraft/class_437. This is usually caused by modded entities declaring methods that have a return type or parameter type that is annotated with @Environment(value=EnvType.CLIENT). Loading the type is not possible, because it only exists in the CLIENT environment. The recommended fix is to annotate the method with this argument or return type with the same annotation. Lithium handles this error by assuming the class cannot be included in some optimizations.
[02:18:19] [main/WARN]: Lithium Class Analysis Error: Class org.patryk3211.powergrid.electricity.transformer.TransformerBlock cannot be analysed, because getting declared methods crashes with NoClassDefFoundError: net/minecraft/class_437. This is usually caused by modded entities declaring methods that have a return type or parameter type that is annotated with @Environment(value=EnvType.CLIENT). Loading the type is not possible, because it only exists in the CLIENT environment. The recommended fix is to annotate the method with this argument or return type with the same annotation. Lithium handles this error by assuming the class cannot be included in some optimizations.
[02:18:19] [main/WARN]: Lithium Class Analysis Error: Class org.patryk3211.powergrid.electricity.transformer.TransformerBlock cannot be analysed, because getting declared methods crashes with NoClassDefFoundError: net/minecraft/class_437. This is usually caused by modded entities declaring methods that have a return type or parameter type that is annotated with @Environment(value=EnvType.CLIENT). Loading the type is not possible, because it only exists in the CLIENT environment. The recommended fix is to annotate the method with this argument or return type with the same annotation. Lithium handles this error by assuming the class cannot be included in some optimizations.
[02:18:19] [main/WARN]: Lithium Class Analysis Error: Class org.patryk3211.powergrid.electricity.transformer.TransformerBlock cannot be analysed, because getting declared methods crashes with NoClassDefFoundError: net/minecraft/class_437. This is usually caused by modded entities declaring methods that have a return type or parameter type that is annotated with @Environment(value=EnvType.CLIENT). Loading the type is not possible, because it only exists in the CLIENT environment. The recommended fix is to annotate the method with this argument or return type with the same annotation. Lithium handles this error by assuming the class cannot be included in some optimizations.
[02:18:19] [main/WARN]: Lithium Class Analysis Error: Class org.patryk3211.powergrid.electricity.transformer.TransformerBlock cannot be analysed, because getting declared methods crashes with NoClassDefFoundError: net/minecraft/class_437. This is usually caused by modded entities declaring methods that have a return type or parameter type that is annotated with @Environment(value=EnvType.CLIENT). Loading the type is not possible, because it only exists in the CLIENT environment. The recommended fix is to annotate the method with this argument or return type with the same annotation. Lithium handles this error by assuming the class cannot be included in some optimizations.
[02:18:19] [main/WARN]: Lithium Class Analysis Error: Class org.patryk3211.powergrid.electricity.transformer.TransformerBlock cannot be analysed, because getting declared methods crashes with NoClassDefFoundError: net/minecraft/class_437. This is usually caused by modded entities declaring methods that have a return type or parameter type that is annotated with @Environment(value=EnvType.CLIENT). Loading the type is not possible, because it only exists in the CLIENT environment. The recommended fix is to annotate the method with this argument or return type with the same annotation. Lithium handles this error by assuming the class cannot be included in some optimizations.
[02:18:19] [main/WARN]: Lithium Class Analysis Error: Class org.patryk3211.powergrid.electricity.transformer.TransformerBlock cannot be analysed, because getting declared methods crashes with NoClassDefFoundError: net/minecraft/class_437. This is usually caused by modded entities declaring methods that have a return type or parameter type that is annotated with @Environment(value=EnvType.CLIENT). Loading the type is not possible, because it only exists in the CLIENT environment. The recommended fix is to annotate the method with this argument or return type with the same annotation. Lithium handles this error by assuming the class cannot be included in some optimizations.
[02:18:19] [main/WARN]: Lithium Class Analysis Error: Class org.patryk3211.powergrid.electricity.transformer.TransformerBlock cannot be analysed, because getting declared methods crashes with NoClassDefFoundError: net/minecraft/class_437. This is usually caused by modded entities declaring methods that have a return type or parameter type that is annotated with @Environment(value=EnvType.CLIENT). Loading the type is not possible, because it only exists in the CLIENT environment. The recommended fix is to annotate the method with this argument or return type with the same annotation. Lithium handles this error by assuming the class cannot be included in some optimizations.
[02:18:19] [main/WARN]: Lithium Class Analysis Error: Class org.patryk3211.powergrid.electricity.transformer.TransformerBlock cannot be analysed, because getting declared methods crashes with NoClassDefFoundError: net/minecraft/class_437. This is usually caused by modded entities declaring methods that have a return type or parameter type that is annotated with @Environment(value=EnvType.CLIENT). Loading the type is not possible, because it only exists in the CLIENT environment. The recommended fix is to annotate the method with this argument or return type with the same annotation. Lithium handles this error by assuming the class cannot be included in some optimizations.
[02:18:24] [main/WARN]: No specified tag 'forge:storage_blocks/aluminum' doesn't exist!
[02:18:24] [main/WARN]: No specified tag 'forge:storage_blocks/annealed_copper' doesn't exist!
[02:18:24] [main/WARN]: No specified tag 'forge:storage_blocks/beryllium' doesn't exist!
[02:18:24] [main/WARN]: No specified tag 'forge:storage_blocks/charcoal' doesn't exist!
[02:18:24] [main/WARN]: No specified tag 'forge:storage_blocks/cobalt' doesn't exist!
[02:18:24] [main/WARN]: No specified tag 'forge:storage_blocks/constantan' doesn't exist!
[02:18:24] [main/WARN]: No specified tag 'forge:storage_blocks/electrum' doesn't exist!
[02:18:24] [main/WARN]: No specified tag 'forge:storage_blocks/gallium' doesn't exist!
[02:18:24] [main/WARN]: No specified tag 'forge:storage_blocks/iridium' doesn't exist!
[02:18:24] [main/WARN]: No specified tag 'forge:storage_blocks/lead' doesn't exist!
[02:18:24] [main/WARN]: No specified tag 'forge:storage_blocks/lithium' doesn't exist!
[02:18:24] [main/WARN]: No specified tag 'forge:storage_blocks/magnetic_iron' doesn't exist!
[02:18:24] [main/WARN]: No specified tag 'forge:storage_blocks/neodymium' doesn't exist!
[02:18:24] [main/WARN]: No specified tag 'forge:storage_blocks/neutronium' doesn't exist!
[02:18:24] [main/WARN]: No specified tag 'forge:storage_blocks/nickel' doesn't exist!
[02:18:24] [main/WARN]: No specified tag 'forge:storage_blocks/opal' doesn't exist!
[02:18:24] [main/WARN]: No specified tag 'forge:storage_blocks/osmium' doesn't exist!
[02:18:24] [main/WARN]: No specified tag 'forge:storage_blocks/polyethylene' doesn't exist!
[02:18:24] [main/WARN]: No specified tag 'forge:storage_blocks/silver' doesn't exist!
[02:18:24] [main/WARN]: No specified tag 'forge:storage_blocks/tantalum' doesn't exist!
[02:18:24] [main/WARN]: No specified tag 'forge:storage_blocks/tin' doesn't exist!
[02:18:24] [main/WARN]: No specified tag 'forge:storage_blocks/titanium' doesn't exist!
[02:18:24] [main/WARN]: No specified tag 'forge:storage_blocks/uranium' doesn't exist!
[02:18:24] [main/WARN]: No specified tag 'forge:storage_blocks/vanadium' doesn't exist!
[02:18:24] [main/WARN]: No specified tag 'forge:storage_blocks/zinc' doesn't exist!
[02:18:24] [main/WARN]: No specified tag 'forge:storage_blocks/raw_aluminum' doesn't exist!
[02:18:24] [main/WARN]: No specified tag 'forge:storage_blocks/raw_beryllium' doesn't exist!
[02:18:24] [main/WARN]: No specified tag 'forge:storage_blocks/raw_cobalt' doesn't exist!
[02:18:24] [main/WARN]: No specified tag 'forge:storage_blocks/raw_iridium' doesn't exist!
[02:18:24] [main/WARN]: No specified tag 'forge:storage_blocks/raw_lead' doesn't exist!
[02:18:24] [main/WARN]: No specified tag 'forge:storage_blocks/raw_lithium' doesn't exist!
[02:18:24] [main/WARN]: No specified tag 'forge:storage_blocks/raw_magnetite' doesn't exist!
[02:18:24] [main/WARN]: No specified tag 'forge:storage_blocks/raw_neodymium' doesn't exist!
[02:18:24] [main/WARN]: No specified tag 'forge:storage_blocks/raw_nickel' doesn't exist!
[02:18:24] [main/WARN]: No specified tag 'forge:storage_blocks/raw_opal' doesn't exist!
[02:18:24] [main/WARN]: No specified tag 'forge:storage_blocks/raw_osmium' doesn't exist!
[02:18:24] [main/WARN]: No specified tag 'forge:storage_blocks/raw_silver' doesn't exist!
[02:18:24] [main/WARN]: No specified tag 'forge:storage_blocks/raw_tantalite' doesn't exist!
[02:18:24] [main/WARN]: No specified tag 'forge:storage_blocks/raw_tin' doesn't exist!
[02:18:24] [main/WARN]: No specified tag 'forge:storage_blocks/raw_titanium' doesn't exist!
[02:18:24] [main/WARN]: No specified tag 'forge:storage_blocks/raw_uranium' doesn't exist!
[02:18:24] [main/WARN]: No specified tag 'forge:storage_blocks/raw_vanadium' doesn't exist!
[02:18:24] [main/WARN]: No specified tag 'forge:storage_blocks/raw_zinc' doesn't exist!
[02:18:24] [main/WARN]: No specified tag 'minecraft:carpets' doesn't exist!
[02:18:24] [main/WARN]: No specified tag 'hexcasting:slate_blocks' doesn't exist!
[02:18:24] [main/WARN]: No specified tag 'hexcasting:amethyst_blocks' doesn't exist!
[02:18:24] [main/WARN]: No specified tag 'immersive_weathering:leaf_piles' doesn't exist!
[02:18:24] [main/WARN]: No specified tag 'woodworks:leaf_piles' doesn't exist!
[02:18:24] [main/WARN]: No specified tag 'create_vibrant_vaults:item_vaults' doesn't exist!
[02:18:24] [main/WARN]: No specified tag 'create_vibrant_vaults:shipping_containers' doesn't exist!
[02:18:24] [main/WARN]: No specified tag 'natures_spirit:travertine' doesn't exist!
[02:18:24] [main/WARN]: No specified tag 'natures_spirit:travertine_stairs' doesn't exist!
[02:18:24] [main/WARN]: No specified tag 'natures_spirit:travertine_slab' doesn't exist!
[02:18:24] [main/WARN]: No specified tag 'natures_spirit:cobbled_travertine' doesn't exist!
[02:18:24] [main/WARN]: No specified tag 'natures_spirit:cobbled_travertine_stairs' doesn't exist!
[02:18:24] [main/WARN]: No specified tag 'natures_spirit:cobbled_travertine_slab' doesn't exist!
[02:18:24] [main/WARN]: No specified tag 'natures_spirit:mossy_cobbled_travertine' doesn't exist!
[02:18:24] [main/WARN]: No specified tag 'natures_spirit:mossy_cobbled_travertine_stairs' doesn't exist!
[02:18:24] [main/WARN]: No specified tag 'natures_spirit:mossy_cobbled_travertine_slab' doesn't exist!
[02:18:24] [main/WARN]: No specified tag 'natures_spirit:chiseled_travertine' doesn't exist!
[02:18:24] [main/WARN]: No specified tag 'natures_spirit:polished_travertine' doesn't exist!
[02:18:24] [main/WARN]: No specified tag 'natures_spirit:polished_travertine_stairs' doesn't exist!
[02:18:24] [main/WARN]: No specified tag 'natures_spirit:polished_travertine_slab' doesn't exist!
[02:18:24] [main/WARN]: No specified tag 'natures_spirit:polished_travertine_wall' doesn't exist!
[02:18:24] [main/WARN]: No specified tag 'natures_spirit:travertine_bricks' doesn't exist!
[02:18:24] [main/WARN]: No specified tag 'natures_spirit:cracked_travertine_bricks' doesn't exist!
[02:18:24] [main/WARN]: No specified tag 'natures_spirit:travertine_brick_stairs' doesn't exist!
[02:18:24] [main/WARN]: No specified tag 'natures_spirit:travertine_brick_slab' doesn't exist!
[02:18:24] [main/WARN]: No specified tag 'natures_spirit:travertine_brick_wall' doesn't exist!
[02:18:24] [main/WARN]: No specified tag 'natures_spirit:mossy_travertine_bricks' doesn't exist!
[02:18:24] [main/WARN]: No specified tag 'natures_spirit:mossy_travertine_brick_stairs' doesn't exist!
[02:18:24] [main/WARN]: No specified tag 'natures_spirit:mossy_travertine_brick_slab' doesn't exist!
[02:18:24] [main/WARN]: No specified tag 'natures_spirit:mossy_travertine_brick_wall' doesn't exist!
[02:18:24] [main/WARN]: No specified tag 'natures_spirit:travertine_tiles' doesn't exist!
[02:18:24] [main/WARN]: No specified tag 'natures_spirit:cracked_travertine_tiles' doesn't exist!
[02:18:24] [main/WARN]: No specified tag 'natures_spirit:travertine_tile_stairs' doesn't exist!
[02:18:24] [main/WARN]: No specified tag 'natures_spirit:travertine_tile_slab' doesn't exist!
[02:18:24] [main/WARN]: No specified tag 'natures_spirit:travertine_tile_wall' doesn't exist!
[02:18:24] [main/WARN]: No specified tag 'natures_spirit:kaolin' doesn't exist!
[02:18:24] [main/WARN]: No specified tag 'natures_spirit:kaolin_stairs' doesn't exist!
[02:18:24] [main/WARN]: No specified tag 'natures_spirit:kaolin_slabs' doesn't exist!
[02:18:24] [main/WARN]: No specified tag 'natures_spirit:kaolin_bricks' doesn't exist!
[02:18:24] [main/WARN]: No specified tag 'natures_spirit:kaolin_brick_stairs' doesn't exist!
[02:18:24] [main/WARN]: No specified tag 'natures_spirit:kaolin_brick_slabs' doesn't exist!
[02:18:24] [main/WARN]: No specified tag 'natures_spirit:chalk' doesn't exist!
[02:18:24] [main/WARN]: No specified tag 'natures_spirit:chalk_stairs' doesn't exist!
[02:18:24] [main/WARN]: No specified tag 'natures_spirit:chalk_slabs' doesn't exist!
[02:18:24] [main/WARN]: No specified tag 'simplest_compression:compressed_sand' doesn't exist!
[02:18:24] [main/INFO]: Applied 671 biome modifications to 64 of 64 new biomes in 27.01 ms
[02:18:24] [Thread-2/WARN]: Server config reloaded, this can cause unexpected behaviour if done during gameplay!
[02:18:24] [Server thread/INFO]: Enabling Kelvin...
[02:18:24] [Server thread/INFO]: Registering Bounty Board Jigsaw Piece for Village Type: plains
[02:18:24] [Server thread/INFO]: Registering Bounty Board Jigsaw Piece for Village Type: savanna
[02:18:24] [Server thread/INFO]: Registering Bounty Board Jigsaw Piece for Village Type: snowy
[02:18:24] [Server thread/INFO]: Registering Bounty Board Jigsaw Piece for Village Type: taiga
[02:18:24] [Server thread/INFO]: Registering Bounty Board Jigsaw Piece for Village Type: desert
[02:18:24] [Server thread/INFO]: Registering compost heaps in village type of plains
[02:18:24] [Server thread/INFO]: Registering compost heaps in village type of savanna
[02:18:24] [Server thread/INFO]: Registering compost heaps in village type of snowy
[02:18:24] [Server thread/INFO]: Registering compost heaps in village type of taiga
[02:18:24] [Server thread/INFO]: Registering compost heaps in village type of desert
[02:18:24] [Server thread/INFO]: [puffish_skills] Mod configuration loaded successfully!
[02:18:24] [Server thread/INFO]: [STDOUT]: Encoded SpellRegistry size (with package overhead): 133358 bytes (in 14 string chunks with the size of 10000)
[02:18:24] [Server thread/INFO]: Loading XaeroLib common 2/2!
[02:18:24] [Server thread/INFO]: Loading XaeroLib server 2/2!
[02:18:24] [Server thread/INFO]: Starting minecraft server version 1.20.1
[02:18:24] [Server thread/INFO]: Loading properties
[02:18:24] [Server thread/INFO]: Default game type: SURVIVAL
[02:18:24] [Server thread/INFO]: Generating keypair
[02:18:25] [Server thread/INFO]: Starting Minecraft server on *:25565
[02:18:25] [Server thread/INFO]: Using epoll channel type
[02:18:25] [Server thread/WARN]: **** SERVER IS RUNNING IN OFFLINE/INSECURE MODE!
[02:18:25] [Server thread/WARN]: The server will make no attempt to authenticate usernames. Beware.
[02:18:25] [Server thread/WARN]: While this makes the game possible to play without internet access, it also opens up the ability for hackers to connect with any username they choose.
[02:18:25] [Server thread/WARN]: To change this, set "online-mode" to "true" in the server.properties file.
[02:18:25] [Server thread/INFO]: Preparing level "world"
[02:18:25] [Server thread/WARN]: Method overwrite conflict for getLevel in valkyrienskies-fabric.mixins.json:feature.shipyard_entities.MixinPersistentEntitySectionManager from mod valkyrienskies, previously written by org.valkyrienskies.mod.mixin.feature.shipyard_entities.MixinPersistentEntitySectionManager. Skipping method.
[02:18:25] [Server thread/WARN]: Method overwrite conflict for setLevel in valkyrienskies-fabric.mixins.json:feature.shipyard_entities.MixinPersistentEntitySectionManager from mod valkyrienskies, previously written by org.valkyrienskies.mod.mixin.feature.shipyard_entities.MixinPersistentEntitySectionManager. Skipping method.
[02:18:25] [Server thread/INFO]: Loaded config for: betterchunkloading.json
[02:18:29] [Server thread/INFO]: [STDOUT]: KrunchPhysicsAPISharedLibraryLoader loading library KrunchJni
[02:18:30] [Server thread/INFO]: We are not using UDP, falling back to TCP
[02:18:30] [Server thread/INFO]: Preparing start region for dimension minecraft:overworld
[02:18:33] [Worker-Main-3/INFO]: Preparing spawn area: 0%
[02:18:33] [Worker-Main-1/INFO]: Preparing spawn area: 0%
[02:18:33] [Worker-Main-2/INFO]: Preparing spawn area: 0%
[02:18:33] [Worker-Main-3/INFO]: Preparing spawn area: 0%
[02:18:33] [Worker-Main-2/INFO]: Preparing spawn area: 0%
[02:18:33] [Worker-Main-3/INFO]: Preparing spawn area: 0%
[02:18:33] [Worker-Main-1/INFO]: Preparing spawn area: 0%
[02:18:35] [Worker-Main-2/INFO]: Preparing spawn area: 0%
[02:18:35] [Worker-Main-1/INFO]: Preparing spawn area: 0%
[02:18:35] [Worker-Main-3/INFO]: Preparing spawn area: 0%
[02:18:35] [Worker-Main-1/INFO]: Preparing spawn area: 0%
[02:18:35] [Worker-Main-2/INFO]: Preparing spawn area: 0%
[02:18:36] [Worker-Main-2/INFO]: Preparing spawn area: 0%
[02:18:36] [Worker-Main-1/INFO]: Preparing spawn area: 0%
[02:18:37] [Worker-Main-3/INFO]: Preparing spawn area: 0%
[02:18:37] [Worker-Main-2/INFO]: Preparing spawn area: 18%
[02:18:38] [Worker-Main-1/INFO]: Preparing spawn area: 75%
[02:18:38] [Server thread/INFO]: Time elapsed: 8557 ms
[02:18:38] [Server thread/INFO]: Done (13.627s)! For help, type "help"
[02:18:39] [Server thread/INFO]: Starting DragonLib Network Manager (Server) worker thread...
[02:18:39] [DragonLib Network Manager (Server)/INFO]: DragonLib Network Manager (Server) worker thread has been started.
[02:18:39] [Advanced Display Data Manager/INFO]: Advanced Display Data Manager has been started.
[02:18:39] [CRN Train Listener Launcher/INFO]: Train listener has been started.
[02:18:39] [Server thread/INFO]: Encoded Weapon Attribute registry size: 64271 bytes (uncompressed), 2912 bytes (compressed), compression ratio: 95.5% (in 1 string chunks with the size of 10000)
[02:18:39] [Server thread/INFO]: Loading Xaero's Minimap - Stage 2/2 (Server)
[02:18:39] [Server thread/INFO]: Loading Xaero's World Map - Stage 2/2 (Server)
[02:18:50] [Server thread/INFO]: Kirinthor05[/100.97.35.103:56669] logged in with entity id 150 at (-324.417109115392, 63.0, 153.32627775427227)
[02:18:51] [Server thread/INFO]: Loading config from file...
[02:18:51] [Server thread/INFO]: Kirinthor05 joined the game
[02:18:53] [Server thread/INFO]: RecipeTrie of depth 4 with 174 nodes built with 177 variants, 168 ingredients, and 186 recipes
[02:19:58] [Server thread/INFO]: GabitoAGGY[/100.97.118.51:62556] logged in with entity id 586 at (-332.08854103423096, 63.0, 144.1627897134095)
[02:19:58] [Server thread/INFO]: Loading config from file...
[02:19:58] [Server thread/INFO]: GabitoAGGY joined the game
[02:28:42] [Server thread/WARN]: Can't keep up! Is the server overloaded? Running 4291ms or 85 ticks behind
[02:28:45] [Server thread/INFO]: Kirinthor05 has reached the goal [Crushing It]
[02:29:51] [Server thread/INFO]: [Kirinthor05: Set own game mode to Creative Mode]
[02:32:40] [Server thread/INFO]: GabitoAGGY lost connection: Disconnected
[02:32:40] [Server thread/INFO]: GabitoAGGY left the game
[03:11:08] [Server thread/INFO]: Kirinthor05 lost connection: Disconnected
[03:11:08] [Server thread/INFO]: Kirinthor05 left the game
[03:11:14] [Netty Epoll Server IO #6/ERROR]: Exception occurred in netty pipeline
io.netty.channel.unix.Errors$NativeIoException: recvAddress(..) failed: Connection reset by peer
